model,heldout_corpus,selection,method,hyperparameter,threshold,macro_dev_NDCG@10
qwen3,fiqa,oracle_candidate_lambda,query_only_candidate,0.0,,0.5024672647317251
qwen3,fiqa,oracle_candidate_lambda,query_only_candidate,0.05,,0.5038735866546631
qwen3,fiqa,oracle_candidate_lambda,query_only_candidate,0.1,,0.5057138502597809
qwen3,fiqa,oracle_candidate_lambda,query_only_candidate,0.2,,0.506017824014028
qwen3,fiqa,oracle_candidate_lambda,query_only_candidate,0.3,,0.5066681802272797
qwen3,fiqa,oracle_candidate_lambda,query_only_candidate,0.5,,0.5095114409923553
qwen3,fiqa,oracle_candidate_lambda,query_only_candidate,0.75,,0.5152896444002787
qwen3,fiqa,oracle_candidate_lambda,query_only_candidate,1.0,,0.5164253214995066
qwen3,fiqa,learned_gate,gate_q_only,100.0,-inf,0.5020979742209116
qwen3,fiqa,learned_gate,gate_q_only,100.0,-0.17971280217170715,0.5020979742209116
qwen3,fiqa,learned_gate,gate_q_only,100.0,-0.009356639347970486,0.5022980372111002
qwen3,fiqa,learned_gate,gate_q_only,100.0,0.0,0.5028652250766754
qwen3,fiqa,learned_gate,gate_q_only,100.0,0.018025759607553482,0.5038747191429138
qwen3,fiqa,learned_gate,gate_q_only,100.0,0.0492551876232028,0.506496806939443
qwen3,fiqa,learned_gate,gate_q_only,100.0,0.08935301750898364,0.5054009755452474
qwen3,fiqa,learned_gate,gate_q_only,100.0,0.1268439531326294,0.5042776266733805
qwen3,fiqa,learned_gate,gate_q_only,100.0,0.511171817779541,0.5024672647317251
qwen3,fiqa,learned_gate,gate_q_only,100.0,inf,0.5024672647317251
qwen3,fiqa,learned_gate,gate_q_only,1000.0,-inf,0.5020979742209116
qwen3,fiqa,learned_gate,gate_q_only,1000.0,-0.09785802662372589,0.5020979742209116
qwen3,fiqa,learned_gate,gate_q_only,1000.0,-0.0014748284593224525,0.503923237323761
qwen3,fiqa,learned_gate,gate_q_only,1000.0,0.0,0.5037163893381754
qwen3,fiqa,learned_gate,gate_q_only,1000.0,0.02240017056465149,0.5025831560293833
qwen3,fiqa,learned_gate,gate_q_only,1000.0,0.04748870525509119,0.5026943484942118
qwen3,fiqa,learned_gate,gate_q_only,1000.0,0.07452965080738072,0.5040633976459503
qwen3,fiqa,learned_gate,gate_q_only,1000.0,0.09700314886867999,0.5038958688577017
qwen3,fiqa,learned_gate,gate_q_only,1000.0,0.36682918667793274,0.5024672647317251
qwen3,fiqa,learned_gate,gate_q_only,1000.0,inf,0.5024672647317251
qwen3,fiqa,learned_gate,gate_q_only,10000.0,-inf,0.5020979742209116
qwen3,fiqa,learned_gate,gate_q_only,10000.0,-0.019634101539850235,0.5019884804884592
qwen3,fiqa,learned_gate,gate_q_only,10000.0,0.0,0.5019602477550507
qwen3,fiqa,learned_gate,gate_q_only,10000.0,0.01396596897393465,0.5015434920787811
qwen3,fiqa,learned_gate,gate_q_only,10000.0,0.02512476034462452,0.5022202928860983
qwen3,fiqa,learned_gate,gate_q_only,10000.0,0.037595946341753006,0.5044674078623453
qwen3,fiqa,learned_gate,gate_q_only,10000.0,0.053496458381414425,0.502162496248881
qwen3,fiqa,learned_gate,gate_q_only,10000.0,0.06704506166279314,0.5037153760592142
qwen3,fiqa,learned_gate,gate_q_only,10000.0,0.17362232506275177,0.5024672647317251
qwen3,fiqa,learned_gate,gate_q_only,10000.0,inf,0.5024672647317251
qwen3,fiqa,learned_gate,gate_reference_geometry,100.0,-inf,0.5020979742209116
qwen3,fiqa,learned_gate,gate_reference_geometry,100.0,-0.18196335434913635,0.5020979742209116
qwen3,fiqa,learned_gate,gate_reference_geometry,100.0,-0.009257690981030464,0.5013999938964844
qwen3,fiqa,learned_gate,gate_reference_geometry,100.0,0.0,0.501207560300827
qwen3,fiqa,learned_gate,gate_reference_geometry,100.0,0.017001723870635033,0.5040460328261057
qwen3,fiqa,learned_gate,gate_reference_geometry,100.0,0.04819971416145563,0.5059497952461243
qwen3,fiqa,learned_gate,gate_reference_geometry,100.0,0.08734846115112309,0.5060765147209167
qwen3,fiqa,learned_gate,gate_reference_geometry,100.0,0.12261217385530467,0.5037331978480021
qwen3,fiqa,learned_gate,gate_reference_geometry,100.0,0.5202932357788086,0.5024672647317251
qwen3,fiqa,learned_gate,gate_reference_geometry,100.0,inf,0.5024672647317251
qwen3,fiqa,learned_gate,gate_reference_geometry,1000.0,-inf,0.5020979742209116
qwen3,fiqa,learned_gate,gate_reference_geometry,1000.0,-0.0998486578464508,0.5020979742209116
qwen3,fiqa,learned_gate,gate_reference_geometry,1000.0,-0.0012154718860983849,0.5038337608178457
qwen3,fiqa,learned_gate,gate_reference_geometry,1000.0,0.0,0.5042698880036672
qwen3,fiqa,learned_gate,gate_reference_geometry,1000.0,0.021641433238983154,0.502650260925293
qwen3,fiqa,learned_gate,gate_reference_geometry,1000.0,0.04742368310689926,0.5038211445013682
qwen3,fiqa,learned_gate,gate_reference_geometry,1000.0,0.07374733164906504,0.5014981428782145
qwen3,fiqa,learned_gate,gate_reference_geometry,1000.0,0.09742479734122753,0.5039868354797363
qwen3,fiqa,learned_gate,gate_reference_geometry,1000.0,0.3677147626876831,0.5024672647317251
qwen3,fiqa,learned_gate,gate_reference_geometry,1000.0,inf,0.5024672647317251
qwen3,fiqa,learned_gate,gate_reference_geometry,10000.0,-inf,0.5020979742209116
qwen3,fiqa,learned_gate,gate_reference_geometry,10000.0,-0.02158030867576599,0.5019884804884592
qwen3,fiqa,learned_gate,gate_reference_geometry,10000.0,0.0,0.5019602477550507
qwen3,fiqa,learned_gate,gate_reference_geometry,10000.0,0.012805815786123276,0.5043868621190389
qwen3,fiqa,learned_gate,gate_reference_geometry,10000.0,0.024874948896467686,0.5019976993401846
qwen3,fiqa,learned_gate,gate_reference_geometry,10000.0,0.03705200459808111,0.5033332208792368
qwen3,fiqa,learned_gate,gate_reference_geometry,10000.0,0.05423108860850336,0.5022279520829519
qwen3,fiqa,learned_gate,gate_reference_geometry,10000.0,0.0668517742305994,0.5037153760592142
qwen3,fiqa,learned_gate,gate_reference_geometry,10000.0,0.1733451634645462,0.5024672647317251
qwen3,fiqa,learned_gate,gate_reference_geometry,10000.0,inf,0.5024672647317251
qwen3,fiqa,learned_gate,gate_corpus_geometry,100.0,-inf,0.5020979742209116
qwen3,fiqa,learned_gate,gate_corpus_geometry,100.0,-0.17757678031921387,0.5020979742209116
qwen3,fiqa,learned_gate,gate_corpus_geometry,100.0,-0.009120231494307518,0.5024393598238627
qwen3,fiqa,learned_gate,gate_corpus_geometry,100.0,0.0,0.5047032137711843
qwen3,fiqa,learned_gate,gate_corpus_geometry,100.0,0.01694118045270443,0.5042367180188497
qwen3,fiqa,learned_gate,gate_corpus_geometry,100.0,0.04768681060522795,0.5048954486846924
qwen3,fiqa,learned_gate,gate_corpus_geometry,100.0,0.0868818722665311,0.50538898507754
qwen3,fiqa,learned_gate,gate_corpus_geometry,100.0,0.1241791605949401,0.5050504406293234
qwen3,fiqa,learned_gate,gate_corpus_geometry,100.0,0.5190758109092712,0.5024672647317251
qwen3,fiqa,learned_gate,gate_corpus_geometry,100.0,inf,0.5024672647317251
qwen3,fiqa,learned_gate,gate_corpus_geometry,1000.0,-inf,0.5020979742209116
qwen3,fiqa,learned_gate,gate_corpus_geometry,1000.0,-0.0956534668803215,0.5020979742209116
qwen3,fiqa,learned_gate,gate_corpus_geometry,1000.0,-0.001564614474773407,0.5041907330354055
qwen3,fiqa,learned_gate,gate_corpus_geometry,1000.0,0.0,0.504148135582606
qwen3,fiqa,learned_gate,gate_corpus_geometry,1000.0,0.02135474979877472,0.5043246746063232
qwen3,fiqa,learned_gate,gate_corpus_geometry,1000.0,0.04636645037680864,0.5030448238054911
qwen3,fiqa,learned_gate,gate_corpus_geometry,1000.0,0.07311607897281648,0.5014169812202454
qwen3,fiqa,learned_gate,gate_corpus_geometry,1000.0,0.09648761376738546,0.503718505303065
qwen3,fiqa,learned_gate,gate_corpus_geometry,1000.0,0.3695436120033264,0.5024672647317251
qwen3,fiqa,learned_gate,gate_corpus_geometry,1000.0,inf,0.5024672647317251
qwen3,fiqa,learned_gate,gate_corpus_geometry,10000.0,-inf,0.5020979742209116
qwen3,fiqa,learned_gate,gate_corpus_geometry,10000.0,-0.02257998287677765,0.5020979742209116
qwen3,fiqa,learned_gate,gate_corpus_geometry,10000.0,0.0,0.5019791424274445
qwen3,fiqa,learned_gate,gate_corpus_geometry,10000.0,0.012685703113675117,0.5013716220855713
qwen3,fiqa,learned_gate,gate_corpus_geometry,10000.0,0.024694309569895267,0.5043081641197205
qwen3,fiqa,learned_gate,gate_corpus_geometry,10000.0,0.03650458715856075,0.5042974452177683
qwen3,fiqa,learned_gate,gate_corpus_geometry,10000.0,0.05370517373085023,0.502162496248881
qwen3,fiqa,learned_gate,gate_corpus_geometry,10000.0,0.06824721731245516,0.502195805311203
qwen3,fiqa,learned_gate,gate_corpus_geometry,10000.0,0.17463907599449158,0.5024672647317251
qwen3,fiqa,learned_gate,gate_corpus_geometry,10000.0,inf,0.5024672647317251
qwen3,arguana,oracle_candidate_lambda,query_only_candidate,0.0,,0.47898489236831665
qwen3,arguana,oracle_candidate_lambda,query_only_candidate,0.05,,0.4802101751168569
qwen3,arguana,oracle_candidate_lambda,query_only_candidate,0.1,,0.48108504215876263
qwen3,arguana,oracle_candidate_lambda,query_only_candidate,0.2,,0.4826021095116933
qwen3,arguana,oracle_candidate_lambda,query_only_candidate,0.3,,0.4832545419534047
qwen3,arguana,oracle_candidate_lambda,query_only_candidate,0.5,,0.4867119590441386
qwen3,arguana,oracle_candidate_lambda,query_only_candidate,0.75,,0.4949131707350413
qwen3,arguana,oracle_candidate_lambda,query_only_candidate,1.0,,0.49816787242889404
qwen3,arguana,learned_gate,gate_q_only,100.0,-inf,0.48044190804163617
qwen3,arguana,learned_gate,gate_q_only,100.0,-0.19906452298164368,0.48044190804163617
qwen3,arguana,learned_gate,gate_q_only,100.0,-0.0323843564838171,0.4754400650660197
qwen3,arguana,learned_gate,gate_q_only,100.0,0.0,0.4826434353987376
qwen3,arguana,learned_gate,gate_q_only,100.0,0.002634825184941292,0.4824632505575816
qwen3,arguana,learned_gate,gate_q_only,100.0,0.03733392711728811,0.4808482825756073
qwen3,arguana,learned_gate,gate_q_only,100.0,0.07046608626842499,0.48050443331400555
qwen3,arguana,learned_gate,gate_q_only,100.0,0.09280961565673351,0.4803486466407776
qwen3,arguana,learned_gate,gate_q_only,100.0,0.42690345644950867,0.47898489236831665
qwen3,arguana,learned_gate,gate_q_only,100.0,inf,0.47898489236831665
qwen3,arguana,learned_gate,gate_q_only,1000.0,-inf,0.48044190804163617
qwen3,arguana,learned_gate,gate_q_only,1000.0,-0.1456577330827713,0.48044190804163617
qwen3,arguana,learned_gate,gate_q_only,1000.0,-0.026448776945471764,0.47817303737004596
qwen3,arguana,learned_gate,gate_q_only,1000.0,0.0,0.4791013499101003
qwen3,arguana,learned_gate,gate_q_only,1000.0,0.0028818780556321144,0.47898537913958233
qwen3,arguana,learned_gate,gate_q_only,1000.0,0.03130571078509092,0.48210541407267254
qwen3,arguana,learned_gate,gate_q_only,1000.0,0.05798811838030815,0.4796589215596517
qwen3,arguana,learned_gate,gate_q_only,1000.0,0.07486184127628803,0.4802554249763489
qwen3,arguana,learned_gate,gate_q_only,1000.0,0.3268691599369049,0.47898489236831665
qwen3,arguana,learned_gate,gate_q_only,1000.0,inf,0.47898489236831665
qwen3,arguana,learned_gate,gate_q_only,10000.0,-inf,0.48044190804163617
qwen3,arguana,learned_gate,gate_q_only,10000.0,-0.08290410041809082,0.48044190804163617
qwen3,arguana,learned_gate,gate_q_only,10000.0,-0.013145697303116322,0.4812803069750468
qwen3,arguana,learned_gate,gate_q_only,10000.0,0.0,0.48037492235501605
qwen3,arguana,learned_gate,gate_q_only,10000.0,0.004105960950255394,0.47935758034388226
qwen3,arguana,learned_gate,gate_q_only,10000.0,0.02114455308765173,0.47949397563934326
qwen3,arguana,learned_gate,gate_q_only,10000.0,0.038675086572766304,0.48066096504529315
qwen3,arguana,learned_gate,gate_q_only,10000.0,0.049479021690785885,0.48006655772527057
qwen3,arguana,learned_gate,gate_q_only,10000.0,0.2011769860982895,0.47898489236831665
qwen3,arguana,learned_gate,gate_q_only,10000.0,inf,0.47898489236831665
qwen3,arguana,learned_gate,gate_reference_geometry,100.0,-inf,0.48044190804163617
qwen3,arguana,learned_gate,gate_reference_geometry,100.0,-0.21235385537147522,0.48044190804163617
qwen3,arguana,learned_gate,gate_reference_geometry,100.0,-0.03342203609645367,0.47852782408396405
qwen3,arguana,learned_gate,gate_reference_geometry,100.0,0.0,0.47961854934692383
qwen3,arguana,learned_gate,gate_reference_geometry,100.0,0.0027384869754314423,0.47949044903119403
qwen3,arguana,learned_gate,gate_reference_geometry,100.0,0.03615896962583065,0.480956772963206
qwen3,arguana,learned_gate,gate_reference_geometry,100.0,0.06870148330926895,0.4806472957134247
qwen3,arguana,learned_gate,gate_reference_geometry,100.0,0.09221235290169716,0.4812970658143361
qwen3,arguana,learned_gate,gate_reference_geometry,100.0,0.4253331422805786,0.47898489236831665
qwen3,arguana,learned_gate,gate_reference_geometry,100.0,inf,0.47898489236831665
qwen3,arguana,learned_gate,gate_reference_geometry,1000.0,-inf,0.48044190804163617
qwen3,arguana,learned_gate,gate_reference_geometry,1000.0,-0.15334825217723846,0.48044190804163617
qwen3,arguana,learned_gate,gate_reference_geometry,1000.0,-0.026895626448094845,0.47692734003067017
qwen3,arguana,learned_gate,gate_reference_geometry,1000.0,0.0,0.47989057501157123
qwen3,arguana,learned_gate,gate_reference_geometry,1000.0,0.0027606841176748276,0.4800329903761546
qwen3,arguana,learned_gate,gate_reference_geometry,1000.0,0.030507018323987722,0.4793429176012675
qwen3,arguana,learned_gate,gate_reference_geometry,1000.0,0.05729186721146107,0.4797884523868561
qwen3,arguana,learned_gate,gate_reference_geometry,1000.0,0.07348324730992317,0.4799164831638336
qwen3,arguana,learned_gate,gate_reference_geometry,1000.0,0.32481619715690613,0.47898489236831665
qwen3,arguana,learned_gate,gate_reference_geometry,1000.0,inf,0.47898489236831665
qwen3,arguana,learned_gate,gate_reference_geometry,10000.0,-inf,0.48044190804163617
qwen3,arguana,learned_gate,gate_reference_geometry,10000.0,-0.0829387679696083,0.48044190804163617
qwen3,arguana,learned_gate,gate_reference_geometry,10000.0,-0.013769220560789108,0.4817183315753937
qwen3,arguana,learned_gate,gate_reference_geometry,10000.0,0.0,0.4809495409329732
qwen3,arguana,learned_gate,gate_reference_geometry,10000.0,0.003533635288476944,0.4794294536113739
qwen3,arguana,learned_gate,gate_reference_geometry,10000.0,0.020554720889776945,0.478796124458313
qwen3,arguana,learned_gate,gate_reference_geometry,10000.0,0.0378916934132576,0.4805835286776225
qwen3,arguana,learned_gate,gate_reference_geometry,10000.0,0.048768067732453346,0.48010988036791485
qwen3,arguana,learned_gate,gate_reference_geometry,10000.0,0.2037653625011444,0.47898489236831665
qwen3,arguana,learned_gate,gate_reference_geometry,10000.0,inf,0.47898489236831665
qwen3,arguana,learned_gate,gate_corpus_geometry,100.0,-inf,0.48044190804163617
qwen3,arguana,learned_gate,gate_corpus_geometry,100.0,-0.20324474573135376,0.48044190804163617
qwen3,arguana,learned_gate,gate_corpus_geometry,100.0,-0.03226826153695583,0.4765208860238393
qwen3,arguana,learned_gate,gate_corpus_geometry,100.0,0.0,0.4770071009794871
qwen3,arguana,learned_gate,gate_corpus_geometry,100.0,0.0017702383920550346,0.4769877294699351
qwen3,arguana,learned_gate,gate_corpus_geometry,100.0,0.03550088778138161,0.48128973444302875
qwen3,arguana,learned_gate,gate_corpus_geometry,100.0,0.06969505548477173,0.4807848234971364
qwen3,arguana,learned_gate,gate_corpus_geometry,100.0,0.09067267552018166,0.479389746983846
qwen3,arguana,learned_gate,gate_corpus_geometry,100.0,0.427968829870224,0.47898489236831665
qwen3,arguana,learned_gate,gate_corpus_geometry,100.0,inf,0.47898489236831665
qwen3,arguana,learned_gate,gate_corpus_geometry,1000.0,-inf,0.48044190804163617
qwen3,arguana,learned_gate,gate_corpus_geometry,1000.0,-0.1480834186077118,0.48044190804163617
qwen3,arguana,learned_gate,gate_corpus_geometry,1000.0,-0.02637595869600773,0.47826995452245075
qwen3,arguana,learned_gate,gate_corpus_geometry,1000.0,0.0,0.4768270254135132
qwen3,arguana,learned_gate,gate_corpus_geometry,1000.0,0.002098655328154564,0.4794302483399709
qwen3,arguana,learned_gate,gate_corpus_geometry,1000.0,0.030428307130932808,0.4788400928179423
qwen3,arguana,learned_gate,gate_corpus_geometry,1000.0,0.056347910314798355,0.4798623323440552
qwen3,arguana,learned_gate,gate_corpus_geometry,1000.0,0.07238959148526192,0.47939114769299823
qwen3,arguana,learned_gate,gate_corpus_geometry,1000.0,0.33245015144348145,0.47898489236831665
qwen3,arguana,learned_gate,gate_corpus_geometry,1000.0,inf,0.47898489236831665
qwen3,arguana,learned_gate,gate_corpus_geometry,10000.0,-inf,0.48044190804163617
qwen3,arguana,learned_gate,gate_corpus_geometry,10000.0,-0.08399360626935959,0.48044190804163617
qwen3,arguana,learned_gate,gate_corpus_geometry,10000.0,-0.013917609117925167,0.48184152444203693
qwen3,arguana,learned_gate,gate_corpus_geometry,10000.0,0.0,0.4801446596781413
qwen3,arguana,learned_gate,gate_corpus_geometry,10000.0,0.0029933135956525803,0.47885458668073017
qwen3,arguana,learned_gate,gate_corpus_geometry,10000.0,0.020207373425364494,0.47753264506657916
qwen3,arguana,learned_gate,gate_corpus_geometry,10000.0,0.03664683736860752,0.48043973247210187
qwen3,arguana,learned_gate,gate_corpus_geometry,10000.0,0.04658440034836531,0.4800279935201009
qwen3,arguana,learned_gate,gate_corpus_geometry,10000.0,0.20426316559314728,0.47898489236831665
qwen3,arguana,learned_gate,gate_corpus_geometry,10000.0,inf,0.47898489236831665
qwen3,scifact,oracle_candidate_lambda,query_only_candidate,0.0,,0.41978750626246136
qwen3,scifact,oracle_candidate_lambda,query_only_candidate,0.05,,0.4215907057126363
qwen3,scifact,oracle_candidate_lambda,query_only_candidate,0.1,,0.42266319195429486
qwen3,scifact,oracle_candidate_lambda,query_only_candidate,0.2,,0.42465120553970337
qwen3,scifact,oracle_candidate_lambda,query_only_candidate,0.3,,0.4249185224374135
qwen3,scifact,oracle_candidate_lambda,query_only_candidate,0.5,,0.42888472477595013
qwen3,scifact,oracle_candidate_lambda,query_only_candidate,0.75,,0.4338630835215251
qwen3,scifact,oracle_candidate_lambda,query_only_candidate,1.0,,0.43838653961817425
qwen3,scifact,learned_gate,gate_q_only,100.0,-inf,0.422499418258667
qwen3,scifact,learned_gate,gate_q_only,100.0,-0.1483725905418396,0.422499418258667
qwen3,scifact,learned_gate,gate_q_only,100.0,-0.01967085711658001,0.4196932812531789
qwen3,scifact,learned_gate,gate_q_only,100.0,0.0,0.4200168251991272
qwen3,scifact,learned_gate,gate_q_only,100.0,0.0018595559522509575,0.419646292924881
qwen3,scifact,learned_gate,gate_q_only,100.0,0.0240656565874815,0.4195875922838847
qwen3,scifact,learned_gate,gate_q_only,100.0,0.046878273412585277,0.4182681938012441
qwen3,scifact,learned_gate,gate_q_only,100.0,0.06224405206739894,0.41803720593452454
qwen3,scifact,learned_gate,gate_q_only,100.0,0.24304084479808807,0.41978750626246136
qwen3,scifact,learned_gate,gate_q_only,100.0,inf,0.41978750626246136
qwen3,scifact,learned_gate,gate_q_only,1000.0,-inf,0.422499418258667
qwen3,scifact,learned_gate,gate_q_only,1000.0,-0.11952834576368332,0.422499418258667
qwen3,scifact,learned_gate,gate_q_only,1000.0,-0.014865053817629814,0.4203062156836192
qwen3,scifact,learned_gate,gate_q_only,1000.0,0.0,0.41950271526972455
qwen3,scifact,learned_gate,gate_q_only,1000.0,0.0021507185883820057,0.41970433791478473
qwen3,scifact,learned_gate,gate_q_only,1000.0,0.020331474486738443,0.4189697603384654
qwen3,scifact,learned_gate,gate_q_only,1000.0,0.037227903679013276,0.42037830750147503
qwen3,scifact,learned_gate,gate_q_only,1000.0,0.04765017125755535,0.4201999803384145
qwen3,scifact,learned_gate,gate_q_only,1000.0,0.2042434960603714,0.41978750626246136
qwen3,scifact,learned_gate,gate_q_only,1000.0,inf,0.41978750626246136
qwen3,scifact,learned_gate,gate_q_only,10000.0,-inf,0.422499418258667
qwen3,scifact,learned_gate,gate_q_only,10000.0,-0.054373808205127716,0.422499418258667
qwen3,scifact,learned_gate,gate_q_only,10000.0,-0.007262632250785828,0.42245640357335407
qwen3,scifact,learned_gate,gate_q_only,10000.0,0.0,0.4226797918478648
qwen3,scifact,learned_gate,gate_q_only,10000.0,0.003164682537317276,0.4227268099784851
qwen3,scifact,learned_gate,gate_q_only,10000.0,0.014098582090809941,0.41953126589457196
qwen3,scifact,learned_gate,gate_q_only,10000.0,0.024997906386852266,0.419011652469635
qwen3,scifact,learned_gate,gate_q_only,10000.0,0.03186405654996634,0.4194033443927765
qwen3,scifact,learned_gate,gate_q_only,10000.0,0.11909366399049759,0.41978750626246136
qwen3,scifact,learned_gate,gate_q_only,10000.0,inf,0.41978750626246136
qwen3,scifact,learned_gate,gate_reference_geometry,100.0,-inf,0.422499418258667
qwen3,scifact,learned_gate,gate_reference_geometry,100.0,-0.15054082870483398,0.422499418258667
qwen3,scifact,learned_gate,gate_reference_geometry,100.0,-0.02006387524306774,0.4210698703924815
qwen3,scifact,learned_gate,gate_reference_geometry,100.0,0.0,0.4194697439670563
qwen3,scifact,learned_gate,gate_reference_geometry,100.0,0.0018335464410483837,0.4198390046755473
qwen3,scifact,learned_gate,gate_reference_geometry,100.0,0.02371756825596094,0.4200652043024699
qwen3,scifact,learned_gate,gate_reference_geometry,100.0,0.04672045893967152,0.4178859392801921
qwen3,scifact,learned_gate,gate_reference_geometry,100.0,0.06093974001705638,0.4176994264125824
qwen3,scifact,learned_gate,gate_reference_geometry,100.0,0.24689197540283203,0.41978750626246136
qwen3,scifact,learned_gate,gate_reference_geometry,100.0,inf,0.41978750626246136
qwen3,scifact,learned_gate,gate_reference_geometry,1000.0,-inf,0.422499418258667
qwen3,scifact,learned_gate,gate_reference_geometry,1000.0,-0.12091571092605591,0.422499418258667
qwen3,scifact,learned_gate,gate_reference_geometry,1000.0,-0.014995662961155176,0.42061705390612286
qwen3,scifact,learned_gate,gate_reference_geometry,1000.0,0.0,0.4199969371159871
qwen3,scifact,learned_gate,gate_reference_geometry,1000.0,0.0019296263344585896,0.4206123352050781
qwen3,scifact,learned_gate,gate_reference_geometry,1000.0,0.02017749287188053,0.41867732008298236
qwen3,scifact,learned_gate,gate_reference_geometry,1000.0,0.03674186319112778,0.4201972385247548
qwen3,scifact,learned_gate,gate_reference_geometry,1000.0,0.04750779736787075,0.4195816218852997
qwen3,scifact,learned_gate,gate_reference_geometry,1000.0,0.203879252076149,0.41978750626246136
qwen3,scifact,learned_gate,gate_reference_geometry,1000.0,inf,0.41978750626246136
qwen3,scifact,learned_gate,gate_reference_geometry,10000.0,-inf,0.422499418258667
qwen3,scifact,learned_gate,gate_reference_geometry,10000.0,-0.054236993193626404,0.422499418258667
qwen3,scifact,learned_gate,gate_reference_geometry,10000.0,-0.0075727286748588085,0.42294702927271527
qwen3,scifact,learned_gate,gate_reference_geometry,10000.0,0.0,0.42263077696164447
qwen3,scifact,learned_gate,gate_reference_geometry,10000.0,0.0028033764101564884,0.42238274216651917
qwen3,scifact,learned_gate,gate_reference_geometry,10000.0,0.013627294218167663,0.41953015327453613
qwen3,scifact,learned_gate,gate_reference_geometry,10000.0,0.024853307753801346,0.4198918243249257
qwen3,scifact,learned_gate,gate_reference_geometry,10000.0,0.03150833491235971,0.42023446162541706
qwen3,scifact,learned_gate,gate_reference_geometry,10000.0,0.12162977457046509,0.41978750626246136
qwen3,scifact,learned_gate,gate_reference_geometry,10000.0,inf,0.41978750626246136
qwen3,scifact,learned_gate,gate_corpus_geometry,100.0,-inf,0.422499418258667
qwen3,scifact,learned_gate,gate_corpus_geometry,100.0,-0.14759743213653564,0.422499418258667
qwen3,scifact,learned_gate,gate_corpus_geometry,100.0,-0.020373281091451645,0.41986196239789325
qwen3,scifact,learned_gate,gate_corpus_geometry,100.0,0.0,0.4209610124429067
qwen3,scifact,learned_gate,gate_corpus_geometry,100.0,0.0016481038182973862,0.4203758239746094
qwen3,scifact,learned_gate,gate_corpus_geometry,100.0,0.023692917078733444,0.4195779661337535
qwen3,scifact,learned_gate,gate_corpus_geometry,100.0,0.04658291898667813,0.4186881383260091
qwen3,scifact,learned_gate,gate_corpus_geometry,100.0,0.06139432955533265,0.41796207427978516
qwen3,scifact,learned_gate,gate_corpus_geometry,100.0,0.24394170939922333,0.41978750626246136
qwen3,scifact,learned_gate,gate_corpus_geometry,100.0,inf,0.41978750626246136
qwen3,scifact,learned_gate,gate_corpus_geometry,1000.0,-inf,0.422499418258667
qwen3,scifact,learned_gate,gate_corpus_geometry,1000.0,-0.11784306168556213,0.422499418258667
qwen3,scifact,learned_gate,gate_corpus_geometry,1000.0,-0.015437170397490263,0.4204317132631938
qwen3,scifact,learned_gate,gate_corpus_geometry,1000.0,0.0,0.4199119408925374
qwen3,scifact,learned_gate,gate_corpus_geometry,1000.0,0.0018938826397061348,0.41997254888216656
qwen3,scifact,learned_gate,gate_corpus_geometry,1000.0,0.01964374165982008,0.41827144225438434
qwen3,scifact,learned_gate,gate_corpus_geometry,1000.0,0.03639033846557141,0.4191399812698364
qwen3,scifact,learned_gate,gate_corpus_geometry,1000.0,0.0471828682348132,0.4187212586402893
qwen3,scifact,learned_gate,gate_corpus_geometry,1000.0,0.20508813858032227,0.41978750626246136
qwen3,scifact,learned_gate,gate_corpus_geometry,1000.0,inf,0.41978750626246136
qwen3,scifact,learned_gate,gate_corpus_geometry,10000.0,-inf,0.422499418258667
qwen3,scifact,learned_gate,gate_corpus_geometry,10000.0,-0.05212177336215973,0.422499418258667
qwen3,scifact,learned_gate,gate_corpus_geometry,10000.0,-0.008226113859564066,0.4231876830259959
qwen3,scifact,learned_gate,gate_corpus_geometry,10000.0,0.0,0.4223298529783885
qwen3,scifact,learned_gate,gate_corpus_geometry,10000.0,0.002498607151210308,0.4226446549097697
qwen3,scifact,learned_gate,gate_corpus_geometry,10000.0,0.013146934565156698,0.4199075202147166
qwen3,scifact,learned_gate,gate_corpus_geometry,10000.0,0.024320953153073793,0.41897308826446533
qwen3,scifact,learned_gate,gate_corpus_geometry,10000.0,0.03061805646866559,0.41857318083445233
qwen3,scifact,learned_gate,gate_corpus_geometry,10000.0,0.12119489908218384,0.41978750626246136
qwen3,scifact,learned_gate,gate_corpus_geometry,10000.0,inf,0.41978750626246136
qwen3,nfcorpus,oracle_candidate_lambda,query_only_candidate,0.0,,0.532986968755722
qwen3,nfcorpus,oracle_candidate_lambda,query_only_candidate,0.05,,0.5340793033440908
qwen3,nfcorpus,oracle_candidate_lambda,query_only_candidate,0.1,,0.5345668196678162
qwen3,nfcorpus,oracle_candidate_lambda,query_only_candidate,0.2,,0.5355343719323477
qwen3,nfcorpus,oracle_candidate_lambda,query_only_candidate,0.3,,0.5396807690461477
qwen3,nfcorpus,oracle_candidate_lambda,query_only_candidate,0.5,,0.5409268339474996
qwen3,nfcorpus,oracle_candidate_lambda,query_only_candidate,0.75,,0.5473906397819519
qwen3,nfcorpus,oracle_candidate_lambda,query_only_candidate,1.0,,0.5490741431713104
qwen3,nfcorpus,learned_gate,gate_q_only,100.0,-inf,0.532789280017217
qwen3,nfcorpus,learned_gate,gate_q_only,100.0,-0.1756196767091751,0.532789280017217
qwen3,nfcorpus,learned_gate,gate_q_only,100.0,-0.02606254443526268,0.5331593652566274
qwen3,nfcorpus,learned_gate,gate_q_only,100.0,0.0,0.5331277549266815
qwen3,nfcorpus,learned_gate,gate_q_only,100.0,0.004313945770263672,0.5335906445980072
qwen3,nfcorpus,learned_gate,gate_q_only,100.0,0.03287558630108833,0.5306321581204733
qwen3,nfcorpus,learned_gate,gate_q_only,100.0,0.05927266590297221,0.5305818418661753
qwen3,nfcorpus,learned_gate,gate_q_only,100.0,0.07720916122198096,0.5329840282599131
qwen3,nfcorpus,learned_gate,gate_q_only,100.0,0.4316593408584595,0.532986968755722
qwen3,nfcorpus,learned_gate,gate_q_only,100.0,inf,0.532986968755722
qwen3,nfcorpus,learned_gate,gate_q_only,1000.0,-inf,0.532789280017217
qwen3,nfcorpus,learned_gate,gate_q_only,1000.0,-0.12709946930408478,0.532789280017217
qwen3,nfcorpus,learned_gate,gate_q_only,1000.0,-0.02015343587845564,0.5336785117785136
qwen3,nfcorpus,learned_gate,gate_q_only,1000.0,0.0,0.5336018006006876
qwen3,nfcorpus,learned_gate,gate_q_only,1000.0,0.004122171550989151,0.5339601834615072
qwen3,nfcorpus,learned_gate,gate_q_only,1000.0,0.02803142834454775,0.5306152105331421
qwen3,nfcorpus,learned_gate,gate_q_only,1000.0,0.05010137669742107,0.5301770170529684
qwen3,nfcorpus,learned_gate,gate_q_only,1000.0,0.06443754248321054,0.5307837526003519
qwen3,nfcorpus,learned_gate,gate_q_only,1000.0,0.3602387309074402,0.532986968755722
qwen3,nfcorpus,learned_gate,gate_q_only,1000.0,inf,0.532986968755722
qwen3,nfcorpus,learned_gate,gate_q_only,10000.0,-inf,0.532789280017217
qwen3,nfcorpus,learned_gate,gate_q_only,10000.0,-0.08151421695947647,0.532789280017217
qwen3,nfcorpus,learned_gate,gate_q_only,10000.0,-0.011273408308625221,0.5329264501730601
qwen3,nfcorpus,learned_gate,gate_q_only,10000.0,0.0,0.5338461399078369
qwen3,nfcorpus,learned_gate,gate_q_only,10000.0,0.004694368690252304,0.5339698990186056
qwen3,nfcorpus,learned_gate,gate_q_only,10000.0,0.02033311640843749,0.5365445415178934
qwen3,nfcorpus,learned_gate,gate_q_only,10000.0,0.03573585599660874,0.5305945575237274
qwen3,nfcorpus,learned_gate,gate_q_only,10000.0,0.04489793293178081,0.5306264956792196
qwen3,nfcorpus,learned_gate,gate_q_only,10000.0,0.23339179158210754,0.532986968755722
qwen3,nfcorpus,learned_gate,gate_q_only,10000.0,inf,0.532986968755722
qwen3,nfcorpus,learned_gate,gate_reference_geometry,100.0,-inf,0.532789280017217
qwen3,nfcorpus,learned_gate,gate_reference_geometry,100.0,-0.1633729487657547,0.532789280017217
qwen3,nfcorpus,learned_gate,gate_reference_geometry,100.0,-0.02663332410156727,0.5340245266755422
qwen3,nfcorpus,learned_gate,gate_reference_geometry,100.0,0.0,0.5327328046162924
qwen3,nfcorpus,learned_gate,gate_reference_geometry,100.0,0.0036201803013682365,0.5328794717788696
qwen3,nfcorpus,learned_gate,gate_reference_geometry,100.0,0.03287656977772713,0.5303451518217722
qwen3,nfcorpus,learned_gate,gate_reference_geometry,100.0,0.05883406177163123,0.5331935485204061
qwen3,nfcorpus,learned_gate,gate_reference_geometry,100.0,0.07651228010654441,0.533290167649587
qwen3,nfcorpus,learned_gate,gate_reference_geometry,100.0,0.44777435064315796,0.532986968755722
qwen3,nfcorpus,learned_gate,gate_reference_geometry,100.0,inf,0.532986968755722
qwen3,nfcorpus,learned_gate,gate_reference_geometry,1000.0,-inf,0.532789280017217
qwen3,nfcorpus,learned_gate,gate_reference_geometry,1000.0,-0.1287982165813446,0.532789280017217
qwen3,nfcorpus,learned_gate,gate_reference_geometry,1000.0,-0.020745391957461834,0.5336807668209076
qwen3,nfcorpus,learned_gate,gate_reference_geometry,1000.0,0.0,0.5337886611620585
qwen3,nfcorpus,learned_gate,gate_reference_geometry,1000.0,0.0042130183428525925,0.5367801686127981
qwen3,nfcorpus,learned_gate,gate_reference_geometry,1000.0,0.027645491994917393,0.5303125778834025
qwen3,nfcorpus,learned_gate,gate_reference_geometry,1000.0,0.04911511428654194,0.5301842788855234
qwen3,nfcorpus,learned_gate,gate_reference_geometry,1000.0,0.0630541138350963,0.530844489733378
qwen3,nfcorpus,learned_gate,gate_reference_geometry,1000.0,0.3745712339878082,0.532986968755722
qwen3,nfcorpus,learned_gate,gate_reference_geometry,1000.0,inf,0.532986968755722
qwen3,nfcorpus,learned_gate,gate_reference_geometry,10000.0,-inf,0.532789280017217
qwen3,nfcorpus,learned_gate,gate_reference_geometry,10000.0,-0.08361373096704483,0.532789280017217
qwen3,nfcorpus,learned_gate,gate_reference_geometry,10000.0,-0.011684389784932137,0.5331717034180959
qwen3,nfcorpus,learned_gate,gate_reference_geometry,10000.0,0.0,0.5340189039707184
qwen3,nfcorpus,learned_gate,gate_reference_geometry,10000.0,0.004306463524699211,0.533963809410731
qwen3,nfcorpus,learned_gate,gate_reference_geometry,10000.0,0.019615957979112864,0.536602795124054
qwen3,nfcorpus,learned_gate,gate_reference_geometry,10000.0,0.03483011350035667,0.5303866664568583
qwen3,nfcorpus,learned_gate,gate_reference_geometry,10000.0,0.043829144537448864,0.5302326579888662
qwen3,nfcorpus,learned_gate,gate_reference_geometry,10000.0,0.2433738112449646,0.532986968755722
qwen3,nfcorpus,learned_gate,gate_reference_geometry,10000.0,inf,0.532986968755722
qwen3,nfcorpus,learned_gate,gate_corpus_geometry,100.0,-inf,0.532789280017217
qwen3,nfcorpus,learned_gate,gate_corpus_geometry,100.0,-0.1700133979320526,0.532789280017217
qwen3,nfcorpus,learned_gate,gate_corpus_geometry,100.0,-0.025672761723399162,0.5302095313866934
qwen3,nfcorpus,learned_gate,gate_corpus_geometry,100.0,0.0,0.5329885979493459
qwen3,nfcorpus,learned_gate,gate_corpus_geometry,100.0,0.003729894757270813,0.5329065422217051
qwen3,nfcorpus,learned_gate,gate_corpus_geometry,100.0,0.03322586137801409,0.5307755271593729
qwen3,nfcorpus,learned_gate,gate_corpus_geometry,100.0,0.05855323821306227,0.5310686727364858
qwen3,nfcorpus,learned_gate,gate_corpus_geometry,100.0,0.07655730284750455,0.5330617825190226
qwen3,nfcorpus,learned_gate,gate_corpus_geometry,100.0,0.4331905245780945,0.532986968755722
qwen3,nfcorpus,learned_gate,gate_corpus_geometry,100.0,inf,0.532986968755722
qwen3,nfcorpus,learned_gate,gate_corpus_geometry,1000.0,-inf,0.532789280017217
qwen3,nfcorpus,learned_gate,gate_corpus_geometry,1000.0,-0.1251007318496704,0.5325518151124319
qwen3,nfcorpus,learned_gate,gate_corpus_geometry,1000.0,-0.021515115164220333,0.5335555871327718
qwen3,nfcorpus,learned_gate,gate_corpus_geometry,1000.0,0.0,0.5334888398647308
qwen3,nfcorpus,learned_gate,gate_corpus_geometry,1000.0,0.004033233039081097,0.531317412853241
qwen3,nfcorpus,learned_gate,gate_corpus_geometry,1000.0,0.027448288165032864,0.530778725941976
qwen3,nfcorpus,learned_gate,gate_corpus_geometry,1000.0,0.04906506948173044,0.5306517978509268
qwen3,nfcorpus,learned_gate,gate_corpus_geometry,1000.0,0.06353755146265026,0.5307887693246206
qwen3,nfcorpus,learned_gate,gate_corpus_geometry,1000.0,0.3613591194152832,0.532986968755722
qwen3,nfcorpus,learned_gate,gate_corpus_geometry,1000.0,inf,0.532986968755722
qwen3,nfcorpus,learned_gate,gate_corpus_geometry,10000.0,-inf,0.532789280017217
qwen3,nfcorpus,learned_gate,gate_corpus_geometry,10000.0,-0.08135894685983658,0.532789280017217
qwen3,nfcorpus,learned_gate,gate_corpus_geometry,10000.0,-0.011605472303926945,0.533438374598821
qwen3,nfcorpus,learned_gate,gate_corpus_geometry,10000.0,0.0,0.5336373945077261
qwen3,nfcorpus,learned_gate,gate_corpus_geometry,10000.0,0.004247200675308704,0.5338546435038248
qwen3,nfcorpus,learned_gate,gate_corpus_geometry,10000.0,0.019529903307557106,0.5367795526981354
qwen3,nfcorpus,learned_gate,gate_corpus_geometry,10000.0,0.034644446894526476,0.530913899342219
qwen3,nfcorpus,learned_gate,gate_corpus_geometry,10000.0,0.04357131589204072,0.5304064055283865
qwen3,nfcorpus,learned_gate,gate_corpus_geometry,10000.0,0.23561474680900574,0.532986968755722
qwen3,nfcorpus,learned_gate,gate_corpus_geometry,10000.0,inf,0.532986968755722
bge-m3,fiqa,oracle_candidate_lambda,query_only_candidate,0.0,,0.4398079713185628
bge-m3,fiqa,oracle_candidate_lambda,query_only_candidate,0.05,,0.4410754243532817
bge-m3,fiqa,oracle_candidate_lambda,query_only_candidate,0.1,,0.4445466796557109
bge-m3,fiqa,oracle_candidate_lambda,query_only_candidate,0.2,,0.448017676671346
bge-m3,fiqa,oracle_candidate_lambda,query_only_candidate,0.3,,0.45024051268895465
bge-m3,fiqa,oracle_candidate_lambda,query_only_candidate,0.5,,0.45764246582984924
bge-m3,fiqa,oracle_candidate_lambda,query_only_candidate,0.75,,0.4646751781304677
bge-m3,fiqa,oracle_candidate_lambda,query_only_candidate,1.0,,0.47258132696151733
bge-m3,fiqa,learned_gate,gate_q_only,100.0,-inf,0.4564752479394277
bge-m3,fiqa,learned_gate,gate_q_only,100.0,-0.3560437858104706,0.4564752479394277
bge-m3,fiqa,learned_gate,gate_q_only,100.0,-0.0006942143663764,0.4557907481988271
bge-m3,fiqa,learned_gate,gate_q_only,100.0,0.0,0.4557907481988271
bge-m3,fiqa,learned_gate,gate_q_only,100.0,0.042994508519768715,0.4537782470385234
bge-m3,fiqa,learned_gate,gate_q_only,100.0,0.09036755375564098,0.4490819275379181
bge-m3,fiqa,learned_gate,gate_q_only,100.0,0.15104206502437595,0.45001935958862305
bge-m3,fiqa,learned_gate,gate_q_only,100.0,0.19315283149480816,0.4472278157869975
bge-m3,fiqa,learned_gate,gate_q_only,100.0,0.6031212210655212,0.4398079713185628
bge-m3,fiqa,learned_gate,gate_q_only,100.0,inf,0.4398079713185628
bge-m3,fiqa,learned_gate,gate_q_only,1000.0,-inf,0.4564752479394277
bge-m3,fiqa,learned_gate,gate_q_only,1000.0,-0.2726156413555145,0.4564752479394277
bge-m3,fiqa,learned_gate,gate_q_only,1000.0,0.0,0.45533086856206256
bge-m3,fiqa,learned_gate,gate_q_only,1000.0,0.01686042733490467,0.4568480650583903
bge-m3,fiqa,learned_gate,gate_q_only,1000.0,0.050256816670298576,0.45567943652470905
bge-m3,fiqa,learned_gate,gate_q_only,1000.0,0.08472740277647972,0.4509238600730896
bge-m3,fiqa,learned_gate,gate_q_only,1000.0,0.1213761523365975,0.4497722387313843
bge-m3,fiqa,learned_gate,gate_q_only,1000.0,0.15322376117110253,0.4422723352909088
bge-m3,fiqa,learned_gate,gate_q_only,1000.0,0.3631022274494171,0.4398079713185628
bge-m3,fiqa,learned_gate,gate_q_only,1000.0,inf,0.4398079713185628
bge-m3,fiqa,learned_gate,gate_q_only,10000.0,-inf,0.4564752479394277
bge-m3,fiqa,learned_gate,gate_q_only,10000.0,-0.10269038379192352,0.4564752479394277
bge-m3,fiqa,learned_gate,gate_q_only,10000.0,0.0,0.4604754646619161
bge-m3,fiqa,learned_gate,gate_q_only,10000.0,0.03758662007749081,0.4564639925956726
bge-m3,fiqa,learned_gate,gate_q_only,10000.0,0.055805353447794914,0.4504435857137044
bge-m3,fiqa,learned_gate,gate_q_only,10000.0,0.07042339816689491,0.45196040471394855
bge-m3,fiqa,learned_gate,gate_q_only,10000.0,0.08494768738746643,0.45118876298268634
bge-m3,fiqa,learned_gate,gate_q_only,10000.0,0.10033098869025707,0.4424067835013072
bge-m3,fiqa,learned_gate,gate_q_only,10000.0,0.19287140667438507,0.4398079713185628
bge-m3,fiqa,learned_gate,gate_q_only,10000.0,inf,0.4398079713185628
bge-m3,fiqa,learned_gate,gate_reference_geometry,100.0,-inf,0.4564752479394277
bge-m3,fiqa,learned_gate,gate_reference_geometry,100.0,-0.36257848143577576,0.4562406937281291
bge-m3,fiqa,learned_gate,gate_reference_geometry,100.0,-0.0006546322256326675,0.4549596607685089
bge-m3,fiqa,learned_gate,gate_reference_geometry,100.0,0.0,0.4549596607685089
bge-m3,fiqa,learned_gate,gate_reference_geometry,100.0,0.042802222073078156,0.4533926049868266
bge-m3,fiqa,learned_gate,gate_reference_geometry,100.0,0.09073290042579174,0.4485312302907308
bge-m3,fiqa,learned_gate,gate_reference_geometry,100.0,0.14861795008182527,0.45001935958862305
bge-m3,fiqa,learned_gate,gate_reference_geometry,100.0,0.19413863122463226,0.44507121046384174
bge-m3,fiqa,learned_gate,gate_reference_geometry,100.0,0.6190942525863647,0.4398079713185628
bge-m3,fiqa,learned_gate,gate_reference_geometry,100.0,inf,0.4398079713185628
bge-m3,fiqa,learned_gate,gate_reference_geometry,1000.0,-inf,0.4564752479394277
bge-m3,fiqa,learned_gate,gate_reference_geometry,1000.0,-0.27632156014442444,0.4564752479394277
bge-m3,fiqa,learned_gate,gate_reference_geometry,1000.0,0.0,0.45533086856206256
bge-m3,fiqa,learned_gate,gate_reference_geometry,1000.0,0.014945709146559238,0.4552077353000641
bge-m3,fiqa,learned_gate,gate_reference_geometry,1000.0,0.050064513459801674,0.45470956961313885
bge-m3,fiqa,learned_gate,gate_reference_geometry,1000.0,0.0856535006314516,0.4509238600730896
bge-m3,fiqa,learned_gate,gate_reference_geometry,1000.0,0.12055327221751215,0.44516117374102276
bge-m3,fiqa,learned_gate,gate_reference_geometry,1000.0,0.1553553447127342,0.4422723352909088
bge-m3,fiqa,learned_gate,gate_reference_geometry,1000.0,0.36343830823898315,0.4398079713185628
bge-m3,fiqa,learned_gate,gate_reference_geometry,1000.0,inf,0.4398079713185628
bge-m3,fiqa,learned_gate,gate_reference_geometry,10000.0,-inf,0.4564752479394277
bge-m3,fiqa,learned_gate,gate_reference_geometry,10000.0,-0.10607756674289703,0.4564752479394277
bge-m3,fiqa,learned_gate,gate_reference_geometry,10000.0,0.0,0.4604754646619161
bge-m3,fiqa,learned_gate,gate_reference_geometry,10000.0,0.03695600852370262,0.4586640000343323
bge-m3,fiqa,learned_gate,gate_reference_geometry,10000.0,0.055560821667313576,0.4522274235884349
bge-m3,fiqa,learned_gate,gate_reference_geometry,10000.0,0.0702773705124855,0.45171187321345013
bge-m3,fiqa,learned_gate,gate_reference_geometry,10000.0,0.08561659157276154,0.45021889607111615
bge-m3,fiqa,learned_gate,gate_reference_geometry,10000.0,0.10031275153160091,0.4424067835013072
bge-m3,fiqa,learned_gate,gate_reference_geometry,10000.0,0.19556179642677307,0.4398079713185628
bge-m3,fiqa,learned_gate,gate_reference_geometry,10000.0,inf,0.4398079713185628
bge-m3,fiqa,learned_gate,gate_corpus_geometry,100.0,-inf,0.4564752479394277
bge-m3,fiqa,learned_gate,gate_corpus_geometry,100.0,-0.35765671730041504,0.4562406937281291
bge-m3,fiqa,learned_gate,gate_corpus_geometry,100.0,-0.0016912007704377174,0.4541550874710083
bge-m3,fiqa,learned_gate,gate_corpus_geometry,100.0,0.0,0.4541550874710083
bge-m3,fiqa,learned_gate,gate_corpus_geometry,100.0,0.04391836188733578,0.45334647099177044
bge-m3,fiqa,learned_gate,gate_corpus_geometry,100.0,0.08923580683767796,0.44910473624865216
bge-m3,fiqa,learned_gate,gate_corpus_geometry,100.0,0.14898873269557958,0.4487692713737488
bge-m3,fiqa,learned_gate,gate_corpus_geometry,100.0,0.18985970020294185,0.44936905304590863
bge-m3,fiqa,learned_gate,gate_corpus_geometry,100.0,0.6084005832672119,0.4398079713185628
bge-m3,fiqa,learned_gate,gate_corpus_geometry,100.0,inf,0.4398079713185628
bge-m3,fiqa,learned_gate,gate_corpus_geometry,1000.0,-inf,0.4564752479394277
bge-m3,fiqa,learned_gate,gate_corpus_geometry,1000.0,-0.2729741036891937,0.4564752479394277
bge-m3,fiqa,learned_gate,gate_corpus_geometry,1000.0,0.0,0.4577380220095317
bge-m3,fiqa,learned_gate,gate_corpus_geometry,1000.0,0.014457951299846172,0.4576785167058309
bge-m3,fiqa,learned_gate,gate_corpus_geometry,1000.0,0.04990079440176487,0.4555766781171163
bge-m3,fiqa,learned_gate,gate_corpus_geometry,1000.0,0.08539390005171299,0.4518937071164449
bge-m3,fiqa,learned_gate,gate_corpus_geometry,1000.0,0.11950722783803944,0.44970300793647766
bge-m3,fiqa,learned_gate,gate_corpus_geometry,1000.0,0.15328766033053398,0.4422723352909088
bge-m3,fiqa,learned_gate,gate_corpus_geometry,1000.0,0.36086103320121765,0.4398079713185628
bge-m3,fiqa,learned_gate,gate_corpus_geometry,1000.0,inf,0.4398079713185628
bge-m3,fiqa,learned_gate,gate_corpus_geometry,10000.0,-inf,0.4564752479394277
bge-m3,fiqa,learned_gate,gate_corpus_geometry,10000.0,-0.10327383875846863,0.4564752479394277
bge-m3,fiqa,learned_gate,gate_corpus_geometry,10000.0,0.0,0.45992815494537354
bge-m3,fiqa,learned_gate,gate_corpus_geometry,10000.0,0.03604850172996521,0.4580264488855998
bge-m3,fiqa,learned_gate,gate_corpus_geometry,10000.0,0.05438592843711376,0.4549022813638051
bge-m3,fiqa,learned_gate,gate_corpus_geometry,10000.0,0.06943934597074986,0.45224817593892414
bge-m3,fiqa,learned_gate,gate_corpus_geometry,10000.0,0.08533062115311624,0.45121156175931293
bge-m3,fiqa,learned_gate,gate_corpus_geometry,10000.0,0.10232501365244388,0.4453833997249603
bge-m3,fiqa,learned_gate,gate_corpus_geometry,10000.0,0.19148986041545868,0.4398079713185628
bge-m3,fiqa,learned_gate,gate_corpus_geometry,10000.0,inf,0.4398079713185628
bge-m3,arguana,oracle_candidate_lambda,query_only_candidate,0.0,,0.44823193550109863
bge-m3,arguana,oracle_candidate_lambda,query_only_candidate,0.05,,0.45241497953732807
bge-m3,arguana,oracle_candidate_lambda,query_only_candidate,0.1,,0.45359358191490173
bge-m3,arguana,oracle_candidate_lambda,query_only_candidate,0.2,,0.4570300579071045
bge-m3,arguana,oracle_candidate_lambda,query_only_candidate,0.3,,0.46067409714063007
bge-m3,arguana,oracle_candidate_lambda,query_only_candidate,0.5,,0.4696274399757385
bge-m3,arguana,oracle_candidate_lambda,query_only_candidate,0.75,,0.47360562284787494
bge-m3,arguana,oracle_candidate_lambda,query_only_candidate,1.0,,0.47716455658276874
bge-m3,arguana,learned_gate,gate_q_only,100.0,-inf,0.4525362253189087
bge-m3,arguana,learned_gate,gate_q_only,100.0,-0.4363580346107483,0.4525362253189087
bge-m3,arguana,learned_gate,gate_q_only,100.0,-0.06320025026798248,0.45257704456647235
bge-m3,arguana,learned_gate,gate_q_only,100.0,-0.015456976369023323,0.4506223201751709
bge-m3,arguana,learned_gate,gate_q_only,100.0,0.0,0.45058542490005493
bge-m3,arguana,learned_gate,gate_q_only,100.0,0.03015253320336342,0.4501417577266693
bge-m3,arguana,learned_gate,gate_q_only,100.0,0.07661063969135284,0.4536339243253072
bge-m3,arguana,learned_gate,gate_q_only,100.0,0.10908255912363529,0.44900189836819965
bge-m3,arguana,learned_gate,gate_q_only,100.0,0.5106721520423889,0.44823193550109863
bge-m3,arguana,learned_gate,gate_q_only,100.0,inf,0.44823193550109863
bge-m3,arguana,learned_gate,gate_q_only,1000.0,-inf,0.4525362253189087
bge-m3,arguana,learned_gate,gate_q_only,1000.0,-0.3620010018348694,0.4525362253189087
bge-m3,arguana,learned_gate,gate_q_only,1000.0,-0.05619864538311958,0.45369505882263184
bge-m3,arguana,learned_gate,gate_q_only,1000.0,-0.015700051560997963,0.4484300911426544
bge-m3,arguana,learned_gate,gate_q_only,1000.0,0.0,0.44914201895395917
bge-m3,arguana,learned_gate,gate_q_only,1000.0,0.023994765244424343,0.4509214560190837
bge-m3,arguana,learned_gate,gate_q_only,1000.0,0.0653480663895607,0.4500891963640849
bge-m3,arguana,learned_gate,gate_q_only,1000.0,0.09144114516675472,0.4514950215816498
bge-m3,arguana,learned_gate,gate_q_only,1000.0,0.3977586328983307,0.44823193550109863
bge-m3,arguana,learned_gate,gate_q_only,1000.0,inf,0.44823193550109863
bge-m3,arguana,learned_gate,gate_q_only,10000.0,-inf,0.4525362253189087
bge-m3,arguana,learned_gate,gate_q_only,10000.0,-0.2084360271692276,0.4525362253189087
bge-m3,arguana,learned_gate,gate_q_only,10000.0,-0.04033355042338371,0.4547477563222249
bge-m3,arguana,learned_gate,gate_q_only,10000.0,-0.01403617113828659,0.45630759994188946
bge-m3,arguana,learned_gate,gate_q_only,10000.0,0.0,0.45671146114667255
bge-m3,arguana,learned_gate,gate_q_only,10000.0,0.012424975167959929,0.4566933214664459
bge-m3,arguana,learned_gate,gate_q_only,10000.0,0.03886723145842552,0.45221245288848877
bge-m3,arguana,learned_gate,gate_q_only,10000.0,0.05809406749904156,0.4520571529865265
bge-m3,arguana,learned_gate,gate_q_only,10000.0,0.27883225679397583,0.44823193550109863
bge-m3,arguana,learned_gate,gate_q_only,10000.0,inf,0.44823193550109863
bge-m3,arguana,learned_gate,gate_reference_geometry,100.0,-inf,0.4525362253189087
bge-m3,arguana,learned_gate,gate_reference_geometry,100.0,-0.4423530697822571,0.4525362253189087
bge-m3,arguana,learned_gate,gate_reference_geometry,100.0,-0.06347274594008923,0.4523637890815735
bge-m3,arguana,learned_gate,gate_reference_geometry,100.0,-0.015816686674952507,0.45407840609550476
bge-m3,arguana,learned_gate,gate_reference_geometry,100.0,0.0,0.4551087021827698
bge-m3,arguana,learned_gate,gate_reference_geometry,100.0,0.02882684115320444,0.4524020552635193
bge-m3,arguana,learned_gate,gate_reference_geometry,100.0,0.075006153434515,0.45222540696461994
bge-m3,arguana,learned_gate,gate_reference_geometry,100.0,0.10366975702345371,0.4511801401774089
bge-m3,arguana,learned_gate,gate_reference_geometry,100.0,0.5110157132148743,0.44823193550109863
bge-m3,arguana,learned_gate,gate_reference_geometry,100.0,inf,0.44823193550109863
bge-m3,arguana,learned_gate,gate_reference_geometry,1000.0,-inf,0.4525362253189087
bge-m3,arguana,learned_gate,gate_reference_geometry,1000.0,-0.3677309453487396,0.4525362253189087
bge-m3,arguana,learned_gate,gate_reference_geometry,1000.0,-0.055812159553170204,0.4540930390357971
bge-m3,arguana,learned_gate,gate_reference_geometry,1000.0,-0.016072647646069527,0.4545431435108185
bge-m3,arguana,learned_gate,gate_reference_geometry,1000.0,0.0,0.45370253920555115
bge-m3,arguana,learned_gate,gate_reference_geometry,1000.0,0.02383480779826641,0.45382312933603924
bge-m3,arguana,learned_gate,gate_reference_geometry,1000.0,0.06365585699677467,0.4481009642283122
bge-m3,arguana,learned_gate,gate_reference_geometry,1000.0,0.08860928937792778,0.45094192028045654
bge-m3,arguana,learned_gate,gate_reference_geometry,1000.0,0.41087642312049866,0.44823193550109863
bge-m3,arguana,learned_gate,gate_reference_geometry,1000.0,inf,0.44823193550109863
bge-m3,arguana,learned_gate,gate_reference_geometry,10000.0,-inf,0.4525362253189087
bge-m3,arguana,learned_gate,gate_reference_geometry,10000.0,-0.21483837068080902,0.4525362253189087
bge-m3,arguana,learned_gate,gate_reference_geometry,10000.0,-0.04052024334669113,0.4548359215259552
bge-m3,arguana,learned_gate,gate_reference_geometry,10000.0,-0.014887882396578789,0.45839235186576843
bge-m3,arguana,learned_gate,gate_reference_geometry,10000.0,0.0,0.4582926134268443
bge-m3,arguana,learned_gate,gate_reference_geometry,10000.0,0.012330954894423485,0.4569949110349019
bge-m3,arguana,learned_gate,gate_reference_geometry,10000.0,0.03935334272682667,0.45216624935468036
bge-m3,arguana,learned_gate,gate_reference_geometry,10000.0,0.05880102701485157,0.4519282877445221
bge-m3,arguana,learned_gate,gate_reference_geometry,10000.0,0.29250770807266235,0.44823193550109863
bge-m3,arguana,learned_gate,gate_reference_geometry,10000.0,inf,0.44823193550109863
bge-m3,arguana,learned_gate,gate_corpus_geometry,100.0,-inf,0.4525362253189087
bge-m3,arguana,learned_gate,gate_corpus_geometry,100.0,-0.44373881816864014,0.4525362253189087
bge-m3,arguana,learned_gate,gate_corpus_geometry,100.0,-0.06350978091359138,0.4517183502515157
bge-m3,arguana,learned_gate,gate_corpus_geometry,100.0,-0.015537094324827194,0.4500003357728322
bge-m3,arguana,learned_gate,gate_corpus_geometry,100.0,0.0,0.44906019171079
bge-m3,arguana,learned_gate,gate_corpus_geometry,100.0,0.02938612550497055,0.45124246676762897
bge-m3,arguana,learned_gate,gate_corpus_geometry,100.0,0.0758340023458004,0.4533081154028575
bge-m3,arguana,learned_gate,gate_corpus_geometry,100.0,0.10852168500423431,0.45363642772038776
bge-m3,arguana,learned_gate,gate_corpus_geometry,100.0,0.5090442895889282,0.44823193550109863
bge-m3,arguana,learned_gate,gate_corpus_geometry,100.0,inf,0.44823193550109863
bge-m3,arguana,learned_gate,gate_corpus_geometry,1000.0,-inf,0.4525362253189087
bge-m3,arguana,learned_gate,gate_corpus_geometry,1000.0,-0.3682810962200165,0.4525362253189087
bge-m3,arguana,learned_gate,gate_corpus_geometry,1000.0,-0.05585382133722305,0.45429206887880963
bge-m3,arguana,learned_gate,gate_corpus_geometry,1000.0,-0.015977252274751663,0.448049654563268
bge-m3,arguana,learned_gate,gate_corpus_geometry,1000.0,0.0,0.44920967022577923
bge-m3,arguana,learned_gate,gate_corpus_geometry,1000.0,0.02423806069418788,0.45121412475903827
bge-m3,arguana,learned_gate,gate_corpus_geometry,1000.0,0.06376153603196144,0.45493728915850323
bge-m3,arguana,learned_gate,gate_corpus_geometry,1000.0,0.09077235497534275,0.4507179359594981
bge-m3,arguana,learned_gate,gate_corpus_geometry,1000.0,0.4035698473453522,0.44823193550109863
bge-m3,arguana,learned_gate,gate_corpus_geometry,1000.0,inf,0.44823193550109863
bge-m3,arguana,learned_gate,gate_corpus_geometry,10000.0,-inf,0.4525362253189087
bge-m3,arguana,learned_gate,gate_corpus_geometry,10000.0,-0.21034859120845795,0.4525362253189087
bge-m3,arguana,learned_gate,gate_corpus_geometry,10000.0,-0.04112343303859234,0.45462727546691895
bge-m3,arguana,learned_gate,gate_corpus_geometry,10000.0,-0.015404952690005302,0.4563368856906891
bge-m3,arguana,learned_gate,gate_corpus_geometry,10000.0,0.0,0.45446886618932086
bge-m3,arguana,learned_gate,gate_corpus_geometry,10000.0,0.01097686099819839,0.4567103385925293
bge-m3,arguana,learned_gate,gate_corpus_geometry,10000.0,0.03759027644991875,0.4521203835805257
bge-m3,arguana,learned_gate,gate_corpus_geometry,10000.0,0.0569041958078742,0.4521702031294505
bge-m3,arguana,learned_gate,gate_corpus_geometry,10000.0,0.28132492303848267,0.44823193550109863
bge-m3,arguana,learned_gate,gate_corpus_geometry,10000.0,inf,0.44823193550109863
bge-m3,scifact,oracle_candidate_lambda,query_only_candidate,0.0,,0.3816705544789632
bge-m3,scifact,oracle_candidate_lambda,query_only_candidate,0.05,,0.38394978642463684
bge-m3,scifact,oracle_candidate_lambda,query_only_candidate,0.1,,0.3863983949025472
bge-m3,scifact,oracle_candidate_lambda,query_only_candidate,0.2,,0.39052143692970276
bge-m3,scifact,oracle_candidate_lambda,query_only_candidate,0.3,,0.39453713099161786
bge-m3,scifact,oracle_candidate_lambda,query_only_candidate,0.5,,0.3984937369823456
bge-m3,scifact,oracle_candidate_lambda,query_only_candidate,0.75,,0.40385082364082336
bge-m3,scifact,oracle_candidate_lambda,query_only_candidate,1.0,,0.4057185848553975
bge-m3,scifact,learned_gate,gate_q_only,100.0,-inf,0.3833511173725128
bge-m3,scifact,learned_gate,gate_q_only,100.0,-0.33725959062576294,0.3833511173725128
bge-m3,scifact,learned_gate,gate_q_only,100.0,-0.0475625516846776,0.38631929953893024
bge-m3,scifact,learned_gate,gate_q_only,100.0,-0.010155743919312954,0.38491183519363403
bge-m3,scifact,learned_gate,gate_q_only,100.0,0.0,0.384346346060435
bge-m3,scifact,learned_gate,gate_q_only,100.0,0.029848740436136723,0.38489046692848206
bge-m3,scifact,learned_gate,gate_q_only,100.0,0.06786307319998744,0.3828880985577901
bge-m3,scifact,learned_gate,gate_q_only,100.0,0.09212840199470508,0.38121579090754193
bge-m3,scifact,learned_gate,gate_q_only,100.0,0.3463974893093109,0.3816705544789632
bge-m3,scifact,learned_gate,gate_q_only,100.0,inf,0.3816705544789632
bge-m3,scifact,learned_gate,gate_q_only,1000.0,-inf,0.3833511173725128
bge-m3,scifact,learned_gate,gate_q_only,1000.0,-0.29013341665267944,0.3833511173725128
bge-m3,scifact,learned_gate,gate_q_only,1000.0,-0.042215168476104736,0.385390043258667
bge-m3,scifact,learned_gate,gate_q_only,1000.0,-0.009945491328835487,0.3851465384165446
bge-m3,scifact,learned_gate,gate_q_only,1000.0,0.0,0.3851819336414337
bge-m3,scifact,learned_gate,gate_q_only,1000.0,0.02338922768831253,0.3853728671868642
bge-m3,scifact,learned_gate,gate_q_only,1000.0,0.0577802136540413,0.38199912508328754
bge-m3,scifact,learned_gate,gate_q_only,1000.0,0.07915120013058133,0.3813820679982503
bge-m3,scifact,learned_gate,gate_q_only,1000.0,0.26443180441856384,0.3816705544789632
bge-m3,scifact,learned_gate,gate_q_only,1000.0,inf,0.3816705544789632
bge-m3,scifact,learned_gate,gate_q_only,10000.0,-inf,0.3833511173725128
bge-m3,scifact,learned_gate,gate_q_only,10000.0,-0.16899293661117554,0.3833511173725128
bge-m3,scifact,learned_gate,gate_q_only,10000.0,-0.031614696606993675,0.38526034355163574
bge-m3,scifact,learned_gate,gate_q_only,10000.0,-0.010819515213370323,0.38585590322812396
bge-m3,scifact,learned_gate,gate_q_only,10000.0,0.0,0.38643213113149005
bge-m3,scifact,learned_gate,gate_q_only,10000.0,0.013739523012191057,0.3846882184346517
bge-m3,scifact,learned_gate,gate_q_only,10000.0,0.04412385001778603,0.38382407029469806
bge-m3,scifact,learned_gate,gate_q_only,10000.0,0.0625378413125872,0.38402216633160907
bge-m3,scifact,learned_gate,gate_q_only,10000.0,0.14682918787002563,0.3816705544789632
bge-m3,scifact,learned_gate,gate_q_only,10000.0,inf,0.3816705544789632
bge-m3,scifact,learned_gate,gate_reference_geometry,100.0,-inf,0.3833511173725128
bge-m3,scifact,learned_gate,gate_reference_geometry,100.0,-0.34697386622428894,0.3833511173725128
bge-m3,scifact,learned_gate,gate_reference_geometry,100.0,-0.0475047854706645,0.38560863335927326
bge-m3,scifact,learned_gate,gate_reference_geometry,100.0,-0.010377352125942707,0.38454193870226544
bge-m3,scifact,learned_gate,gate_reference_geometry,100.0,0.0,0.3852161367734273
bge-m3,scifact,learned_gate,gate_reference_geometry,100.0,0.029946195892989635,0.3852445085843404
bge-m3,scifact,learned_gate,gate_reference_geometry,100.0,0.06807364001870157,0.382857342561086
bge-m3,scifact,learned_gate,gate_reference_geometry,100.0,0.09267324022948736,0.38124650716781616
bge-m3,scifact,learned_gate,gate_reference_geometry,100.0,0.3515012860298157,0.3816705544789632
bge-m3,scifact,learned_gate,gate_reference_geometry,100.0,inf,0.3816705544789632
bge-m3,scifact,learned_gate,gate_reference_geometry,1000.0,-inf,0.3833511173725128
bge-m3,scifact,learned_gate,gate_reference_geometry,1000.0,-0.2982565760612488,0.3833511173725128
bge-m3,scifact,learned_gate,gate_reference_geometry,1000.0,-0.042146459221839905,0.3860140343507131
bge-m3,scifact,learned_gate,gate_reference_geometry,1000.0,-0.01030681561678648,0.3853280444939931
bge-m3,scifact,learned_gate,gate_reference_geometry,1000.0,0.0,0.38556385040283203
bge-m3,scifact,learned_gate,gate_reference_geometry,1000.0,0.022986227180808783,0.385730117559433
bge-m3,scifact,learned_gate,gate_reference_geometry,1000.0,0.0576733630150557,0.3817223211129506
bge-m3,scifact,learned_gate,gate_reference_geometry,1000.0,0.07811986021697519,0.3804578085740407
bge-m3,scifact,learned_gate,gate_reference_geometry,1000.0,0.26873740553855896,0.3816705544789632
bge-m3,scifact,learned_gate,gate_reference_geometry,1000.0,inf,0.3816705544789632
bge-m3,scifact,learned_gate,gate_reference_geometry,10000.0,-inf,0.3833511173725128
bge-m3,scifact,learned_gate,gate_reference_geometry,10000.0,-0.17793990671634674,0.3833511173725128
bge-m3,scifact,learned_gate,gate_reference_geometry,10000.0,-0.03215619921684265,0.3861051897207896
bge-m3,scifact,learned_gate,gate_reference_geometry,10000.0,-0.011003279127180576,0.38590317964553833
bge-m3,scifact,learned_gate,gate_reference_geometry,10000.0,0.0,0.3870592216650645
bge-m3,scifact,learned_gate,gate_reference_geometry,10000.0,0.013458368834108114,0.3860922157764435
bge-m3,scifact,learned_gate,gate_reference_geometry,10000.0,0.04428477063775063,0.38378214836120605
bge-m3,scifact,learned_gate,gate_reference_geometry,10000.0,0.06270668879151339,0.38402216633160907
bge-m3,scifact,learned_gate,gate_reference_geometry,10000.0,0.15041480958461761,0.3816705544789632
bge-m3,scifact,learned_gate,gate_reference_geometry,10000.0,inf,0.3816705544789632
bge-m3,scifact,learned_gate,gate_corpus_geometry,100.0,-inf,0.3833511173725128
bge-m3,scifact,learned_gate,gate_corpus_geometry,100.0,-0.3380128741264343,0.3833511173725128
bge-m3,scifact,learned_gate,gate_corpus_geometry,100.0,-0.04809253662824631,0.38594714800516766
bge-m3,scifact,learned_gate,gate_corpus_geometry,100.0,-0.010892239399254322,0.38444608449935913
bge-m3,scifact,learned_gate,gate_corpus_geometry,100.0,0.0,0.38432346781094867
bge-m3,scifact,learned_gate,gate_corpus_geometry,100.0,0.030812355689704418,0.3849005897839864
bge-m3,scifact,learned_gate,gate_corpus_geometry,100.0,0.06901045963168147,0.3817453682422638
bge-m3,scifact,learned_gate,gate_corpus_geometry,100.0,0.09328295961022354,0.38080374399820965
bge-m3,scifact,learned_gate,gate_corpus_geometry,100.0,0.35330548882484436,0.3816705544789632
bge-m3,scifact,learned_gate,gate_corpus_geometry,100.0,inf,0.3816705544789632
bge-m3,scifact,learned_gate,gate_corpus_geometry,1000.0,-inf,0.3833511173725128
bge-m3,scifact,learned_gate,gate_corpus_geometry,1000.0,-0.29071712493896484,0.3833511173725128
bge-m3,scifact,learned_gate,gate_corpus_geometry,1000.0,-0.04242249019443989,0.3853682478268941
bge-m3,scifact,learned_gate,gate_corpus_geometry,1000.0,-0.010704901069402695,0.3845880428949992
bge-m3,scifact,learned_gate,gate_corpus_geometry,1000.0,0.0,0.38542041182518005
bge-m3,scifact,learned_gate,gate_corpus_geometry,1000.0,0.02318645967170596,0.3852991263071696
bge-m3,scifact,learned_gate,gate_corpus_geometry,1000.0,0.05789135284721852,0.3818814754486084
bge-m3,scifact,learned_gate,gate_corpus_geometry,1000.0,0.07903165109455577,0.38140010833740234
bge-m3,scifact,learned_gate,gate_corpus_geometry,1000.0,0.26845285296440125,0.3816705544789632
bge-m3,scifact,learned_gate,gate_corpus_geometry,1000.0,inf,0.3816705544789632
bge-m3,scifact,learned_gate,gate_corpus_geometry,10000.0,-inf,0.3833511173725128
bge-m3,scifact,learned_gate,gate_corpus_geometry,10000.0,-0.17033244669437408,0.3833511173725128
bge-m3,scifact,learned_gate,gate_corpus_geometry,10000.0,-0.032544249668717384,0.38548394044240314
bge-m3,scifact,learned_gate,gate_corpus_geometry,10000.0,-0.011829792521893978,0.3858325978120168
bge-m3,scifact,learned_gate,gate_corpus_geometry,10000.0,0.0,0.3869550824165344
bge-m3,scifact,learned_gate,gate_corpus_geometry,10000.0,0.01293482375331223,0.38504596551259357
bge-m3,scifact,learned_gate,gate_corpus_geometry,10000.0,0.0440471775829792,0.3831223050753276
bge-m3,scifact,learned_gate,gate_corpus_geometry,10000.0,0.06269464567303651,0.3842901090780894
bge-m3,scifact,learned_gate,gate_corpus_geometry,10000.0,0.1488528549671173,0.3816705544789632
bge-m3,scifact,learned_gate,gate_corpus_geometry,10000.0,inf,0.3816705544789632
bge-m3,nfcorpus,oracle_candidate_lambda,query_only_candidate,0.0,,0.47709914048512775
bge-m3,nfcorpus,oracle_candidate_lambda,query_only_candidate,0.05,,0.4786662956078847
bge-m3,nfcorpus,oracle_candidate_lambda,query_only_candidate,0.1,,0.48012591401735943
bge-m3,nfcorpus,oracle_candidate_lambda,query_only_candidate,0.2,,0.48364463448524475
bge-m3,nfcorpus,oracle_candidate_lambda,query_only_candidate,0.3,,0.48869192600250244
bge-m3,nfcorpus,oracle_candidate_lambda,query_only_candidate,0.5,,0.5009375611941019
bge-m3,nfcorpus,oracle_candidate_lambda,query_only_candidate,0.75,,0.5082121888796488
bge-m3,nfcorpus,oracle_candidate_lambda,query_only_candidate,1.0,,0.513575275739034
bge-m3,nfcorpus,learned_gate,gate_q_only,100.0,-inf,0.4890562097231547
bge-m3,nfcorpus,learned_gate,gate_q_only,100.0,-0.2965562343597412,0.4890562097231547
bge-m3,nfcorpus,learned_gate,gate_q_only,100.0,-0.05363887548446655,0.49250038464864093
bge-m3,nfcorpus,learned_gate,gate_q_only,100.0,-0.007941417396068573,0.4884861409664154
bge-m3,nfcorpus,learned_gate,gate_q_only,100.0,0.0,0.489431232213974
bge-m3,nfcorpus,learned_gate,gate_q_only,100.0,0.03711145278066397,0.48464969793955487
bge-m3,nfcorpus,learned_gate,gate_q_only,100.0,0.08088573366403579,0.48383839925130206
bge-m3,nfcorpus,learned_gate,gate_q_only,100.0,0.11185231097042558,0.4830857614676158
bge-m3,nfcorpus,learned_gate,gate_q_only,100.0,0.5248942375183105,0.47709914048512775
bge-m3,nfcorpus,learned_gate,gate_q_only,100.0,inf,0.47709914048512775
bge-m3,nfcorpus,learned_gate,gate_q_only,1000.0,-inf,0.4890562097231547
bge-m3,nfcorpus,learned_gate,gate_q_only,1000.0,-0.24534206092357635,0.4890562097231547
bge-m3,nfcorpus,learned_gate,gate_q_only,1000.0,-0.0473750326782465,0.49184059103329975
bge-m3,nfcorpus,learned_gate,gate_q_only,1000.0,-0.008668715134263039,0.4913153052330017
bge-m3,nfcorpus,learned_gate,gate_q_only,1000.0,0.0,0.4902134835720062
bge-m3,nfcorpus,learned_gate,gate_q_only,1000.0,0.03399830125272274,0.4844324191411336
bge-m3,nfcorpus,learned_gate,gate_q_only,1000.0,0.07120315432548523,0.48535356918970746
bge-m3,nfcorpus,learned_gate,gate_q_only,1000.0,0.09633767344057549,0.4783398509025574
bge-m3,nfcorpus,learned_gate,gate_q_only,1000.0,0.43246155977249146,0.47709914048512775
bge-m3,nfcorpus,learned_gate,gate_q_only,1000.0,inf,0.47709914048512775
bge-m3,nfcorpus,learned_gate,gate_q_only,10000.0,-inf,0.4890562097231547
bge-m3,nfcorpus,learned_gate,gate_q_only,10000.0,-0.14792132377624512,0.4890562097231547
bge-m3,nfcorpus,learned_gate,gate_q_only,10000.0,-0.035957735031843185,0.49066750208536786
bge-m3,nfcorpus,learned_gate,gate_q_only,10000.0,-0.008607642725110054,0.4914893905321757
bge-m3,nfcorpus,learned_gate,gate_q_only,10000.0,0.0,0.4913932979106903
bge-m3,nfcorpus,learned_gate,gate_q_only,10000.0,0.023595306556671858,0.48725176850954693
bge-m3,nfcorpus,learned_gate,gate_q_only,10000.0,0.05640909671783447,0.4834890067577362
bge-m3,nfcorpus,learned_gate,gate_q_only,10000.0,0.07521292790770519,0.47887495160102844
bge-m3,nfcorpus,learned_gate,gate_q_only,10000.0,0.28305119276046753,0.47709914048512775
bge-m3,nfcorpus,learned_gate,gate_q_only,10000.0,inf,0.47709914048512775
bge-m3,nfcorpus,learned_gate,gate_reference_geometry,100.0,-inf,0.4890562097231547
bge-m3,nfcorpus,learned_gate,gate_reference_geometry,100.0,-0.29466742277145386,0.4890562097231547
bge-m3,nfcorpus,learned_gate,gate_reference_geometry,100.0,-0.05371737293899059,0.4915558894475301
bge-m3,nfcorpus,learned_gate,gate_reference_geometry,100.0,-0.007538357749581337,0.4892972409725189
bge-m3,nfcorpus,learned_gate,gate_reference_geometry,100.0,0.0,0.4883326490720113
bge-m3,nfcorpus,learned_gate,gate_reference_geometry,100.0,0.03713699150830507,0.4861283600330353
bge-m3,nfcorpus,learned_gate,gate_reference_geometry,100.0,0.08127321898937226,0.48608343799908954
bge-m3,nfcorpus,learned_gate,gate_reference_geometry,100.0,0.11213184446096419,0.48326661189397174
bge-m3,nfcorpus,learned_gate,gate_reference_geometry,100.0,0.5250996351242065,0.47709914048512775
bge-m3,nfcorpus,learned_gate,gate_reference_geometry,100.0,inf,0.47709914048512775
bge-m3,nfcorpus,learned_gate,gate_reference_geometry,1000.0,-inf,0.4890562097231547
bge-m3,nfcorpus,learned_gate,gate_reference_geometry,1000.0,-0.24337302148342133,0.4890562097231547
bge-m3,nfcorpus,learned_gate,gate_reference_geometry,1000.0,-0.0478409007191658,0.49178674817085266
bge-m3,nfcorpus,learned_gate,gate_reference_geometry,1000.0,-0.009276147931814194,0.491437961657842
bge-m3,nfcorpus,learned_gate,gate_reference_geometry,1000.0,0.0,0.49133504430452984
bge-m3,nfcorpus,learned_gate,gate_reference_geometry,1000.0,0.0341662522405386,0.4849068621794383
bge-m3,nfcorpus,learned_gate,gate_reference_geometry,1000.0,0.07155141979455946,0.48438706000645954
bge-m3,nfcorpus,learned_gate,gate_reference_geometry,1000.0,0.09684716016054153,0.4790854752063751
bge-m3,nfcorpus,learned_gate,gate_reference_geometry,1000.0,0.4355968236923218,0.47709914048512775
bge-m3,nfcorpus,learned_gate,gate_reference_geometry,1000.0,inf,0.47709914048512775
bge-m3,nfcorpus,learned_gate,gate_reference_geometry,10000.0,-inf,0.4890562097231547
bge-m3,nfcorpus,learned_gate,gate_reference_geometry,10000.0,-0.1463628113269806,0.4890562097231547
bge-m3,nfcorpus,learned_gate,gate_reference_geometry,10000.0,-0.03674141690135002,0.4909440378348033
bge-m3,nfcorpus,learned_gate,gate_reference_geometry,10000.0,-0.0093242097645998,0.49225226044654846
bge-m3,nfcorpus,learned_gate,gate_reference_geometry,10000.0,0.0,0.4908399184544881
bge-m3,nfcorpus,learned_gate,gate_reference_geometry,10000.0,0.022844329476356506,0.4911906222502391
bge-m3,nfcorpus,learned_gate,gate_reference_geometry,10000.0,0.05624098256230354,0.4862163265546163
bge-m3,nfcorpus,learned_gate,gate_reference_geometry,10000.0,0.07486656606197356,0.4784243901570638
bge-m3,nfcorpus,learned_gate,gate_reference_geometry,10000.0,0.287975013256073,0.47709914048512775
bge-m3,nfcorpus,learned_gate,gate_reference_geometry,10000.0,inf,0.47709914048512775
bge-m3,nfcorpus,learned_gate,gate_corpus_geometry,100.0,-inf,0.4890562097231547
bge-m3,nfcorpus,learned_gate,gate_corpus_geometry,100.0,-0.2993427515029907,0.4890562097231547
bge-m3,nfcorpus,learned_gate,gate_corpus_geometry,100.0,-0.053789032623171806,0.4914404849211375
bge-m3,nfcorpus,learned_gate,gate_corpus_geometry,100.0,-0.008281266316771507,0.48806174596150714
bge-m3,nfcorpus,learned_gate,gate_corpus_geometry,100.0,0.0,0.4884653190771739
bge-m3,nfcorpus,learned_gate,gate_corpus_geometry,100.0,0.036522677168250084,0.48533376057942706
bge-m3,nfcorpus,learned_gate,gate_corpus_geometry,100.0,0.080019336938858,0.48394959171613056
bge-m3,nfcorpus,learned_gate,gate_corpus_geometry,100.0,0.11112518534064288,0.48334160447120667
bge-m3,nfcorpus,learned_gate,gate_corpus_geometry,100.0,0.5299658179283142,0.47709914048512775
bge-m3,nfcorpus,learned_gate,gate_corpus_geometry,100.0,inf,0.47709914048512775
bge-m3,nfcorpus,learned_gate,gate_corpus_geometry,1000.0,-inf,0.4890562097231547
bge-m3,nfcorpus,learned_gate,gate_corpus_geometry,1000.0,-0.25011295080184937,0.4890562097231547
bge-m3,nfcorpus,learned_gate,gate_corpus_geometry,1000.0,-0.04832790978252888,0.4912543098131816
bge-m3,nfcorpus,learned_gate,gate_corpus_geometry,1000.0,-0.00943911261856556,0.4904795785744985
bge-m3,nfcorpus,learned_gate,gate_corpus_geometry,1000.0,0.0,0.490429808696111
bge-m3,nfcorpus,learned_gate,gate_corpus_geometry,1000.0,0.03320657089352608,0.4845201373100281
bge-m3,nfcorpus,learned_gate,gate_corpus_geometry,1000.0,0.07012221068143842,0.4854493737220764
bge-m3,nfcorpus,learned_gate,gate_corpus_geometry,1000.0,0.09578647688031194,0.47829432288805646
bge-m3,nfcorpus,learned_gate,gate_corpus_geometry,1000.0,0.4364059865474701,0.47709914048512775
bge-m3,nfcorpus,learned_gate,gate_corpus_geometry,1000.0,inf,0.47709914048512775
bge-m3,nfcorpus,learned_gate,gate_corpus_geometry,10000.0,-inf,0.4890562097231547
bge-m3,nfcorpus,learned_gate,gate_corpus_geometry,10000.0,-0.1429651975631714,0.4890562097231547
bge-m3,nfcorpus,learned_gate,gate_corpus_geometry,10000.0,-0.03700961917638779,0.49061747392018634
bge-m3,nfcorpus,learned_gate,gate_corpus_geometry,10000.0,-0.010129427537322044,0.49225542942682904
bge-m3,nfcorpus,learned_gate,gate_corpus_geometry,10000.0,0.0,0.49178147315979004
bge-m3,nfcorpus,learned_gate,gate_corpus_geometry,10000.0,0.021869591437280178,0.49104180932044983
bge-m3,nfcorpus,learned_gate,gate_corpus_geometry,10000.0,0.05567463263869284,0.484000285466512
bge-m3,nfcorpus,learned_gate,gate_corpus_geometry,10000.0,0.07439043000340458,0.48227261503537494
bge-m3,nfcorpus,learned_gate,gate_corpus_geometry,10000.0,0.2868468463420868,0.47709914048512775
bge-m3,nfcorpus,learned_gate,gate_corpus_geometry,10000.0,inf,0.47709914048512775
e5,fiqa,oracle_candidate_lambda,query_only_candidate,0.0,,0.43554937839508057
e5,fiqa,oracle_candidate_lambda,query_only_candidate,0.05,,0.43922722339630127
e5,fiqa,oracle_candidate_lambda,query_only_candidate,0.1,,0.44498327374458313
e5,fiqa,oracle_candidate_lambda,query_only_candidate,0.2,,0.454464316368103
e5,fiqa,oracle_candidate_lambda,query_only_candidate,0.3,,0.4610724051793416
e5,fiqa,oracle_candidate_lambda,query_only_candidate,0.5,,0.4760321080684662
e5,fiqa,oracle_candidate_lambda,query_only_candidate,0.75,,0.49246758222579956
e5,fiqa,oracle_candidate_lambda,query_only_candidate,1.0,,0.4997255901495616
e5,fiqa,learned_gate,gate_q_only,100.0,-inf,0.47521938880284625
e5,fiqa,learned_gate,gate_q_only,100.0,-0.34925660490989685,0.47521938880284625
e5,fiqa,learned_gate,gate_q_only,100.0,0.0,0.47015610337257385
e5,fiqa,learned_gate,gate_q_only,100.0,0.025921694934368134,0.4734303653240204
e5,fiqa,learned_gate,gate_q_only,100.0,0.08627352491021156,0.4659148355325063
e5,fiqa,learned_gate,gate_q_only,100.0,0.17617562413215637,0.45772645870844525
e5,fiqa,learned_gate,gate_q_only,100.0,0.2505225896835329,0.44368569056193036
e5,fiqa,learned_gate,gate_q_only,100.0,0.31439516395330425,0.4398673474788666
e5,fiqa,learned_gate,gate_q_only,100.0,0.4774044454097748,0.43554937839508057
e5,fiqa,learned_gate,gate_q_only,100.0,inf,0.43554937839508057
e5,fiqa,learned_gate,gate_q_only,1000.0,-inf,0.47521938880284625
e5,fiqa,learned_gate,gate_q_only,1000.0,-0.20620569586753845,0.47521938880284625
e5,fiqa,learned_gate,gate_q_only,1000.0,0.0,0.4750146269798279
e5,fiqa,learned_gate,gate_q_only,1000.0,0.046931805089116096,0.4748242100079854
e5,fiqa,learned_gate,gate_q_only,1000.0,0.09892614930868149,0.47133491436640423
e5,fiqa,learned_gate,gate_q_only,1000.0,0.1602095365524292,0.4575076798597972
e5,fiqa,learned_gate,gate_q_only,1000.0,0.2055706053972246,0.44363710284233093
e5,fiqa,learned_gate,gate_q_only,1000.0,0.23536086827516553,0.4380532105763753
e5,fiqa,learned_gate,gate_q_only,1000.0,0.3616500198841095,0.43554937839508057
e5,fiqa,learned_gate,gate_q_only,1000.0,inf,0.43554937839508057
e5,fiqa,learned_gate,gate_q_only,10000.0,-inf,0.47521938880284625
e5,fiqa,learned_gate,gate_q_only,10000.0,-0.046737171709537506,0.47521938880284625
e5,fiqa,learned_gate,gate_q_only,10000.0,0.0,0.4741936922073364
e5,fiqa,learned_gate,gate_q_only,10000.0,0.06253874395042658,0.4803522527217865
e5,fiqa,learned_gate,gate_q_only,10000.0,0.11007507890462875,0.4718847870826721
e5,fiqa,learned_gate,gate_q_only,10000.0,0.1369827687740326,0.45743194222450256
e5,fiqa,learned_gate,gate_q_only,10000.0,0.15570762455463413,0.4428113003571828
e5,fiqa,learned_gate,gate_q_only,10000.0,0.16577275171875955,0.43891234199206036
e5,fiqa,learned_gate,gate_q_only,10000.0,0.21002313494682312,0.43554937839508057
e5,fiqa,learned_gate,gate_q_only,10000.0,inf,0.43554937839508057
e5,fiqa,learned_gate,gate_reference_geometry,100.0,-inf,0.47521938880284625
e5,fiqa,learned_gate,gate_reference_geometry,100.0,-0.34844717383384705,0.47521938880284625
e5,fiqa,learned_gate,gate_reference_geometry,100.0,0.0,0.4736042022705078
e5,fiqa,learned_gate,gate_reference_geometry,100.0,0.024460257031023502,0.47407975792884827
e5,fiqa,learned_gate,gate_reference_geometry,100.0,0.0844540223479271,0.4662888248761495
e5,fiqa,learned_gate,gate_reference_geometry,100.0,0.17994306981563568,0.4614223937193553
e5,fiqa,learned_gate,gate_reference_geometry,100.0,0.2514298558235169,0.4432880977789561
e5,fiqa,learned_gate,gate_reference_geometry,100.0,0.3136190682649612,0.4398673474788666
e5,fiqa,learned_gate,gate_reference_geometry,100.0,0.48137691617012024,0.43554937839508057
e5,fiqa,learned_gate,gate_reference_geometry,100.0,inf,0.43554937839508057
e5,fiqa,learned_gate,gate_reference_geometry,1000.0,-inf,0.47521938880284625
e5,fiqa,learned_gate,gate_reference_geometry,1000.0,-0.204544335603714,0.47521938880284625
e5,fiqa,learned_gate,gate_reference_geometry,1000.0,0.0,0.4721035957336426
e5,fiqa,learned_gate,gate_reference_geometry,1000.0,0.04575898218899965,0.4735724925994873
e5,fiqa,learned_gate,gate_reference_geometry,1000.0,0.09971337020397186,0.47055376569430035
e5,fiqa,learned_gate,gate_reference_geometry,1000.0,0.16132980212569237,0.4582364559173584
e5,fiqa,learned_gate,gate_reference_geometry,1000.0,0.20829853117465974,0.4430970251560211
e5,fiqa,learned_gate,gate_reference_geometry,1000.0,0.2380795821547508,0.4380532105763753
e5,fiqa,learned_gate,gate_reference_geometry,1000.0,0.3668659031391144,0.43554937839508057
e5,fiqa,learned_gate,gate_reference_geometry,1000.0,inf,0.43554937839508057
e5,fiqa,learned_gate,gate_reference_geometry,10000.0,-inf,0.47521938880284625
e5,fiqa,learned_gate,gate_reference_geometry,10000.0,-0.04485004395246506,0.47521938880284625
e5,fiqa,learned_gate,gate_reference_geometry,10000.0,0.0,0.4741936922073364
e5,fiqa,learned_gate,gate_reference_geometry,10000.0,0.06104211322963238,0.4801003932952881
e5,fiqa,learned_gate,gate_reference_geometry,10000.0,0.11029817909002304,0.4718847870826721
e5,fiqa,learned_gate,gate_reference_geometry,10000.0,0.13940565660595894,0.45778783162434894
e5,fiqa,learned_gate,gate_reference_geometry,10000.0,0.1594626605510712,0.44251977403958637
e5,fiqa,learned_gate,gate_reference_geometry,10000.0,0.17002626210451124,0.4394106964270274
e5,fiqa,learned_gate,gate_reference_geometry,10000.0,0.21878838539123535,0.43554937839508057
e5,fiqa,learned_gate,gate_reference_geometry,10000.0,inf,0.43554937839508057
e5,fiqa,learned_gate,gate_corpus_geometry,100.0,-inf,0.47521938880284625
e5,fiqa,learned_gate,gate_corpus_geometry,100.0,-0.34353694319725037,0.47521938880284625
e5,fiqa,learned_gate,gate_corpus_geometry,100.0,0.0,0.47133852044741315
e5,fiqa,learned_gate,gate_corpus_geometry,100.0,0.024006600491702557,0.4711884359518687
e5,fiqa,learned_gate,gate_corpus_geometry,100.0,0.08807428181171417,0.4660765031973521
e5,fiqa,learned_gate,gate_corpus_geometry,100.0,0.1742025874555111,0.46134326855341595
e5,fiqa,learned_gate,gate_corpus_geometry,100.0,0.253076320886612,0.4455839991569519
e5,fiqa,learned_gate,gate_corpus_geometry,100.0,0.3103993505239487,0.4401603043079376
e5,fiqa,learned_gate,gate_corpus_geometry,100.0,0.48787394165992737,0.43554937839508057
e5,fiqa,learned_gate,gate_corpus_geometry,100.0,inf,0.43554937839508057
e5,fiqa,learned_gate,gate_corpus_geometry,1000.0,-inf,0.47521938880284625
e5,fiqa,learned_gate,gate_corpus_geometry,1000.0,-0.20156946778297424,0.47521938880284625
e5,fiqa,learned_gate,gate_corpus_geometry,1000.0,0.0,0.47493883967399597
e5,fiqa,learned_gate,gate_corpus_geometry,1000.0,0.047056677751243114,0.47705095012982685
e5,fiqa,learned_gate,gate_corpus_geometry,1000.0,0.09747246652841568,0.47217445572217304
e5,fiqa,learned_gate,gate_corpus_geometry,1000.0,0.16161594167351723,0.4576670428117116
e5,fiqa,learned_gate,gate_corpus_geometry,1000.0,0.20874329805374145,0.4440937538941701
e5,fiqa,learned_gate,gate_corpus_geometry,1000.0,0.2375719308853149,0.4381224513053894
e5,fiqa,learned_gate,gate_corpus_geometry,1000.0,0.376481831073761,0.43554937839508057
e5,fiqa,learned_gate,gate_corpus_geometry,1000.0,inf,0.43554937839508057
e5,fiqa,learned_gate,gate_corpus_geometry,10000.0,-inf,0.47521938880284625
e5,fiqa,learned_gate,gate_corpus_geometry,10000.0,-0.04533759504556656,0.47521938880284625
e5,fiqa,learned_gate,gate_corpus_geometry,10000.0,0.0,0.4741936922073364
e5,fiqa,learned_gate,gate_corpus_geometry,10000.0,0.061522940173745155,0.478317270676295
e5,fiqa,learned_gate,gate_corpus_geometry,10000.0,0.10955338180065155,0.4713636140028636
e5,fiqa,learned_gate,gate_corpus_geometry,10000.0,0.1381661593914032,0.458764245112737
e5,fiqa,learned_gate,gate_corpus_geometry,10000.0,0.15814686715602877,0.44251977403958637
e5,fiqa,learned_gate,gate_corpus_geometry,10000.0,0.16889339387416838,0.4394106964270274
e5,fiqa,learned_gate,gate_corpus_geometry,10000.0,0.22030751407146454,0.43554937839508057
e5,fiqa,learned_gate,gate_corpus_geometry,10000.0,inf,0.43554937839508057
e5,arguana,oracle_candidate_lambda,query_only_candidate,0.0,,0.4690137406190236
e5,arguana,oracle_candidate_lambda,query_only_candidate,0.05,,0.4717750549316406
e5,arguana,oracle_candidate_lambda,query_only_candidate,0.1,,0.4749895731608073
e5,arguana,oracle_candidate_lambda,query_only_candidate,0.2,,0.47924790779749554
e5,arguana,oracle_candidate_lambda,query_only_candidate,0.3,,0.4845953683058421
e5,arguana,oracle_candidate_lambda,query_only_candidate,0.5,,0.4981873234113057
e5,arguana,oracle_candidate_lambda,query_only_candidate,0.75,,0.4998762905597687
e5,arguana,oracle_candidate_lambda,query_only_candidate,1.0,,0.5068486928939819
e5,arguana,learned_gate,gate_q_only,100.0,-inf,0.4780924916267395
e5,arguana,learned_gate,gate_q_only,100.0,-0.26054614782333374,0.4780924916267395
e5,arguana,learned_gate,gate_q_only,100.0,-0.029482226818799973,0.47916985551516217
e5,arguana,learned_gate,gate_q_only,100.0,0.0,0.474526971578598
e5,arguana,learned_gate,gate_q_only,100.0,0.014400387182831764,0.47366583347320557
e5,arguana,learned_gate,gate_q_only,100.0,0.05962676554918289,0.47182750701904297
e5,arguana,learned_gate,gate_q_only,100.0,0.10424428060650826,0.46737126509348553
e5,arguana,learned_gate,gate_q_only,100.0,0.13159256428480148,0.46959654490152997
e5,arguana,learned_gate,gate_q_only,100.0,0.47764647006988525,0.4690137406190236
e5,arguana,learned_gate,gate_q_only,100.0,inf,0.4690137406190236
e5,arguana,learned_gate,gate_q_only,1000.0,-inf,0.4780924916267395
e5,arguana,learned_gate,gate_q_only,1000.0,-0.20772598683834076,0.4780924916267395
e5,arguana,learned_gate,gate_q_only,1000.0,-0.0200924351811409,0.4785674015680949
e5,arguana,learned_gate,gate_q_only,1000.0,0.0,0.478772113720576
e5,arguana,learned_gate,gate_q_only,1000.0,0.014854679349809885,0.47628729542096454
e5,arguana,learned_gate,gate_q_only,1000.0,0.05012626387178898,0.47107311089833576
e5,arguana,learned_gate,gate_q_only,1000.0,0.08584284037351608,0.46940305829048157
e5,arguana,learned_gate,gate_q_only,1000.0,0.10615590587258339,0.4689416289329529
e5,arguana,learned_gate,gate_q_only,1000.0,0.40724217891693115,0.4690137406190236
e5,arguana,learned_gate,gate_q_only,1000.0,inf,0.4690137406190236
e5,arguana,learned_gate,gate_q_only,10000.0,-inf,0.4780924916267395
e5,arguana,learned_gate,gate_q_only,10000.0,-0.10379140079021454,0.4780924916267395
e5,arguana,learned_gate,gate_q_only,10000.0,-0.003627596888691187,0.4739658733208974
e5,arguana,learned_gate,gate_q_only,10000.0,0.0,0.4732101360956828
e5,arguana,learned_gate,gate_q_only,10000.0,0.015700201503932476,0.4768662055333455
e5,arguana,learned_gate,gate_q_only,10000.0,0.035178136080503464,0.4734600981076558
e5,arguana,learned_gate,gate_q_only,10000.0,0.054600778967142105,0.47517751653989154
e5,arguana,learned_gate,gate_q_only,10000.0,0.06671488285064697,0.47368250290552777
e5,arguana,learned_gate,gate_q_only,10000.0,0.2664269506931305,0.4690137406190236
e5,arguana,learned_gate,gate_q_only,10000.0,inf,0.4690137406190236
e5,arguana,learned_gate,gate_reference_geometry,100.0,-inf,0.4780924916267395
e5,arguana,learned_gate,gate_reference_geometry,100.0,-0.2811519205570221,0.4780924916267395
e5,arguana,learned_gate,gate_reference_geometry,100.0,-0.02785096876323223,0.4788540005683899
e5,arguana,learned_gate,gate_reference_geometry,100.0,0.0,0.4766759177049001
e5,arguana,learned_gate,gate_reference_geometry,100.0,0.014480579178780317,0.4738060136636098
e5,arguana,learned_gate,gate_reference_geometry,100.0,0.05916512291878462,0.47184959053993225
e5,arguana,learned_gate,gate_reference_geometry,100.0,0.10426980257034302,0.4686347544193268
e5,arguana,learned_gate,gate_reference_geometry,100.0,0.130349051207304,0.46940408150355023
e5,arguana,learned_gate,gate_reference_geometry,100.0,0.4833054840564728,0.4690137406190236
e5,arguana,learned_gate,gate_reference_geometry,100.0,inf,0.4690137406190236
e5,arguana,learned_gate,gate_reference_geometry,1000.0,-inf,0.4780924916267395
e5,arguana,learned_gate,gate_reference_geometry,1000.0,-0.21265371143817902,0.4780924916267395
e5,arguana,learned_gate,gate_reference_geometry,1000.0,-0.019341423176229,0.47904204328854877
e5,arguana,learned_gate,gate_reference_geometry,1000.0,0.0,0.4788137376308441
e5,arguana,learned_gate,gate_reference_geometry,1000.0,0.0151384137570858,0.47593889633814496
e5,arguana,learned_gate,gate_reference_geometry,1000.0,0.04978626873344183,0.4714316924413045
e5,arguana,learned_gate,gate_reference_geometry,1000.0,0.08562732860445976,0.4688842296600342
e5,arguana,learned_gate,gate_reference_geometry,1000.0,0.10551555268466473,0.4686911900838216
e5,arguana,learned_gate,gate_reference_geometry,1000.0,0.4160560965538025,0.4690137406190236
e5,arguana,learned_gate,gate_reference_geometry,1000.0,inf,0.4690137406190236
e5,arguana,learned_gate,gate_reference_geometry,10000.0,-inf,0.4780924916267395
e5,arguana,learned_gate,gate_reference_geometry,10000.0,-0.10840599983930588,0.4780924916267395
e5,arguana,learned_gate,gate_reference_geometry,10000.0,-0.003484192304313183,0.47366397579511005
e5,arguana,learned_gate,gate_reference_geometry,10000.0,0.0,0.47347378730773926
e5,arguana,learned_gate,gate_reference_geometry,10000.0,0.016068455763161182,0.4781883855660756
e5,arguana,learned_gate,gate_reference_geometry,10000.0,0.03556735906749964,0.473756343126297
e5,arguana,learned_gate,gate_reference_geometry,10000.0,0.05544458515942097,0.4727218449115753
e5,arguana,learned_gate,gate_reference_geometry,10000.0,0.06769544444978237,0.47358567516009015
e5,arguana,learned_gate,gate_reference_geometry,10000.0,0.2736302614212036,0.4690137406190236
e5,arguana,learned_gate,gate_reference_geometry,10000.0,inf,0.4690137406190236
e5,arguana,learned_gate,gate_corpus_geometry,100.0,-inf,0.4780924916267395
e5,arguana,learned_gate,gate_corpus_geometry,100.0,-0.2757330536842346,0.4780924916267395
e5,arguana,learned_gate,gate_corpus_geometry,100.0,-0.029365303926169872,0.4766397178173065
e5,arguana,learned_gate,gate_corpus_geometry,100.0,0.0,0.47363947828610736
e5,arguana,learned_gate,gate_corpus_geometry,100.0,0.013479365035891533,0.4729953408241272
e5,arguana,learned_gate,gate_corpus_geometry,100.0,0.05847797356545925,0.47091715534528095
e5,arguana,learned_gate,gate_corpus_geometry,100.0,0.10367543995380402,0.4690910776456197
e5,arguana,learned_gate,gate_corpus_geometry,100.0,0.13177495077252388,0.4695449372132619
e5,arguana,learned_gate,gate_corpus_geometry,100.0,0.48128825426101685,0.4690137406190236
e5,arguana,learned_gate,gate_corpus_geometry,100.0,inf,0.4690137406190236
e5,arguana,learned_gate,gate_corpus_geometry,1000.0,-inf,0.4780924916267395
e5,arguana,learned_gate,gate_corpus_geometry,1000.0,-0.20364198088645935,0.4780924916267395
e5,arguana,learned_gate,gate_corpus_geometry,1000.0,-0.021051072515547276,0.478578378756841
e5,arguana,learned_gate,gate_corpus_geometry,1000.0,0.0,0.4756429394086202
e5,arguana,learned_gate,gate_corpus_geometry,1000.0,0.014340737834572792,0.4742928246657054
e5,arguana,learned_gate,gate_corpus_geometry,1000.0,0.04925390612334013,0.47118449211120605
e5,arguana,learned_gate,gate_corpus_geometry,1000.0,0.08458663150668144,0.46868543823560077
e5,arguana,learned_gate,gate_corpus_geometry,1000.0,0.1046743355691433,0.4691630999247233
e5,arguana,learned_gate,gate_corpus_geometry,1000.0,0.4145511984825134,0.4690137406190236
e5,arguana,learned_gate,gate_corpus_geometry,1000.0,inf,0.4690137406190236
e5,arguana,learned_gate,gate_corpus_geometry,10000.0,-inf,0.4780924916267395
e5,arguana,learned_gate,gate_corpus_geometry,10000.0,-0.10046029090881348,0.4780924916267395
e5,arguana,learned_gate,gate_corpus_geometry,10000.0,-0.0043942988850176334,0.4740089575449626
e5,arguana,learned_gate,gate_corpus_geometry,10000.0,0.0,0.4735489586989085
e5,arguana,learned_gate,gate_corpus_geometry,10000.0,0.015298389364033937,0.4765746792157491
e5,arguana,learned_gate,gate_corpus_geometry,10000.0,0.03444167412817478,0.4757654070854187
e5,arguana,learned_gate,gate_corpus_geometry,10000.0,0.05416223965585232,0.47658559679985046
e5,arguana,learned_gate,gate_corpus_geometry,10000.0,0.06573381461203098,0.47381876905759174
e5,arguana,learned_gate,gate_corpus_geometry,10000.0,0.27393239736557007,0.4690137406190236
e5,arguana,learned_gate,gate_corpus_geometry,10000.0,inf,0.4690137406190236
e5,scifact,oracle_candidate_lambda,query_only_candidate,0.0,,0.3494136432806651
e5,scifact,oracle_candidate_lambda,query_only_candidate,0.05,,0.35360071063041687
e5,scifact,oracle_candidate_lambda,query_only_candidate,0.1,,0.36029334863026935
e5,scifact,oracle_candidate_lambda,query_only_candidate,0.2,,0.371370792388916
e5,scifact,oracle_candidate_lambda,query_only_candidate,0.3,,0.3841446439425151
e5,scifact,oracle_candidate_lambda,query_only_candidate,0.5,,0.39900726079940796
e5,scifact,oracle_candidate_lambda,query_only_candidate,0.75,,0.40982745091120404
e5,scifact,oracle_candidate_lambda,query_only_candidate,1.0,,0.41704869270324707
e5,scifact,learned_gate,gate_q_only,100.0,-inf,0.39081255594889325
e5,scifact,learned_gate,gate_q_only,100.0,-0.3012881577014923,0.39081255594889325
e5,scifact,learned_gate,gate_q_only,100.0,-0.023270104080438614,0.3901526828606923
e5,scifact,learned_gate,gate_q_only,100.0,0.0,0.3876715898513794
e5,scifact,learned_gate,gate_q_only,100.0,0.0237363763153553,0.3853202164173126
e5,scifact,learned_gate,gate_q_only,100.0,0.07496504858136177,0.38088834285736084
e5,scifact,learned_gate,gate_q_only,100.0,0.13290544897317888,0.37403160333633423
e5,scifact,learned_gate,gate_q_only,100.0,0.1829563081264494,0.3656312922636668
e5,scifact,learned_gate,gate_q_only,100.0,0.4295259714126587,0.3504103620847066
e5,scifact,learned_gate,gate_q_only,100.0,inf,0.3494136432806651
e5,scifact,learned_gate,gate_q_only,1000.0,-inf,0.39081255594889325
e5,scifact,learned_gate,gate_q_only,1000.0,-0.2460058629512787,0.39081255594889325
e5,scifact,learned_gate,gate_q_only,1000.0,-0.01353411190211773,0.38837440808614093
e5,scifact,learned_gate,gate_q_only,1000.0,0.0,0.39006874958674115
e5,scifact,learned_gate,gate_q_only,1000.0,0.022898100316524506,0.38860424359639484
e5,scifact,learned_gate,gate_q_only,1000.0,0.06499463319778442,0.3805972437063853
e5,scifact,learned_gate,gate_q_only,1000.0,0.1189390823245049,0.37703628341356915
e5,scifact,learned_gate,gate_q_only,1000.0,0.16673825234174697,0.36668898661931354
e5,scifact,learned_gate,gate_q_only,1000.0,0.36596381664276123,0.3504103620847066
e5,scifact,learned_gate,gate_q_only,1000.0,inf,0.3494136432806651
e5,scifact,learned_gate,gate_q_only,10000.0,-inf,0.39081255594889325
e5,scifact,learned_gate,gate_q_only,10000.0,-0.12978607416152954,0.39081255594889325
e5,scifact,learned_gate,gate_q_only,10000.0,-0.0009152106940746307,0.3878458837668101
e5,scifact,learned_gate,gate_q_only,10000.0,0.0,0.3877000113328298
e5,scifact,learned_gate,gate_q_only,10000.0,0.0208300594240427,0.3854422966639201
e5,scifact,learned_gate,gate_q_only,10000.0,0.04688828904181719,0.3864302933216095
e5,scifact,learned_gate,gate_q_only,10000.0,0.11077763289213191,0.3798985381921132
e5,scifact,learned_gate,gate_q_only,10000.0,0.15191552117466914,0.36837727824846905
e5,scifact,learned_gate,gate_q_only,10000.0,0.26352784037590027,0.3506340781847636
e5,scifact,learned_gate,gate_q_only,10000.0,inf,0.3494136432806651
e5,scifact,learned_gate,gate_reference_geometry,100.0,-inf,0.39081255594889325
e5,scifact,learned_gate,gate_reference_geometry,100.0,-0.3040372133255005,0.39081255594889325
e5,scifact,learned_gate,gate_reference_geometry,100.0,-0.022565089166164398,0.3887818952401479
e5,scifact,learned_gate,gate_reference_geometry,100.0,0.0,0.39007510741551715
e5,scifact,learned_gate,gate_reference_geometry,100.0,0.023690061643719673,0.38425395886103314
e5,scifact,learned_gate,gate_reference_geometry,100.0,0.07481063343584538,0.38017722964286804
e5,scifact,learned_gate,gate_reference_geometry,100.0,0.13226659297943116,0.3745354513327281
e5,scifact,learned_gate,gate_reference_geometry,100.0,0.18256522864103303,0.3644292751948039
e5,scifact,learned_gate,gate_reference_geometry,100.0,0.4354691803455353,0.3504103620847066
e5,scifact,learned_gate,gate_reference_geometry,100.0,inf,0.3494136432806651
e5,scifact,learned_gate,gate_reference_geometry,1000.0,-inf,0.39081255594889325
e5,scifact,learned_gate,gate_reference_geometry,1000.0,-0.24601200222969055,0.39081255594889325
e5,scifact,learned_gate,gate_reference_geometry,1000.0,-0.01359199546277523,0.38974786798159283
e5,scifact,learned_gate,gate_reference_geometry,1000.0,0.0,0.38864147663116455
e5,scifact,learned_gate,gate_reference_geometry,1000.0,0.022682586684823036,0.3871203859647115
e5,scifact,learned_gate,gate_reference_geometry,1000.0,0.06424017064273357,0.3812313477198283
e5,scifact,learned_gate,gate_reference_geometry,1000.0,0.11892541199922571,0.3769313097000122
e5,scifact,learned_gate,gate_reference_geometry,1000.0,0.1681743346154689,0.3667614857355754
e5,scifact,learned_gate,gate_reference_geometry,1000.0,0.35892948508262634,0.3504103620847066
e5,scifact,learned_gate,gate_reference_geometry,1000.0,inf,0.3494136432806651
e5,scifact,learned_gate,gate_reference_geometry,10000.0,-inf,0.39081255594889325
e5,scifact,learned_gate,gate_reference_geometry,10000.0,-0.12508462369441986,0.39081255594889325
e5,scifact,learned_gate,gate_reference_geometry,10000.0,-0.0011015282943844795,0.38817115624745685
e5,scifact,learned_gate,gate_reference_geometry,10000.0,0.0,0.38860034942626953
e5,scifact,learned_gate,gate_reference_geometry,10000.0,0.02029411867260933,0.38375168045361835
e5,scifact,learned_gate,gate_reference_geometry,10000.0,0.04616774246096611,0.38519103328386944
e5,scifact,learned_gate,gate_reference_geometry,10000.0,0.11069958806037916,0.3824436167875926
e5,scifact,learned_gate,gate_reference_geometry,10000.0,0.15432641729712485,0.36851165692011517
e5,scifact,learned_gate,gate_reference_geometry,10000.0,0.27013131976127625,0.3504103620847066
e5,scifact,learned_gate,gate_reference_geometry,10000.0,inf,0.3494136432806651
e5,scifact,learned_gate,gate_corpus_geometry,100.0,-inf,0.39081255594889325
e5,scifact,learned_gate,gate_corpus_geometry,100.0,-0.30260270833969116,0.39081255594889325
e5,scifact,learned_gate,gate_corpus_geometry,100.0,-0.022900059819221497,0.39035317301750183
e5,scifact,learned_gate,gate_corpus_geometry,100.0,0.0,0.38763903578122455
e5,scifact,learned_gate,gate_corpus_geometry,100.0,0.02410702407360077,0.38465218742688495
e5,scifact,learned_gate,gate_corpus_geometry,100.0,0.07490543276071548,0.3778790831565857
e5,scifact,learned_gate,gate_corpus_geometry,100.0,0.1336029991507531,0.3739662865797679
e5,scifact,learned_gate,gate_corpus_geometry,100.0,0.18185562267899505,0.3639231224854787
e5,scifact,learned_gate,gate_corpus_geometry,100.0,0.4528024196624756,0.3494136432806651
e5,scifact,learned_gate,gate_corpus_geometry,100.0,inf,0.3494136432806651
e5,scifact,learned_gate,gate_corpus_geometry,1000.0,-inf,0.39081255594889325
e5,scifact,learned_gate,gate_corpus_geometry,1000.0,-0.24664463102817535,0.39081255594889325
e5,scifact,learned_gate,gate_corpus_geometry,1000.0,-0.013805586844682693,0.38824333747227985
e5,scifact,learned_gate,gate_corpus_geometry,1000.0,0.0,0.3903338114420573
e5,scifact,learned_gate,gate_corpus_geometry,1000.0,0.022771265357732773,0.3886564075946808
e5,scifact,learned_gate,gate_corpus_geometry,1000.0,0.06489803455770016,0.38069214423497516
e5,scifact,learned_gate,gate_corpus_geometry,1000.0,0.11818928420543671,0.37632066011428833
e5,scifact,learned_gate,gate_corpus_geometry,1000.0,0.1667816728353496,0.36675334970156354
e5,scifact,learned_gate,gate_corpus_geometry,1000.0,0.379342645406723,0.3494136432806651
e5,scifact,learned_gate,gate_corpus_geometry,1000.0,inf,0.3494136432806651
e5,scifact,learned_gate,gate_corpus_geometry,10000.0,-inf,0.39081255594889325
e5,scifact,learned_gate,gate_corpus_geometry,10000.0,-0.1301119476556778,0.39081255594889325
e5,scifact,learned_gate,gate_corpus_geometry,10000.0,-0.0010822108015418053,0.3878842095534007
e5,scifact,learned_gate,gate_corpus_geometry,10000.0,0.0,0.38796553015708923
e5,scifact,learned_gate,gate_corpus_geometry,10000.0,0.020540600642561913,0.386509229739507
e5,scifact,learned_gate,gate_corpus_geometry,10000.0,0.04594634845852852,0.38558658957481384
e5,scifact,learned_gate,gate_corpus_geometry,10000.0,0.11163776963949204,0.38151127099990845
e5,scifact,learned_gate,gate_corpus_geometry,10000.0,0.1532765619456768,0.36835447947184247
e5,scifact,learned_gate,gate_corpus_geometry,10000.0,0.26916366815567017,0.34963735938072205
e5,scifact,learned_gate,gate_corpus_geometry,10000.0,inf,0.3494136432806651
e5,nfcorpus,oracle_candidate_lambda,query_only_candidate,0.0,,0.4767986834049225
e5,nfcorpus,oracle_candidate_lambda,query_only_candidate,0.05,,0.48140643040339154
e5,nfcorpus,oracle_candidate_lambda,query_only_candidate,0.1,,0.4890662431716919
e5,nfcorpus,oracle_candidate_lambda,query_only_candidate,0.2,,0.49896562099456787
e5,nfcorpus,oracle_candidate_lambda,query_only_candidate,0.3,,0.5091585914293925
e5,nfcorpus,oracle_candidate_lambda,query_only_candidate,0.5,,0.5277847150961558
e5,nfcorpus,oracle_candidate_lambda,query_only_candidate,0.75,,0.5420090158780416
e5,nfcorpus,oracle_candidate_lambda,query_only_candidate,1.0,,0.5515107015768687
e5,nfcorpus,learned_gate,gate_q_only,100.0,-inf,0.5205720961093903
e5,nfcorpus,learned_gate,gate_q_only,100.0,-0.24053098261356354,0.5205720961093903
e5,nfcorpus,learned_gate,gate_q_only,100.0,-0.02437758818268776,0.5207584301630656
e5,nfcorpus,learned_gate,gate_q_only,100.0,0.0,0.5156064530213674
e5,nfcorpus,learned_gate,gate_q_only,100.0,0.02660822868347168,0.5161058207352957
e5,nfcorpus,learned_gate,gate_q_only,100.0,0.08111938647925854,0.5159529149532318
e5,nfcorpus,learned_gate,gate_q_only,100.0,0.14130087941884995,0.5031560162703196
e5,nfcorpus,learned_gate,gate_q_only,100.0,0.19394704699516296,0.49137794971466064
e5,nfcorpus,learned_gate,gate_q_only,100.0,0.4697415232658386,0.4767986834049225
e5,nfcorpus,learned_gate,gate_q_only,100.0,inf,0.4767986834049225
e5,nfcorpus,learned_gate,gate_q_only,1000.0,-inf,0.5205720961093903
e5,nfcorpus,learned_gate,gate_q_only,1000.0,-0.1958872675895691,0.5205720961093903
e5,nfcorpus,learned_gate,gate_q_only,1000.0,-0.014370780438184738,0.5192241271336874
e5,nfcorpus,learned_gate,gate_q_only,1000.0,0.0,0.5192382335662842
e5,nfcorpus,learned_gate,gate_q_only,1000.0,0.025664666667580605,0.5217180252075195
e5,nfcorpus,learned_gate,gate_q_only,1000.0,0.07057360373437405,0.5195071498552958
e5,nfcorpus,learned_gate,gate_q_only,1000.0,0.12831842750310898,0.5078350305557251
e5,nfcorpus,learned_gate,gate_q_only,1000.0,0.17716979235410668,0.4939850668112437
e5,nfcorpus,learned_gate,gate_q_only,1000.0,0.4217885136604309,0.4767986834049225
e5,nfcorpus,learned_gate,gate_q_only,1000.0,inf,0.4767986834049225
e5,nfcorpus,learned_gate,gate_q_only,10000.0,-inf,0.5205720961093903
e5,nfcorpus,learned_gate,gate_q_only,10000.0,-0.10911066830158234,0.5205720961093903
e5,nfcorpus,learned_gate,gate_q_only,10000.0,-0.0009630527347326279,0.518863171339035
e5,nfcorpus,learned_gate,gate_q_only,10000.0,0.0,0.5207217633724213
e5,nfcorpus,learned_gate,gate_q_only,10000.0,0.02356889098882675,0.518208642800649
e5,nfcorpus,learned_gate,gate_q_only,10000.0,0.05466956738382578,0.5235991775989532
e5,nfcorpus,learned_gate,gate_q_only,10000.0,0.11617416590452194,0.5148911277453104
e5,nfcorpus,learned_gate,gate_q_only,10000.0,0.15596599355339993,0.49778299530347186
e5,nfcorpus,learned_gate,gate_q_only,10000.0,0.2958747446537018,0.4767986834049225
e5,nfcorpus,learned_gate,gate_q_only,10000.0,inf,0.4767986834049225
e5,nfcorpus,learned_gate,gate_reference_geometry,100.0,-inf,0.5205720961093903
e5,nfcorpus,learned_gate,gate_reference_geometry,100.0,-0.2632739543914795,0.5205720961093903
e5,nfcorpus,learned_gate,gate_reference_geometry,100.0,-0.024885844439268112,0.5200669467449188
e5,nfcorpus,learned_gate,gate_reference_geometry,100.0,0.0,0.5170816481113434
e5,nfcorpus,learned_gate,gate_reference_geometry,100.0,0.026826366782188416,0.5114388167858124
e5,nfcorpus,learned_gate,gate_reference_geometry,100.0,0.08024212718009949,0.5080918769041697
e5,nfcorpus,learned_gate,gate_reference_geometry,100.0,0.14062080979347227,0.5025565922260284
e5,nfcorpus,learned_gate,gate_reference_geometry,100.0,0.19444761127233456,0.49240859349568683
e5,nfcorpus,learned_gate,gate_reference_geometry,100.0,0.517967164516449,0.4767986834049225
e5,nfcorpus,learned_gate,gate_reference_geometry,100.0,inf,0.4767986834049225
e5,nfcorpus,learned_gate,gate_reference_geometry,1000.0,-inf,0.5205720961093903
e5,nfcorpus,learned_gate,gate_reference_geometry,1000.0,-0.2023734748363495,0.5205720961093903
e5,nfcorpus,learned_gate,gate_reference_geometry,1000.0,-0.014641126617789268,0.5200351476669312
e5,nfcorpus,learned_gate,gate_reference_geometry,1000.0,0.0,0.5205884079138438
e5,nfcorpus,learned_gate,gate_reference_geometry,1000.0,0.025324132293462753,0.5168826977411906
e5,nfcorpus,learned_gate,gate_reference_geometry,1000.0,0.06992428563535213,0.5145866274833679
e5,nfcorpus,learned_gate,gate_reference_geometry,1000.0,0.1274632483720779,0.5061967571576437
e5,nfcorpus,learned_gate,gate_reference_geometry,1000.0,0.17501572370529175,0.49554946025212604
e5,nfcorpus,learned_gate,gate_reference_geometry,1000.0,0.43309569358825684,0.4767986834049225
e5,nfcorpus,learned_gate,gate_reference_geometry,1000.0,inf,0.4767986834049225
e5,nfcorpus,learned_gate,gate_reference_geometry,10000.0,-inf,0.5205720961093903
e5,nfcorpus,learned_gate,gate_reference_geometry,10000.0,-0.11593552678823471,0.5205720961093903
e5,nfcorpus,learned_gate,gate_reference_geometry,10000.0,-0.0010566767305135727,0.5187790393829346
e5,nfcorpus,learned_gate,gate_reference_geometry,10000.0,0.0,0.5191374321778616
e5,nfcorpus,learned_gate,gate_reference_geometry,10000.0,0.02304203249514103,0.5201273858547211
e5,nfcorpus,learned_gate,gate_reference_geometry,10000.0,0.05356488469988108,0.5222157835960388
e5,nfcorpus,learned_gate,gate_reference_geometry,10000.0,0.1151387810707092,0.512442946434021
e5,nfcorpus,learned_gate,gate_reference_geometry,10000.0,0.15601724237203596,0.49351457754770917
e5,nfcorpus,learned_gate,gate_reference_geometry,10000.0,0.29665160179138184,0.4767986834049225
e5,nfcorpus,learned_gate,gate_reference_geometry,10000.0,inf,0.4767986834049225
e5,nfcorpus,learned_gate,gate_corpus_geometry,100.0,-inf,0.5205720961093903
e5,nfcorpus,learned_gate,gate_corpus_geometry,100.0,-0.24071457982063293,0.5205720961093903
e5,nfcorpus,learned_gate,gate_corpus_geometry,100.0,-0.024628523737192154,0.5200169483820597
e5,nfcorpus,learned_gate,gate_corpus_geometry,100.0,0.0,0.5158246060212454
e5,nfcorpus,learned_gate,gate_corpus_geometry,100.0,0.025661082938313484,0.5163386066754659
e5,nfcorpus,learned_gate,gate_corpus_geometry,100.0,0.0814012922346592,0.5173605481783549
e5,nfcorpus,learned_gate,gate_corpus_geometry,100.0,0.1403508633375167,0.5056525270144144
e5,nfcorpus,learned_gate,gate_corpus_geometry,100.0,0.19576599895954125,0.4961195190747579
e5,nfcorpus,learned_gate,gate_corpus_geometry,100.0,0.4806452989578247,0.4767986834049225
e5,nfcorpus,learned_gate,gate_corpus_geometry,100.0,inf,0.4767986834049225
e5,nfcorpus,learned_gate,gate_corpus_geometry,1000.0,-inf,0.5205720961093903
e5,nfcorpus,learned_gate,gate_corpus_geometry,1000.0,-0.20735767483711243,0.5205720961093903
e5,nfcorpus,learned_gate,gate_corpus_geometry,1000.0,-0.01508232019841671,0.5220321714878082
e5,nfcorpus,learned_gate,gate_corpus_geometry,1000.0,0.0,0.5179648399353027
e5,nfcorpus,learned_gate,gate_corpus_geometry,1000.0,0.0247168131172657,0.5203934113184611
e5,nfcorpus,learned_gate,gate_corpus_geometry,1000.0,0.0692271925508976,0.520501842101415
e5,nfcorpus,learned_gate,gate_corpus_geometry,1000.0,0.12838715761899946,0.5072790682315826
e5,nfcorpus,learned_gate,gate_corpus_geometry,1000.0,0.17551474049687385,0.4957917630672455
e5,nfcorpus,learned_gate,gate_corpus_geometry,1000.0,0.4349561929702759,0.4767986834049225
e5,nfcorpus,learned_gate,gate_corpus_geometry,1000.0,inf,0.4767986834049225
e5,nfcorpus,learned_gate,gate_corpus_geometry,10000.0,-inf,0.5205720961093903
e5,nfcorpus,learned_gate,gate_corpus_geometry,10000.0,-0.1248164176940918,0.5205720961093903
e5,nfcorpus,learned_gate,gate_corpus_geometry,10000.0,-0.001294141635298729,0.5190410713354746
e5,nfcorpus,learned_gate,gate_corpus_geometry,10000.0,0.0,0.5209389726320902
e5,nfcorpus,learned_gate,gate_corpus_geometry,10000.0,0.02279059775173664,0.5207184751828512
e5,nfcorpus,learned_gate,gate_corpus_geometry,10000.0,0.052387889474630356,0.5239838063716888
e5,nfcorpus,learned_gate,gate_corpus_geometry,10000.0,0.11452626436948775,0.5151798129081726
e5,nfcorpus,learned_gate,gate_corpus_geometry,10000.0,0.15531334653496726,0.49835242827733356
e5,nfcorpus,learned_gate,gate_corpus_geometry,10000.0,0.3000614047050476,0.4767986834049225
e5,nfcorpus,learned_gate,gate_corpus_geometry,10000.0,inf,0.4767986834049225
