dataset,model,rank,explained_variance_ratio,cumulative_explained_variance_ratio
fiqa,Qwen3,1,0.01802613813164831,0.01802613813164831
fiqa,Qwen3,2,0.01667616342663952,0.03470230155828783
fiqa,Qwen3,3,0.015609553518774707,0.05031185507706254
fiqa,Qwen3,4,0.014252403065829434,0.06456425814289198
fiqa,Qwen3,5,0.013650770299019368,0.07821502844191135
fiqa,Qwen3,6,0.013170028760727419,0.09138505720263876
fiqa,Qwen3,7,0.012790931831768333,0.10417598903440708
fiqa,Qwen3,8,0.012257435921183868,0.11643342495559095
fiqa,Qwen3,9,0.011803115700099575,0.1282365406556905
fiqa,Qwen3,10,0.011341044591408415,0.13957758524709893
fiqa,Qwen3,11,0.010445336248802327,0.15002292149590127
fiqa,Qwen3,12,0.010379592990708921,0.1604025144866102
fiqa,Qwen3,13,0.010244741289909801,0.17064725577651998
fiqa,Qwen3,14,0.010121397942334241,0.18076865371885423
fiqa,Qwen3,15,0.009587229793364344,0.19035588351221858
fiqa,Qwen3,16,0.009504498308340818,0.1998603818205594
fiqa,Qwen3,17,0.009263046620596259,0.20912342844115567
fiqa,Qwen3,18,0.009007507664631615,0.2181309361057873
fiqa,Qwen3,19,0.008904432177854492,0.2270353682836418
fiqa,Qwen3,20,0.008472819556747658,0.23550818784038946
fiqa,Qwen3,21,0.008437341656765277,0.24394552949715473
fiqa,Qwen3,22,0.008229553481840898,0.2521750829789956
fiqa,Qwen3,23,0.007898385347152726,0.2600734683261483
fiqa,Qwen3,24,0.007814204166386876,0.2678876724925352
fiqa,Qwen3,25,0.007599505050342359,0.27548717754287755
fiqa,Qwen3,26,0.007479532731711663,0.2829667102745892
fiqa,Qwen3,27,0.007209112405364849,0.29017582267995407
fiqa,Qwen3,28,0.007124948740852147,0.2973007714208062
fiqa,Qwen3,29,0.006949053719476957,0.30424982514028315
fiqa,Qwen3,30,0.006828222097026804,0.31107804723731
fiqa,Qwen3,31,0.0067261878163025045,0.3178042350536125
fiqa,Qwen3,32,0.006571584303427046,0.3243758193570395
fiqa,Qwen3,33,0.006407063387757158,0.33078288274479667
fiqa,Qwen3,34,0.006264364913172491,0.3370472476579692
fiqa,Qwen3,35,0.006162599555790453,0.34320984721375963
fiqa,Qwen3,36,0.00610228120020988,0.3493121284139695
fiqa,Qwen3,37,0.006016201301394448,0.355328329715364
fiqa,Qwen3,38,0.005982750097171146,0.36131107981253513
fiqa,Qwen3,39,0.005852172633700497,0.3671632524462356
fiqa,Qwen3,40,0.005731178353584932,0.37289443079982054
fiqa,Qwen3,41,0.005666247675546877,0.3785606784753674
fiqa,Qwen3,42,0.005551165055890569,0.384111843531258
fiqa,Qwen3,43,0.005531331421367321,0.3896431749526253
fiqa,Qwen3,44,0.005464587437478168,0.3951077623901035
fiqa,Qwen3,45,0.005426002931652712,0.40053376532175616
fiqa,Qwen3,46,0.00529717341066907,0.4058309387324252
fiqa,Qwen3,47,0.005266688145567856,0.41109762687799306
fiqa,Qwen3,48,0.005170855632644223,0.4162684825106373
fiqa,Qwen3,49,0.005070345943980738,0.42133882845461806
fiqa,Qwen3,50,0.005047796524541242,0.4263866249791593
fiqa,Qwen3,51,0.004957658714621688,0.43134428369378097
fiqa,Qwen3,52,0.004907053260847019,0.436251336954628
fiqa,Qwen3,53,0.004820846969070655,0.4410721839236986
fiqa,Qwen3,54,0.004752602562524806,0.4458247864862234
fiqa,Qwen3,55,0.004691073062789039,0.45051585954901247
fiqa,Qwen3,56,0.004618204025667458,0.45513406357467995
fiqa,Qwen3,57,0.004559387991522088,0.45969345156620206
fiqa,Qwen3,58,0.004532782393945415,0.46422623396014745
fiqa,Qwen3,59,0.004419450055696178,0.4686456840158436
fiqa,Qwen3,60,0.0044011354665965145,0.47304681948244015
fiqa,Qwen3,61,0.004353571142082797,0.47740039062452294
fiqa,Qwen3,62,0.0043389922891220655,0.481739382913645
fiqa,Qwen3,63,0.00424396656354481,0.4859833494771898
fiqa,Qwen3,64,0.004124158711518024,0.4901075081887078
fiqa,Qwen3,65,0.004090155675806995,0.4941976638645148
fiqa,Qwen3,66,0.00407307637687591,0.49827074024139073
fiqa,Qwen3,67,0.0040327515873484635,0.5023034918287392
fiqa,Qwen3,68,0.003982309843261424,0.5062858016720007
fiqa,Qwen3,69,0.003966014408747817,0.5102518160807484
fiqa,Qwen3,70,0.003929042590677056,0.5141808586714255
fiqa,Qwen3,71,0.0038797692854487466,0.5180606279568742
fiqa,Qwen3,72,0.0038455009243708476,0.5219061288812451
fiqa,Qwen3,73,0.0038343402954223076,0.5257404691766674
fiqa,Qwen3,74,0.003737271182568741,0.5294777403592361
fiqa,Qwen3,75,0.003705887900286272,0.5331836282595224
fiqa,Qwen3,76,0.0036509512057377653,0.5368345794652601
fiqa,Qwen3,77,0.0035808920552972885,0.5404154715205575
fiqa,Qwen3,78,0.003547222582671551,0.5439626941032291
fiqa,Qwen3,79,0.0034875073581516736,0.5474502014613807
fiqa,Qwen3,80,0.0034646428201019664,0.5509148442814826
fiqa,Qwen3,81,0.003427335698835675,0.5543421799803183
fiqa,Qwen3,82,0.0033994134944176986,0.5577415934747361
fiqa,Qwen3,83,0.003376674969711245,0.5611182684444473
fiqa,Qwen3,84,0.003347821729623937,0.5644660901740712
fiqa,Qwen3,85,0.0032976393920717204,0.567763729566143
fiqa,Qwen3,86,0.003284368791563392,0.5710480983577063
fiqa,Qwen3,87,0.003214097314217906,0.5742621956719243
fiqa,Qwen3,88,0.003183143868302305,0.5774453395402266
fiqa,Qwen3,89,0.00315403896828682,0.5805993785085134
fiqa,Qwen3,90,0.0031382119760456277,0.583737590484559
fiqa,Qwen3,91,0.003107194641977608,0.5868447851265366
fiqa,Qwen3,92,0.003073400707477839,0.5899181858340145
fiqa,Qwen3,93,0.003041790686379311,0.5929599765203938
fiqa,Qwen3,94,0.003035211645096966,0.5959951881654908
fiqa,Qwen3,95,0.002982760772235147,0.5989779489377259
fiqa,Qwen3,96,0.0029487714295179605,0.6019267203672439
fiqa,Qwen3,97,0.002922269155269299,0.6048489895225132
fiqa,Qwen3,98,0.0028882881318831534,0.6077372776543963
fiqa,Qwen3,99,0.0028524885177266595,0.610589766172123
fiqa,Qwen3,100,0.002839202294955867,0.6134289684670788
fiqa,Qwen3,101,0.002813465674402132,0.6162424341414809
fiqa,Qwen3,102,0.0027887481161912144,0.6190311822576722
fiqa,Qwen3,103,0.0027610211804689404,0.6217922034381411
fiqa,Qwen3,104,0.002703621945507616,0.6244958253836488
fiqa,Qwen3,105,0.002692182362868005,0.6271880077465168
fiqa,Qwen3,106,0.0026662375441793944,0.6298542452906962
fiqa,Qwen3,107,0.0026596946106149637,0.6325139399013112
fiqa,Qwen3,108,0.002607402579098719,0.63512134248041
fiqa,Qwen3,109,0.0025927282062926486,0.6377140706867026
fiqa,Qwen3,110,0.0025785100396598848,0.6402925807263625
fiqa,Qwen3,111,0.002557465517127921,0.6428500462434904
fiqa,Qwen3,112,0.002535553858149298,0.6453856001016397
fiqa,Qwen3,113,0.002533793694736042,0.6479193937963758
fiqa,Qwen3,114,0.002484288623543685,0.6504036824199194
fiqa,Qwen3,115,0.0024597005555622832,0.6528633829754817
fiqa,Qwen3,116,0.0024328973611771852,0.6552962803366589
fiqa,Qwen3,117,0.0024235281716841386,0.657719808508343
fiqa,Qwen3,118,0.002406832364399981,0.660126640872743
fiqa,Qwen3,119,0.0023939833783967446,0.6625206242511397
fiqa,Qwen3,120,0.0023710802804810267,0.6648917045316207
fiqa,Qwen3,121,0.0023441417350226067,0.6672358462666433
fiqa,Qwen3,122,0.002329790068095573,0.6695656363347389
fiqa,Qwen3,123,0.002310612744803572,0.6718762490795425
fiqa,Qwen3,124,0.002288243890040955,0.6741644929695835
fiqa,Qwen3,125,0.0022567422507056662,0.6764212352202892
fiqa,Qwen3,126,0.0022414278316040402,0.6786626630518933
fiqa,Qwen3,127,0.0022312734515573304,0.6808939365034506
fiqa,Qwen3,128,0.0022109001950040875,0.6831048366984548
fiqa,Qwen3,129,0.0021874594782027275,0.6852922961766575
fiqa,Qwen3,130,0.002161879447770279,0.6874541756244278
fiqa,Qwen3,131,0.0021277111485674084,0.6895818867729951
fiqa,Qwen3,132,0.002111389093900592,0.6916932758668958
fiqa,Qwen3,133,0.002106257076861293,0.6937995329437571
fiqa,Qwen3,134,0.0020829967914608245,0.6958825297352179
fiqa,Qwen3,135,0.0020797186045071266,0.6979622483397251
fiqa,Qwen3,136,0.002061500560069196,0.7000237488997942
fiqa,Qwen3,137,0.0020370539064921375,0.7020608028062864
fiqa,Qwen3,138,0.0020205116492066867,0.704081314455493
fiqa,Qwen3,139,0.0020074158249835123,0.7060887302804766
fiqa,Qwen3,140,0.0019900417366997126,0.7080787720171763
fiqa,Qwen3,141,0.0019804242923653144,0.7100591963095416
fiqa,Qwen3,142,0.001967441750418712,0.7120266380599604
fiqa,Qwen3,143,0.0019494146148473623,0.7139760526748077
fiqa,Qwen3,144,0.0019362940144509405,0.7159123466892586
fiqa,Qwen3,145,0.0019273898168481213,0.7178397365061068
fiqa,Qwen3,146,0.001920606655843468,0.7197603431619503
fiqa,Qwen3,147,0.0019050561316328828,0.7216653992935831
fiqa,Qwen3,148,0.0018882131505072663,0.7235536124440903
fiqa,Qwen3,149,0.0018571499092761888,0.7254107623533665
fiqa,Qwen3,150,0.0018511053279331264,0.7272618676812996
fiqa,Qwen3,151,0.0018224695018725146,0.7290843371831721
fiqa,Qwen3,152,0.0018090519787830645,0.7308933891619552
fiqa,Qwen3,153,0.001799266135591819,0.732692655297547
fiqa,Qwen3,154,0.0017790724913817689,0.7344717277889288
fiqa,Qwen3,155,0.0017573528583675394,0.7362290806472963
fiqa,Qwen3,156,0.0017460320793821202,0.7379751127266784
fiqa,Qwen3,157,0.0017316352674833805,0.7397067479941618
fiqa,Qwen3,158,0.0017171757709200266,0.7414239237650818
fiqa,Qwen3,159,0.0017008272510143838,0.7431247510160962
fiqa,Qwen3,160,0.0016899061448644541,0.7448146571609606
fiqa,Qwen3,161,0.0016787041905963714,0.746493361351557
fiqa,Qwen3,162,0.0016673908082340699,0.748160752159791
fiqa,Qwen3,163,0.0016587031074413985,0.7498194552672325
fiqa,Qwen3,164,0.001649218225833157,0.7514686734930657
fiqa,Qwen3,165,0.0016306984255491691,0.7530993719186149
fiqa,Qwen3,166,0.001619866858146899,0.7547192387767617
fiqa,Qwen3,167,0.001606178406087216,0.756325417182849
fiqa,Qwen3,168,0.0015981499586510837,0.7579235671415
fiqa,Qwen3,169,0.001586166042158765,0.7595097331836588
fiqa,Qwen3,170,0.0015676861691018892,0.7610774193527606
fiqa,Qwen3,171,0.0015622784677020417,0.7626396978204627
fiqa,Qwen3,172,0.001548529148231475,0.7641882269686942
fiqa,Qwen3,173,0.00154228623513347,0.7657305132038276
fiqa,Qwen3,174,0.0015209965051836425,0.7672515097090112
fiqa,Qwen3,175,0.001515474556192423,0.7687669842652036
fiqa,Qwen3,176,0.0015079046969083598,0.7702748889621119
fiqa,Qwen3,177,0.0014972864618515236,0.7717721754239635
fiqa,Qwen3,178,0.0014764766960413552,0.7732486521200048
fiqa,Qwen3,179,0.001468209286983282,0.7747168614069881
fiqa,Qwen3,180,0.0014618293070359813,0.7761786907140241
fiqa,Qwen3,181,0.001448541967402245,0.7776272326814264
fiqa,Qwen3,182,0.0014431378173988558,0.7790703704988253
fiqa,Qwen3,183,0.0014155365082131684,0.7804859070070385
fiqa,Qwen3,184,0.001406204623278884,0.7818921116303174
fiqa,Qwen3,185,0.0014019138200306563,0.783294025450348
fiqa,Qwen3,186,0.0013963619785474564,0.7846903874288954
fiqa,Qwen3,187,0.0013889709345443492,0.7860793583634398
fiqa,Qwen3,188,0.0013656068504672855,0.787444965213907
fiqa,Qwen3,189,0.0013610641303932506,0.7888060293443003
fiqa,Qwen3,190,0.0013464591230960437,0.7901524884673964
fiqa,Qwen3,191,0.0013359301623339492,0.7914884186297303
fiqa,Qwen3,192,0.0013292666258046563,0.792817685255535
fiqa,Qwen3,193,0.001323337130204568,0.7941410223857396
fiqa,Qwen3,194,0.0013122931005834215,0.795453315486323
fiqa,Qwen3,195,0.0013068714977380613,0.7967601869840611
fiqa,Qwen3,196,0.001301401596809315,0.7980615885808705
fiqa,Qwen3,197,0.0012933039339514977,0.7993548925148221
fiqa,Qwen3,198,0.0012781912688787985,0.8006330837837009
fiqa,Qwen3,199,0.00126347118009611,0.801896554963797
fiqa,Qwen3,200,0.0012619052000705422,0.8031584601638675
fiqa,Qwen3,201,0.001251303712803284,0.8044097638766707
fiqa,Qwen3,202,0.0012412041915197502,0.8056509680681905
fiqa,Qwen3,203,0.001230513920675749,0.8068814819888662
fiqa,Qwen3,204,0.0012233057740451932,0.8081047877629114
fiqa,Qwen3,205,0.0012192925804782465,0.8093240803433897
fiqa,Qwen3,206,0.0012112285042562751,0.8105353088476459
fiqa,Qwen3,207,0.001207303791636912,0.8117426126392828
fiqa,Qwen3,208,0.0011956934694417256,0.8129383061087245
fiqa,Qwen3,209,0.0011861458278073231,0.8141244519365318
fiqa,Qwen3,210,0.0011838876896065977,0.8153083396261385
fiqa,Qwen3,211,0.0011689760734680792,0.8164773156996066
fiqa,Qwen3,212,0.001163176546002086,0.8176404922456086
fiqa,Qwen3,213,0.0011507752880124847,0.8187912675336211
fiqa,Qwen3,214,0.001147741859894476,0.8199390093935156
fiqa,Qwen3,215,0.0011380352312010944,0.8210770446247166
fiqa,Qwen3,216,0.0011235345563471956,0.8222005791810638
fiqa,Qwen3,217,0.0011185242640865747,0.8233191034451504
fiqa,Qwen3,218,0.001109813502994492,0.8244289169481448
fiqa,Qwen3,219,0.0011063006393413598,0.8255352175874862
fiqa,Qwen3,220,0.0010979455579575356,0.8266331631454437
fiqa,Qwen3,221,0.0010925269634190602,0.8277256901088628
fiqa,Qwen3,222,0.0010836189674765994,0.8288093090763393
fiqa,Qwen3,223,0.0010731330564082498,0.8298824421327475
fiqa,Qwen3,224,0.0010680245039663212,0.8309504666367139
fiqa,Qwen3,225,0.001056968545461621,0.8320074351821756
fiqa,Qwen3,226,0.0010550043264532737,0.8330624395086288
fiqa,Qwen3,227,0.0010402522489601357,0.8341026917575889
fiqa,Qwen3,228,0.0010342811216173821,0.8351369728792063
fiqa,Qwen3,229,0.0010298703048266065,0.8361668431840329
fiqa,Qwen3,230,0.0010280212148542978,0.8371948643988872
fiqa,Qwen3,231,0.001017563279341763,0.838212427678229
fiqa,Qwen3,232,0.0010041334854535501,0.8392165611636826
fiqa,Qwen3,233,0.000997443005540867,0.8402140041692234
fiqa,Qwen3,234,0.000995020272322836,0.8412090244415462
fiqa,Qwen3,235,0.000989134135501165,0.8421981585770474
fiqa,Qwen3,236,0.000984153903452492,0.8431823124804999
fiqa,Qwen3,237,0.0009729181245178841,0.8441552306050177
fiqa,Qwen3,238,0.0009669013856349348,0.8451221319906527
fiqa,Qwen3,239,0.0009546445803736968,0.8460767765710263
fiqa,Qwen3,240,0.0009514646391879398,0.8470282412102142
fiqa,Qwen3,241,0.000945363815313134,0.8479736050255274
fiqa,Qwen3,242,0.0009390686334350511,0.8489126736589625
fiqa,Qwen3,243,0.0009307106237759964,0.8498433842827385
fiqa,Qwen3,244,0.0009252494558103373,0.8507686337385488
fiqa,Qwen3,245,0.0009225566578058573,0.8516911903963547
fiqa,Qwen3,246,0.0009193917440642761,0.852610582140419
fiqa,Qwen3,247,0.0009051101031745184,0.8535156922435935
fiqa,Qwen3,248,0.0009018499881677782,0.8544175422317613
fiqa,Qwen3,249,0.0008940660280633671,0.8553116082598247
fiqa,Qwen3,250,0.0008871368637092248,0.8561987451235339
fiqa,Qwen3,251,0.0008803611951212209,0.8570791063186551
fiqa,Qwen3,252,0.0008763797471711034,0.8579554860658263
fiqa,Qwen3,253,0.0008707473580873981,0.8588262334239136
fiqa,Qwen3,254,0.0008668502124342682,0.8596930836363479
fiqa,Qwen3,255,0.0008604693149481009,0.860553552951296
fiqa,Qwen3,256,0.0008551320286188517,0.8614086849799149
fiqa,Qwen3,257,0.0008535712768081993,0.862262256256723
fiqa,Qwen3,258,0.0008509197925090483,0.8631131760492321
fiqa,Qwen3,259,0.000842049067697234,0.8639552251169293
fiqa,Qwen3,260,0.000838602955380298,0.8647938280723096
fiqa,Qwen3,261,0.0008348864542606141,0.8656287145265703
fiqa,Qwen3,262,0.0008281273444261378,0.8664568418709965
fiqa,Qwen3,263,0.0008213176527225363,0.867278159523719
fiqa,Qwen3,264,0.0008196648244825611,0.8680978243482016
fiqa,Qwen3,265,0.0008141091764963938,0.868911933524698
fiqa,Qwen3,266,0.0008073436616593883,0.8697192771863573
fiqa,Qwen3,267,0.0008048288391272551,0.8705241060254846
fiqa,Qwen3,268,0.000800870006916327,0.8713249760324009
fiqa,Qwen3,269,0.0007915437237224496,0.8721165197561234
fiqa,Qwen3,270,0.0007845237252358912,0.8729010434813592
fiqa,Qwen3,271,0.0007817892948985012,0.8736828327762577
fiqa,Qwen3,272,0.0007772422447041725,0.8744600750209619
fiqa,Qwen3,273,0.0007736386443725007,0.8752337136653344
fiqa,Qwen3,274,0.0007662898157248073,0.8760000034810592
fiqa,Qwen3,275,0.000762514643171039,0.8767625181242302
fiqa,Qwen3,276,0.000756810409793102,0.8775193285340234
fiqa,Qwen3,277,0.000753738240403848,0.8782730667744272
fiqa,Qwen3,278,0.0007506129322582543,0.8790236797066854
fiqa,Qwen3,279,0.0007427387838830979,0.8797664184905685
fiqa,Qwen3,280,0.000737757593648927,0.8805041760842174
fiqa,Qwen3,281,0.0007352098784953358,0.8812393859627127
fiqa,Qwen3,282,0.0007292505934887053,0.8819686365562014
fiqa,Qwen3,283,0.0007236963399810862,0.8826923328961824
fiqa,Qwen3,284,0.0007191327024094228,0.8834114655985918
fiqa,Qwen3,285,0.0007152123121893506,0.8841266779107813
fiqa,Qwen3,286,0.0007121193557627414,0.884838797266544
fiqa,Qwen3,287,0.0007090895211292311,0.8855478867876733
fiqa,Qwen3,288,0.0007034644901338387,0.8862513512778071
fiqa,Qwen3,289,0.0006976593695587488,0.8869490106473659
fiqa,Qwen3,290,0.0006910774037325143,0.8876400880510984
fiqa,Qwen3,291,0.0006873783973558994,0.8883274664484543
fiqa,Qwen3,292,0.0006836486179160105,0.8890111150663703
fiqa,Qwen3,293,0.0006801238785437021,0.889691238944914
fiqa,Qwen3,294,0.0006760518884482726,0.8903672908333623
fiqa,Qwen3,295,0.0006698475275869004,0.8910371383609492
fiqa,Qwen3,296,0.0006641391952029691,0.8917012775561521
fiqa,Qwen3,297,0.0006621034037311093,0.8923633809598832
fiqa,Qwen3,298,0.0006578600977363861,0.8930212410576196
fiqa,Qwen3,299,0.0006509653656172741,0.8936722064232369
fiqa,Qwen3,300,0.0006490954139925538,0.8943213018372295
fiqa,Qwen3,301,0.0006444125914370209,0.8949657144286665
fiqa,Qwen3,302,0.000638363201410986,0.8956040776300774
fiqa,Qwen3,303,0.0006370157104381007,0.8962410933405155
fiqa,Qwen3,304,0.000634209425045873,0.8968753027655614
fiqa,Qwen3,305,0.000628512162649041,0.8975038149282104
fiqa,Qwen3,306,0.0006245143900220235,0.8981283293182324
fiqa,Qwen3,307,0.0006205332996082626,0.8987488626178407
fiqa,Qwen3,308,0.0006200492352301459,0.8993689118530709
fiqa,Qwen3,309,0.0006162722947413358,0.8999851841478123
fiqa,Qwen3,310,0.0006101127693053954,0.9005952969171177
fiqa,Qwen3,311,0.0006071923849109128,0.9012024893020286
fiqa,Qwen3,312,0.0006064258815300572,0.9018089151835587
fiqa,Qwen3,313,0.0006036548445419743,0.9024125700281006
fiqa,Qwen3,314,0.000596289503346705,0.9030088595314473
fiqa,Qwen3,315,0.0005901965080309573,0.9035990560394782
fiqa,Qwen3,316,0.0005850062870769479,0.9041840623265551
fiqa,Qwen3,317,0.0005798374653318122,0.904763899791887
fiqa,Qwen3,318,0.0005783870740678935,0.9053422868659549
fiqa,Qwen3,319,0.000575168090190852,0.9059174549561457
fiqa,Qwen3,320,0.000573493445240394,0.9064909484013861
fiqa,Qwen3,321,0.0005722423504253076,0.9070631907518114
fiqa,Qwen3,322,0.0005690987994701845,0.9076322895512816
fiqa,Qwen3,323,0.0005624269944061856,0.9081947165456878
fiqa,Qwen3,324,0.0005585024563806119,0.9087532190020684
fiqa,Qwen3,325,0.000555131423356261,0.9093083504254247
fiqa,Qwen3,326,0.0005535426360818028,0.9098618930615064
fiqa,Qwen3,327,0.0005504978066195439,0.910412390868126
fiqa,Qwen3,328,0.0005452439062713893,0.9109576347743974
fiqa,Qwen3,329,0.0005427333359130137,0.9115003681103104
fiqa,Qwen3,330,0.0005420049066342402,0.9120423730169447
fiqa,Qwen3,331,0.0005353561480506427,0.9125777291649954
fiqa,Qwen3,332,0.0005332746829552203,0.9131110038479505
fiqa,Qwen3,333,0.0005303348868199264,0.9136413387347705
fiqa,Qwen3,334,0.0005264371573181688,0.9141677758920886
fiqa,Qwen3,335,0.0005254617355358715,0.9146932376276246
fiqa,Qwen3,336,0.000522724041759348,0.9152159616693839
fiqa,Qwen3,337,0.0005192555768363006,0.9157352172462202
fiqa,Qwen3,338,0.0005151149680886302,0.9162503322143088
fiqa,Qwen3,339,0.00050722840079489,0.9167575606151037
fiqa,Qwen3,340,0.0005070002633596417,0.9172645608784633
fiqa,Qwen3,341,0.0005036059079813949,0.9177681667864447
fiqa,Qwen3,342,0.0005030825711605815,0.9182712493576053
fiqa,Qwen3,343,0.0004964897303745484,0.9187677390879798
fiqa,Qwen3,344,0.0004958387368002043,0.9192635778247801
fiqa,Qwen3,345,0.000493178747891865,0.919756756572672
fiqa,Qwen3,346,0.0004910743642653844,0.9202478309369374
fiqa,Qwen3,347,0.00048799769861747756,0.9207358286355549
fiqa,Qwen3,348,0.0004821625636521883,0.9212179911992071
fiqa,Qwen3,349,0.0004799113250831093,0.9216979025242902
fiqa,Qwen3,350,0.0004772732366223501,0.9221751757609126
fiqa,Qwen3,351,0.0004746518262594896,0.9226498275871721
fiqa,Qwen3,352,0.0004725695139824349,0.9231223971011545
fiqa,Qwen3,353,0.00047162285994543224,0.9235940199610999
fiqa,Qwen3,354,0.00047081613325546855,0.9240648360943554
fiqa,Qwen3,355,0.0004617610937077248,0.9245265971880632
fiqa,Qwen3,356,0.0004608649271732525,0.9249874621152364
fiqa,Qwen3,357,0.00045617390657385926,0.9254436360218102
fiqa,Qwen3,358,0.0004552602451637817,0.925898896266974
fiqa,Qwen3,359,0.0004510413558949345,0.9263499376228689
fiqa,Qwen3,360,0.0004490897172567856,0.9267990273401256
fiqa,Qwen3,361,0.00044875472486658727,0.9272477820649923
fiqa,Qwen3,362,0.0004455112687361064,0.9276932933337284
fiqa,Qwen3,363,0.0004444259407667185,0.9281377192744952
fiqa,Qwen3,364,0.0004403307753591286,0.9285780500498543
fiqa,Qwen3,365,0.00043896087697158645,0.9290170109268259
fiqa,Qwen3,366,0.00043473488660125296,0.9294517458134272
fiqa,Qwen3,367,0.00043218099221933046,0.9298839268056465
fiqa,Qwen3,368,0.00042893777306804036,0.9303128645787145
fiqa,Qwen3,369,0.00042853236898763105,0.9307413969477022
fiqa,Qwen3,370,0.0004275165893369677,0.9311689135370391
fiqa,Qwen3,371,0.0004261221235618936,0.931595035660601
fiqa,Qwen3,372,0.0004241585301386767,0.9320191941907396
fiqa,Qwen3,373,0.00041883942312646725,0.9324380336138661
fiqa,Qwen3,374,0.0004163151321364276,0.9328543487460026
fiqa,Qwen3,375,0.00041583857078963916,0.9332701873167922
fiqa,Qwen3,376,0.00041333684065358953,0.9336835241574458
fiqa,Qwen3,377,0.00040975047034267584,0.9340932746277885
fiqa,Qwen3,378,0.0004050143127145685,0.934498288940503
fiqa,Qwen3,379,0.00040322006259684056,0.9349015090030999
fiqa,Qwen3,380,0.0004018726031693178,0.9353033816062692
fiqa,Qwen3,381,0.00039839564691884327,0.935701777253188
fiqa,Qwen3,382,0.00039662687609801176,0.936098404129286
fiqa,Qwen3,383,0.0003927496470263924,0.9364911537763124
fiqa,Qwen3,384,0.00038952353053916535,0.9368806773068515
fiqa,Qwen3,385,0.000386471285087987,0.9372671485919395
fiqa,Qwen3,386,0.0003840385343981909,0.9376511871263377
fiqa,Qwen3,387,0.00038188722387752836,0.9380330743502152
fiqa,Qwen3,388,0.00037966685966327266,0.9384127412098785
fiqa,Qwen3,389,0.00037904445221601207,0.9387917856620945
fiqa,Qwen3,390,0.00037773941534427436,0.9391695250774388
fiqa,Qwen3,391,0.0003760891808988878,0.9395456142583377
fiqa,Qwen3,392,0.0003707903383645297,0.9399164045967022
fiqa,Qwen3,393,0.00036891767640074994,0.940285322273103
fiqa,Qwen3,394,0.00036863072970784786,0.9406539530028108
fiqa,Qwen3,395,0.0003651229565646619,0.9410190759593755
fiqa,Qwen3,396,0.00036262104584266656,0.9413816970052181
fiqa,Qwen3,397,0.0003616437664802555,0.9417433407716984
fiqa,Qwen3,398,0.0003603253424509147,0.9421036661141493
fiqa,Qwen3,399,0.00035680353803144307,0.9424604696521808
fiqa,Qwen3,400,0.0003550622921541304,0.9428155319443349
fiqa,Qwen3,401,0.00035057209453820024,0.943166104038873
fiqa,Qwen3,402,0.0003484518477629595,0.943514555886636
fiqa,Qwen3,403,0.00034786051863331606,0.9438624164052694
fiqa,Qwen3,404,0.00034594077730751055,0.9442083571825769
fiqa,Qwen3,405,0.0003422096937320166,0.9445505668763089
fiqa,Qwen3,406,0.00034173911796989885,0.9448923059942788
fiqa,Qwen3,407,0.00034132819773001455,0.9452336341920088
fiqa,Qwen3,408,0.0003367592928004453,0.9455703934848092
fiqa,Qwen3,409,0.0003365221881916492,0.9459069156730009
fiqa,Qwen3,410,0.000335696727755973,0.9462426124007569
fiqa,Qwen3,411,0.00033287365586368164,0.9465754860566206
fiqa,Qwen3,412,0.00032963491750767886,0.9469051209741283
fiqa,Qwen3,413,0.0003275275513907881,0.947232648525519
fiqa,Qwen3,414,0.0003258353568214889,0.9475584838823405
fiqa,Qwen3,415,0.00032490002626297935,0.9478833839086035
fiqa,Qwen3,416,0.00032317021541973756,0.9482065541240232
fiqa,Qwen3,417,0.00031972002452089606,0.9485262741485441
fiqa,Qwen3,418,0.00031776434928227184,0.9488440384978264
fiqa,Qwen3,419,0.0003163091127587928,0.9491603476105852
fiqa,Qwen3,420,0.0003149629757540241,0.9494753105863393
fiqa,Qwen3,421,0.0003137406633427586,0.949789051249682
fiqa,Qwen3,422,0.00031157634619484665,0.9501006275958769
fiqa,Qwen3,423,0.0003094703267844039,0.9504100979226613
fiqa,Qwen3,424,0.000306186959501974,0.9507162848821633
fiqa,Qwen3,425,0.00030558987865181,0.9510218747608151
fiqa,Qwen3,426,0.0003039343883858975,0.9513258091492011
fiqa,Qwen3,427,0.0003022668273624182,0.9516280759765635
fiqa,Qwen3,428,0.0002996949379148187,0.9519277709144783
fiqa,Qwen3,429,0.0002978903956515702,0.9522256613101299
fiqa,Qwen3,430,0.00029643936527192546,0.9525221006754018
fiqa,Qwen3,431,0.00029473415495620965,0.952816834830358
fiqa,Qwen3,432,0.0002936442509227348,0.9531104790812807
fiqa,Qwen3,433,0.0002930814378543221,0.953403560519135
fiqa,Qwen3,434,0.00029102092548229883,0.9536945814446173
fiqa,Qwen3,435,0.00028901924060444805,0.9539836006852217
fiqa,Qwen3,436,0.0002872642599496564,0.9542708649451713
fiqa,Qwen3,437,0.0002859382279857722,0.954556803173157
fiqa,Qwen3,438,0.0002824355518624278,0.9548392387250195
fiqa,Qwen3,439,0.00028124996111795905,0.9551204886861375
fiqa,Qwen3,440,0.00028018292542082143,0.9554006716115584
fiqa,Qwen3,441,0.0002798435455976253,0.955680515157156
fiqa,Qwen3,442,0.0002754555925720148,0.955955970749728
fiqa,Qwen3,443,0.00027458675741395144,0.956230557507142
fiqa,Qwen3,444,0.0002731575850804677,0.9565037150922225
fiqa,Qwen3,445,0.0002718644192291875,0.9567755795114518
fiqa,Qwen3,446,0.0002697414614340885,0.9570453209728859
fiqa,Qwen3,447,0.00026818846726752376,0.9573135094401534
fiqa,Qwen3,448,0.00026591445883993124,0.9575794238989933
fiqa,Qwen3,449,0.00026580984666356753,0.9578452337456569
fiqa,Qwen3,450,0.00026511852239818277,0.9581103522680551
fiqa,Qwen3,451,0.00026308580581580436,0.9583734380738709
fiqa,Qwen3,452,0.0002615288349385739,0.9586349669088094
fiqa,Qwen3,453,0.00026006587535949406,0.958895032784169
fiqa,Qwen3,454,0.0002574690720578298,0.9591525018562268
fiqa,Qwen3,455,0.0002565138264903087,0.9594090156827171
fiqa,Qwen3,456,0.00025409233058798595,0.9596631080133051
fiqa,Qwen3,457,0.000251663073681907,0.9599147710869871
fiqa,Qwen3,458,0.00025110541012718374,0.9601658764971143
fiqa,Qwen3,459,0.00025061097281312656,0.9604164874699274
fiqa,Qwen3,460,0.00024829006121963,0.960664777531147
fiqa,Qwen3,461,0.00024723958249983256,0.9609120171136468
fiqa,Qwen3,462,0.000246577853998939,0.9611585949676458
fiqa,Qwen3,463,0.00024397721263418122,0.9614025721802799
fiqa,Qwen3,464,0.0002426064985632352,0.9616451786788431
fiqa,Qwen3,465,0.00024190857846536975,0.9618870872573085
fiqa,Qwen3,466,0.00024004076311843063,0.962127128020427
fiqa,Qwen3,467,0.00023919419543069572,0.9623663222158577
fiqa,Qwen3,468,0.00023685027319664706,0.9626031724890544
fiqa,Qwen3,469,0.0002354458091296954,0.9628386182981841
fiqa,Qwen3,470,0.00023363963491197014,0.963072257933096
fiqa,Qwen3,471,0.00023349306442354856,0.9633057509975196
fiqa,Qwen3,472,0.00023210941012264015,0.9635378604076422
fiqa,Qwen3,473,0.0002311947369706421,0.9637690551446129
fiqa,Qwen3,474,0.00022990325743766436,0.9639989584020505
fiqa,Qwen3,475,0.00022781235828553317,0.964226770760336
fiqa,Qwen3,476,0.00022631921016734503,0.9644530899705034
fiqa,Qwen3,477,0.00022545610308170232,0.964678546073585
fiqa,Qwen3,478,0.00022438462968487133,0.9649029307032699
fiqa,Qwen3,479,0.00022321480005873577,0.9651261455033286
fiqa,Qwen3,480,0.0002211674766271537,0.9653473129799558
fiqa,Qwen3,481,0.00022081753251874383,0.9655681305124746
fiqa,Qwen3,482,0.00021968480852465128,0.9657878153209992
fiqa,Qwen3,483,0.00021899018991586566,0.9660068055109151
fiqa,Qwen3,484,0.00021852420228248075,0.9662253297131976
fiqa,Qwen3,485,0.00021554724581776077,0.9664408769590154
fiqa,Qwen3,486,0.00021536290030621757,0.9666562398593216
fiqa,Qwen3,487,0.00021339072224592237,0.9668696305815675
fiqa,Qwen3,488,0.00021150575288303612,0.9670811363344506
fiqa,Qwen3,489,0.0002097705489471774,0.9672909068833978
fiqa,Qwen3,490,0.00020910370178993395,0.9675000105851878
fiqa,Qwen3,491,0.00020773822457415946,0.967707748809762
fiqa,Qwen3,492,0.00020695877173648058,0.9679147075814984
fiqa,Qwen3,493,0.00020518343372681662,0.9681198910152252
fiqa,Qwen3,494,0.00020434392571939345,0.9683242349409447
fiqa,Qwen3,495,0.00020368337832596295,0.9685279183192707
fiqa,Qwen3,496,0.00020237634024773067,0.9687302946595184
fiqa,Qwen3,497,0.0002006773337282986,0.9689309719932467
fiqa,Qwen3,498,0.00020041599334940115,0.9691313879865961
fiqa,Qwen3,499,0.00020001241514601396,0.9693314004017421
fiqa,Qwen3,500,0.0001986174475691671,0.9695300178493114
fiqa,Qwen3,501,0.00019791315347056013,0.9697279310027819
fiqa,Qwen3,502,0.0001962859018714279,0.9699242169046532
fiqa,Qwen3,503,0.0001957550643680269,0.9701199719690212
fiqa,Qwen3,504,0.0001934626471251692,0.9703134346161464
fiqa,Qwen3,505,0.0001926888537896838,0.970506123469936
fiqa,Qwen3,506,0.00019135071441687818,0.9706974741843529
fiqa,Qwen3,507,0.00019009078038844613,0.9708875649647414
fiqa,Qwen3,508,0.00018753301171689398,0.9710750979764583
fiqa,Qwen3,509,0.00018702896292325212,0.9712621269393815
fiqa,Qwen3,510,0.00018628115357215808,0.9714484080929536
fiqa,Qwen3,511,0.00018471390444490382,0.9716331219973985
fiqa,Qwen3,512,0.00018431570893736167,0.9718174377063359
fiqa,Qwen3,513,0.0001834173899193333,0.9720008550962552
fiqa,Qwen3,514,0.0001815547945226761,0.9721824098907779
fiqa,Qwen3,515,0.0001810515748547122,0.9723634614656326
fiqa,Qwen3,516,0.0001805401497875385,0.9725440016154201
fiqa,Qwen3,517,0.000179630192363592,0.9727236318077837
fiqa,Qwen3,518,0.00017774958139400788,0.9729013813891777
fiqa,Qwen3,519,0.00017669207378621276,0.9730780734629639
fiqa,Qwen3,520,0.00017461849103414436,0.9732526919539981
fiqa,Qwen3,521,0.0001740361285236617,0.9734267280825217
fiqa,Qwen3,522,0.0001734962747561822,0.9736002243572779
fiqa,Qwen3,523,0.00017303992821347716,0.9737732642854914
fiqa,Qwen3,524,0.00017187297097212418,0.9739451372564635
fiqa,Qwen3,525,0.000171076482056161,0.9741162137385196
fiqa,Qwen3,526,0.00017015586183681105,0.9742863696003564
fiqa,Qwen3,527,0.00016930371672532928,0.9744556733170817
fiqa,Qwen3,528,0.00016824284544395896,0.9746239161625256
fiqa,Qwen3,529,0.00016782935453696476,0.9747917455170626
fiqa,Qwen3,530,0.00016690058498461808,0.9749586461020472
fiqa,Qwen3,531,0.0001658907004119491,0.9751245368024591
fiqa,Qwen3,532,0.00016482449065765835,0.9752893612931168
fiqa,Qwen3,533,0.00016383604090726469,0.9754531973340241
fiqa,Qwen3,534,0.0001628329044947251,0.9756160302385188
fiqa,Qwen3,535,0.00016193610482659635,0.9757779663433455
fiqa,Qwen3,536,0.00016005586719244864,0.9759380222105379
fiqa,Qwen3,537,0.00015903863750007917,0.976097060848038
fiqa,Qwen3,538,0.00015772845164167354,0.9762547892996797
fiqa,Qwen3,539,0.0001567811049591247,0.9764115704046388
fiqa,Qwen3,540,0.00015599980667418219,0.9765675702113129
fiqa,Qwen3,541,0.00015505773028004718,0.9767226279415929
fiqa,Qwen3,542,0.0001540287308068927,0.9768766566723999
fiqa,Qwen3,543,0.0001538681338383794,0.9770305248062382
fiqa,Qwen3,544,0.00015303236026254876,0.9771835571665007
fiqa,Qwen3,545,0.00015258491240364904,0.9773361420789044
fiqa,Qwen3,546,0.0001520121411745284,0.977488154220079
fiqa,Qwen3,547,0.00015000837556719936,0.9776381625956462
fiqa,Qwen3,548,0.00014973230495238268,0.9777878949005986
fiqa,Qwen3,549,0.00014856846290770315,0.9779364633635063
fiqa,Qwen3,550,0.0001471796157636896,0.97808364297927
fiqa,Qwen3,551,0.0001464014675774756,0.9782300444468475
fiqa,Qwen3,552,0.00014567386081335346,0.9783757183076608
fiqa,Qwen3,553,0.00014498312334408874,0.9785207014310049
fiqa,Qwen3,554,0.00014345273184836684,0.9786641541628532
fiqa,Qwen3,555,0.00014250055591486272,0.9788066547187682
fiqa,Qwen3,556,0.00014218431767408754,0.9789488390364423
fiqa,Qwen3,557,0.00014180899310393011,0.9790906480295462
fiqa,Qwen3,558,0.00014165838422311707,0.9792323064137692
fiqa,Qwen3,559,0.00014039365098478894,0.9793727000647541
fiqa,Qwen3,560,0.00013946389525150795,0.9795121639600056
fiqa,Qwen3,561,0.00013934654522934956,0.979651510505235
fiqa,Qwen3,562,0.00013845323554875655,0.9797899637407838
fiqa,Qwen3,563,0.00013760305726165885,0.9799275667980454
fiqa,Qwen3,564,0.00013626394127652205,0.9800638307393219
fiqa,Qwen3,565,0.00013539473659663338,0.9801992254759185
fiqa,Qwen3,566,0.00013487762149144597,0.98033410309741
fiqa,Qwen3,567,0.00013339506356943484,0.9804674981609794
fiqa,Qwen3,568,0.00013272617730181483,0.9806002243382813
fiqa,Qwen3,569,0.00013250256437943777,0.9807327269026608
fiqa,Qwen3,570,0.0001312768989292613,0.98086400380159
fiqa,Qwen3,571,0.00012983429843866343,0.9809938381000287
fiqa,Qwen3,572,0.0001293054094544515,0.9811231435094832
fiqa,Qwen3,573,0.0001290022623433633,0.9812521457718265
fiqa,Qwen3,574,0.00012831394703302783,0.9813804597188596
fiqa,Qwen3,575,0.00012732594898092438,0.9815077856678405
fiqa,Qwen3,576,0.00012618227428596047,0.9816339679421264
fiqa,Qwen3,577,0.00012615307362159105,0.981760121015748
fiqa,Qwen3,578,0.00012453878769268058,0.9818846598034408
fiqa,Qwen3,579,0.0001242269361275899,0.9820088867395683
fiqa,Qwen3,580,0.0001230399676105164,0.9821319267071789
fiqa,Qwen3,581,0.00012271342715818178,0.982254640134337
fiqa,Qwen3,582,0.00012153734324188724,0.982376177477579
fiqa,Qwen3,583,0.00012148150437152242,0.9824976589819505
fiqa,Qwen3,584,0.00012077676215263081,0.9826184357441031
fiqa,Qwen3,585,0.00011971809355552447,0.9827381538376586
fiqa,Qwen3,586,0.00011906873449306532,0.9828572225721517
fiqa,Qwen3,587,0.00011804482424402591,0.9829752673963957
fiqa,Qwen3,588,0.00011725592176393343,0.9830925233181597
fiqa,Qwen3,589,0.00011690988240975686,0.9832094332005694
fiqa,Qwen3,590,0.00011634666949095383,0.9833257798700604
fiqa,Qwen3,591,0.00011598584135630016,0.9834417657114167
fiqa,Qwen3,592,0.00011558841652329076,0.98355735412794
fiqa,Qwen3,593,0.00011517303479868596,0.9836725271627387
fiqa,Qwen3,594,0.00011419236287409235,0.9837867195256128
fiqa,Qwen3,595,0.00011354905301239584,0.9839002685786252
fiqa,Qwen3,596,0.00011206824568120244,0.9840123368243064
fiqa,Qwen3,597,0.0001110043725872576,0.9841233411968937
fiqa,Qwen3,598,0.0001106982105461973,0.9842340394074399
fiqa,Qwen3,599,0.00010987112624242441,0.9843439105336823
fiqa,Qwen3,600,0.00010915263819653995,0.9844530631718789
fiqa,Qwen3,601,0.00010854409847922632,0.9845616072703581
fiqa,Qwen3,602,0.00010810791171914372,0.9846697151820772
fiqa,Qwen3,603,0.000107438222354648,0.9847771534044318
fiqa,Qwen3,604,0.00010723436719161751,0.9848843877716235
fiqa,Qwen3,605,0.00010626306659443345,0.9849906508382179
fiqa,Qwen3,606,0.00010556099889076325,0.9850962118371087
fiqa,Qwen3,607,0.00010528810115686237,0.9852014999382656
fiqa,Qwen3,608,0.00010498454877491476,0.9853064844870405
fiqa,Qwen3,609,0.0001038446976262381,0.9854103291846668
fiqa,Qwen3,610,0.00010369729259483339,0.9855140264772616
fiqa,Qwen3,611,0.00010322401008205027,0.9856172504873436
fiqa,Qwen3,612,0.000101734932924573,0.9857189854202681
fiqa,Qwen3,613,0.0001011173310678703,0.985820102751336
fiqa,Qwen3,614,0.00010014787797096477,0.985920250629307
fiqa,Qwen3,615,9.981622031740579e-05,0.9860200668496244
fiqa,Qwen3,616,9.921064946791233e-05,0.9861192774990923
fiqa,Qwen3,617,9.872065656529087e-05,0.9862179981556576
fiqa,Qwen3,618,9.822572870304969e-05,0.9863162238843606
fiqa,Qwen3,619,9.788930920286474e-05,0.9864141131935634
fiqa,Qwen3,620,9.690507949691539e-05,0.9865110182730603
fiqa,Qwen3,621,9.67853996157651e-05,0.9866078036726761
fiqa,Qwen3,622,9.598670808073977e-05,0.9867037903807568
fiqa,Qwen3,623,9.597171476264067e-05,0.9867997620955195
fiqa,Qwen3,624,9.51027569625067e-05,0.986894864852482
fiqa,Qwen3,625,9.418482635977333e-05,0.9869890496788418
fiqa,Qwen3,626,9.366981961441349e-05,0.9870827194984563
fiqa,Qwen3,627,9.360699172919583e-05,0.9871763264901855
fiqa,Qwen3,628,9.303556960064027e-05,0.9872693620597861
fiqa,Qwen3,629,9.188236415660534e-05,0.9873612444239427
fiqa,Qwen3,630,9.145861662871767e-05,0.9874527030405714
fiqa,Qwen3,631,9.094806601865826e-05,0.98754365110659
fiqa,Qwen3,632,9.082871536621085e-05,0.9876344798219563
fiqa,Qwen3,633,9.030076874365249e-05,0.9877247805906999
fiqa,Qwen3,634,8.945685689245267e-05,0.9878142374475923
fiqa,Qwen3,635,8.9183825662529e-05,0.9879034212732548
fiqa,Qwen3,636,8.812081757842056e-05,0.9879915420908333
fiqa,Qwen3,637,8.785203162712991e-05,0.9880793941224604
fiqa,Qwen3,638,8.749861369922799e-05,0.9881668927361597
fiqa,Qwen3,639,8.69481238870299e-05,0.9882538408600466
fiqa,Qwen3,640,8.680313063568465e-05,0.9883406439906823
fiqa,Qwen3,641,8.575339551043424e-05,0.9884263973861928
fiqa,Qwen3,642,8.54153501734245e-05,0.9885118127363662
fiqa,Qwen3,643,8.460549825379004e-05,0.9885964182346201
fiqa,Qwen3,644,8.379858138192349e-05,0.988680216816002
fiqa,Qwen3,645,8.365773943327186e-05,0.9887638745554354
fiqa,Qwen3,646,8.325657578737715e-05,0.9888471311312227
fiqa,Qwen3,647,8.259675716246252e-05,0.9889297278883852
fiqa,Qwen3,648,8.217338396484444e-05,0.9890119012723501
fiqa,Qwen3,649,8.211943190976708e-05,0.9890940207042598
fiqa,Qwen3,650,8.133663802516259e-05,0.9891753573422849
fiqa,Qwen3,651,8.080809325538999e-05,0.9892561654355403
fiqa,Qwen3,652,8.018031433125092e-05,0.9893363457498715
fiqa,Qwen3,653,8.005533029458266e-05,0.989416401080166
fiqa,Qwen3,654,7.946969215831415e-05,0.9894958707723244
fiqa,Qwen3,655,7.873463445131749e-05,0.9895746054067757
fiqa,Qwen3,656,7.829318776875781e-05,0.9896528985945444
fiqa,Qwen3,657,7.790560289076794e-05,0.9897308041974352
fiqa,Qwen3,658,7.734322704943712e-05,0.9898081474244846
fiqa,Qwen3,659,7.639198683156588e-05,0.9898845394113162
fiqa,Qwen3,660,7.628495606857536e-05,0.9899608243673848
fiqa,Qwen3,661,7.59129988728574e-05,0.9900367373662576
fiqa,Qwen3,662,7.531396493245115e-05,0.9901120513311901
fiqa,Qwen3,663,7.489401545420587e-05,0.9901869453466443
fiqa,Qwen3,664,7.426289441514366e-05,0.9902612082410595
fiqa,Qwen3,665,7.388135125911253e-05,0.9903350895923185
fiqa,Qwen3,666,7.345656719549409e-05,0.990408546159514
fiqa,Qwen3,667,7.30299748304739e-05,0.9904815761343445
fiqa,Qwen3,668,7.262797116112868e-05,0.9905542041055057
fiqa,Qwen3,669,7.181922218182224e-05,0.9906260233276875
fiqa,Qwen3,670,7.117472248453413e-05,0.990697198050172
fiqa,Qwen3,671,7.084972230181765e-05,0.9907680477724738
fiqa,Qwen3,672,7.048555037068526e-05,0.9908385333228446
fiqa,Qwen3,673,7.019399381082802e-05,0.9909087273166554
fiqa,Qwen3,674,6.987146225786147e-05,0.9909785987789133
fiqa,Qwen3,675,6.90640501654306e-05,0.9910476628290786
fiqa,Qwen3,676,6.876525719223582e-05,0.9911164280862709
fiqa,Qwen3,677,6.846421207205627e-05,0.991184892298343
fiqa,Qwen3,678,6.805518354098906e-05,0.991252947481884
fiqa,Qwen3,679,6.747374193534427e-05,0.9913204212238194
fiqa,Qwen3,680,6.69938170602717e-05,0.9913874150408797
fiqa,Qwen3,681,6.672155345403615e-05,0.9914541365943337
fiqa,Qwen3,682,6.628216976050051e-05,0.9915204187640941
fiqa,Qwen3,683,6.583965889217607e-05,0.9915862584229863
fiqa,Qwen3,684,6.56732657710845e-05,0.9916519316887574
fiqa,Qwen3,685,6.499808663325766e-05,0.9917169297753907
fiqa,Qwen3,686,6.434915651855277e-05,0.9917812789319093
fiqa,Qwen3,687,6.412421229794833e-05,0.9918454031442072
fiqa,Qwen3,688,6.364717371870383e-05,0.9919090503179259
fiqa,Qwen3,689,6.35716255985784e-05,0.9919726219435244
fiqa,Qwen3,690,6.29158988092934e-05,0.9920355378423337
fiqa,Qwen3,691,6.28305716321715e-05,0.9920983684139658
fiqa,Qwen3,692,6.210264998369883e-05,0.9921604710639496
fiqa,Qwen3,693,6.172943918192416e-05,0.9922222005031315
fiqa,Qwen3,694,6.1594211473699e-05,0.9922837947146051
fiqa,Qwen3,695,6.12662579809604e-05,0.9923450609725861
fiqa,Qwen3,696,6.106954422320568e-05,0.9924061305168094
fiqa,Qwen3,697,6.0252318395571564e-05,0.9924663828352049
fiqa,Qwen3,698,6.010307718191957e-05,0.9925264859123869
fiqa,Qwen3,699,5.969518166995267e-05,0.9925861810940568
fiqa,Qwen3,700,5.9429817721811016e-05,0.9926456109117786
fiqa,Qwen3,701,5.912048480352002e-05,0.9927047313965821
fiqa,Qwen3,702,5.7948733826673135e-05,0.9927626801304088
fiqa,Qwen3,703,5.780934136813576e-05,0.9928204894717769
fiqa,Qwen3,704,5.7427217410788426e-05,0.9928779166891877
fiqa,Qwen3,705,5.7394939965357326e-05,0.992935311629153
fiqa,Qwen3,706,5.7051111702958325e-05,0.992992362740856
fiqa,Qwen3,707,5.675857746107046e-05,0.9930491213183171
fiqa,Qwen3,708,5.631637746785677e-05,0.993105437695785
fiqa,Qwen3,709,5.624150517301462e-05,0.993161679200958
fiqa,Qwen3,710,5.5513183213230606e-05,0.9932171923841713
fiqa,Qwen3,711,5.527548771103307e-05,0.9932724678718823
fiqa,Qwen3,712,5.498510630151701e-05,0.9933274529781838
fiqa,Qwen3,713,5.449120139074211e-05,0.9933819441795746
fiqa,Qwen3,714,5.4111810435005615e-05,0.9934360559900096
fiqa,Qwen3,715,5.388532338147002e-05,0.9934899413133911
fiqa,Qwen3,716,5.348318874954096e-05,0.9935434245021406
fiqa,Qwen3,717,5.3237540685136615e-05,0.9935966620428257
fiqa,Qwen3,718,5.2833025351774296e-05,0.9936494950681775
fiqa,Qwen3,719,5.2457799906055296e-05,0.9937019528680835
fiqa,Qwen3,720,5.209815164289961e-05,0.9937540510197264
fiqa,Qwen3,721,5.1733582455580357e-05,0.9938057846021819
fiqa,Qwen3,722,5.1368524003830256e-05,0.9938571531261857
fiqa,Qwen3,723,5.120961332794866e-05,0.9939083627395137
fiqa,Qwen3,724,5.090484919641849e-05,0.9939592675887101
fiqa,Qwen3,725,5.037334561350136e-05,0.9940096409343236
fiqa,Qwen3,726,5.010373594795445e-05,0.9940597446702716
fiqa,Qwen3,727,4.986077876259418e-05,0.9941096054490342
fiqa,Qwen3,728,4.946386871193813e-05,0.9941590693177461
fiqa,Qwen3,729,4.900781471073549e-05,0.9942080771324568
fiqa,Qwen3,730,4.8740149139740546e-05,0.9942568172815965
fiqa,Qwen3,731,4.861312524683524e-05,0.9943054304068434
fiqa,Qwen3,732,4.826172731480022e-05,0.9943536921341581
fiqa,Qwen3,733,4.8177818166516344e-05,0.9944018699523246
fiqa,Qwen3,734,4.786156082420744e-05,0.9944497315131489
fiqa,Qwen3,735,4.746963910154802e-05,0.9944972011522504
fiqa,Qwen3,736,4.715040245398096e-05,0.9945443515547043
fiqa,Qwen3,737,4.688016336725538e-05,0.9945912317180716
fiqa,Qwen3,738,4.647141967149502e-05,0.9946377031377431
fiqa,Qwen3,739,4.6253171456961075e-05,0.9946839563092001
fiqa,Qwen3,740,4.5900830136748524e-05,0.9947298571393369
fiqa,Qwen3,741,4.5855090692885114e-05,0.9947757122300298
fiqa,Qwen3,742,4.537015349541563e-05,0.9948210823835252
fiqa,Qwen3,743,4.483561558497767e-05,0.9948659179991102
fiqa,Qwen3,744,4.4547593188213094e-05,0.9949104655922983
fiqa,Qwen3,745,4.4447943002842544e-05,0.9949549135353012
fiqa,Qwen3,746,4.411976758697995e-05,0.9949990333028882
fiqa,Qwen3,747,4.374960517082397e-05,0.995042782908059
fiqa,Qwen3,748,4.357195173602527e-05,0.995086354859795
fiqa,Qwen3,749,4.321869700871104e-05,0.9951295735568038
fiqa,Qwen3,750,4.3057046004508537e-05,0.9951726306028083
fiqa,Qwen3,751,4.272750708935325e-05,0.9952153581098976
fiqa,Qwen3,752,4.2566254352822616e-05,0.9952579243642504
fiqa,Qwen3,753,4.223427516467353e-05,0.9953001586394151
fiqa,Qwen3,754,4.2032654622861865e-05,0.995342191294038
fiqa,Qwen3,755,4.188827593117682e-05,0.9953840795699692
fiqa,Qwen3,756,4.138281102483753e-05,0.995425462380994
fiqa,Qwen3,757,4.124756953762144e-05,0.9954667099505317
fiqa,Qwen3,758,4.0921308216536044e-05,0.9955076312587482
fiqa,Qwen3,759,4.046394354580804e-05,0.995548095202294
fiqa,Qwen3,760,4.0333151091542565e-05,0.9955884283533856
fiqa,Qwen3,761,3.9945829838171884e-05,0.9956283741832237
fiqa,Qwen3,762,3.9857616068338327e-05,0.995668231799292
fiqa,Qwen3,763,3.952837636821691e-05,0.9957077601756602
fiqa,Qwen3,764,3.9217623421101506e-05,0.9957469777990813
fiqa,Qwen3,765,3.868395112073669e-05,0.995785661750202
fiqa,Qwen3,766,3.8609363323213545e-05,0.9958242711135252
fiqa,Qwen3,767,3.8439429280129e-05,0.9958627105428054
fiqa,Qwen3,768,3.808472897130485e-05,0.9959007952717767
fiqa,Qwen3,769,3.7661801200380154e-05,0.995938457072977
fiqa,Qwen3,770,3.755728975791664e-05,0.995976014362735
fiqa,Qwen3,771,3.730251544633533e-05,0.9960133168781813
fiqa,Qwen3,772,3.708126448838791e-05,0.9960503981426697
fiqa,Qwen3,773,3.6793441565580546e-05,0.9960871915842353
fiqa,Qwen3,774,3.658658658144329e-05,0.9961237781708168
fiqa,Qwen3,775,3.6025321059647104e-05,0.9961598034918764
fiqa,Qwen3,776,3.594376039500818e-05,0.9961957472522714
fiqa,Qwen3,777,3.563765675407247e-05,0.9962313849090255
fiqa,Qwen3,778,3.558012561396683e-05,0.9962669650346395
fiqa,Qwen3,779,3.532040190007224e-05,0.9963022854365395
fiqa,Qwen3,780,3.519885175013427e-05,0.9963374842882897
fiqa,Qwen3,781,3.493714301487422e-05,0.9963724214313046
fiqa,Qwen3,782,3.450774671007988e-05,0.9964069291780147
fiqa,Qwen3,783,3.441488321353957e-05,0.9964413440612282
fiqa,Qwen3,784,3.4152590374990676e-05,0.9964754966516032
fiqa,Qwen3,785,3.3948039294145616e-05,0.9965094446908973
fiqa,Qwen3,786,3.359771738742181e-05,0.9965430424082847
fiqa,Qwen3,787,3.321588734598179e-05,0.9965762582956307
fiqa,Qwen3,788,3.311637286120228e-05,0.9966093746684919
fiqa,Qwen3,789,3.3035273247406525e-05,0.9966424099417392
fiqa,Qwen3,790,3.2696068384573246e-05,0.9966751060101238
fiqa,Qwen3,791,3.2255798205370834e-05,0.9967073618083291
fiqa,Qwen3,792,3.1970679725392434e-05,0.9967393324880545
fiqa,Qwen3,793,3.1867572940322035e-05,0.9967712000609947
fiqa,Qwen3,794,3.165830304528797e-05,0.99680285836404
fiqa,Qwen3,795,3.122172383317822e-05,0.9968340800878732
fiqa,Qwen3,796,3.1133453911009184e-05,0.9968652135417843
fiqa,Qwen3,797,3.086236219818671e-05,0.9968960759039824
fiqa,Qwen3,798,3.062015579968893e-05,0.9969266960597821
fiqa,Qwen3,799,3.0483984137897084e-05,0.99695718004392
fiqa,Qwen3,800,3.0217168043153654e-05,0.9969873972119632
fiqa,Qwen3,801,3.0132445375819946e-05,0.997017529657339
fiqa,Qwen3,802,2.9709812614949143e-05,0.997047239469954
fiqa,Qwen3,803,2.9454575373801985e-05,0.9970766940453278
fiqa,Qwen3,804,2.9438342776580827e-05,0.9971061323881044
fiqa,Qwen3,805,2.9186479575681492e-05,0.9971353188676801
fiqa,Qwen3,806,2.913036581727123e-05,0.9971644492334975
fiqa,Qwen3,807,2.8934064814811844e-05,0.9971933832983123
fiqa,Qwen3,808,2.8747466524839597e-05,0.9972221307648371
fiqa,Qwen3,809,2.83804151054918e-05,0.9972505111799426
fiqa,Qwen3,810,2.8288600014267744e-05,0.9972787997799568
fiqa,Qwen3,811,2.820503394039541e-05,0.9973070048138972
fiqa,Qwen3,812,2.7929072837507154e-05,0.9973349338867348
fiqa,Qwen3,813,2.782692198540422e-05,0.9973627608087202
fiqa,Qwen3,814,2.765605569940352e-05,0.9973904168644196
fiqa,Qwen3,815,2.7354192751182666e-05,0.9974177710571708
fiqa,Qwen3,816,2.7038158139732955e-05,0.9974448092153105
fiqa,Qwen3,817,2.6758966076556043e-05,0.997471568181387
fiqa,Qwen3,818,2.6582591763560863e-05,0.9974981507731506
fiqa,Qwen3,819,2.6442846153310805e-05,0.9975245936193039
fiqa,Qwen3,820,2.620879932481964e-05,0.9975508024186287
fiqa,Qwen3,821,2.6169110764194572e-05,0.9975769715293928
fiqa,Qwen3,822,2.5792887270923203e-05,0.9976027644166637
fiqa,Qwen3,823,2.5552638781378106e-05,0.9976283170554451
fiqa,Qwen3,824,2.5493176540935328e-05,0.997653810231986
fiqa,Qwen3,825,2.5227279215855702e-05,0.9976790375112018
fiqa,Qwen3,826,2.488271799134204e-05,0.9977039202291932
fiqa,Qwen3,827,2.4847810360857737e-05,0.997728768039554
fiqa,Qwen3,828,2.4608813746640284e-05,0.9977533768533007
fiqa,Qwen3,829,2.447095957563489e-05,0.9977778478128763
fiqa,Qwen3,830,2.439534623695096e-05,0.9978022431591133
fiqa,Qwen3,831,2.4137092786207194e-05,0.9978263802518995
fiqa,Qwen3,832,2.3929571917155565e-05,0.9978503098238166
fiqa,Qwen3,833,2.371936551605619e-05,0.9978740291893327
fiqa,Qwen3,834,2.345157660656199e-05,0.9978974807659392
fiqa,Qwen3,835,2.3341114927177403e-05,0.9979208218808664
fiqa,Qwen3,836,2.3145531959230083e-05,0.9979439674128256
fiqa,Qwen3,837,2.2927665555268124e-05,0.9979668950783809
fiqa,Qwen3,838,2.2855568903840195e-05,0.9979897506472847
fiqa,Qwen3,839,2.260463356689625e-05,0.9980123552808515
fiqa,Qwen3,840,2.2483416351169942e-05,0.9980348386972027
fiqa,Qwen3,841,2.228131160824168e-05,0.9980571200088109
fiqa,Qwen3,842,2.218099768404482e-05,0.9980793010064949
fiqa,Qwen3,843,2.194602738428014e-05,0.9981012470338791
fiqa,Qwen3,844,2.165939834618324e-05,0.9981229064322253
fiqa,Qwen3,845,2.155862224344968e-05,0.9981444650544687
fiqa,Qwen3,846,2.1486771921267592e-05,0.99816595182639
fiqa,Qwen3,847,2.117369180250038e-05,0.9981871255181926
fiqa,Qwen3,848,2.1097710040589856e-05,0.9982082232282331
fiqa,Qwen3,849,2.098449951450178e-05,0.9982292077277476
fiqa,Qwen3,850,2.0852433783847695e-05,0.9982500601615314
fiqa,Qwen3,851,2.0517601333604242e-05,0.998270577762865
fiqa,Qwen3,852,2.0374346291360162e-05,0.9982909521091563
fiqa,Qwen3,853,2.029155493786047e-05,0.9983112436640942
fiqa,Qwen3,854,2.0138760153272155e-05,0.9983313824242475
fiqa,Qwen3,855,2.000637875041601e-05,0.9983513888029979
fiqa,Qwen3,856,1.9860718237820648e-05,0.9983712495212357
fiqa,Qwen3,857,1.955570969950924e-05,0.9983908052309352
fiqa,Qwen3,858,1.950139624970495e-05,0.9984103066271849
fiqa,Qwen3,859,1.927473419792526e-05,0.9984295813613828
fiqa,Qwen3,860,1.9130407699048988e-05,0.9984487117690819
fiqa,Qwen3,861,1.897022198290322e-05,0.9984676819910648
fiqa,Qwen3,862,1.887801254601603e-05,0.9984865600036108
fiqa,Qwen3,863,1.858636131629486e-05,0.998505146364927
fiqa,Qwen3,864,1.85481265896657e-05,0.9985236944915167
fiqa,Qwen3,865,1.8284837997750964e-05,0.9985419793295144
fiqa,Qwen3,866,1.800614531290337e-05,0.9985599854748273
fiqa,Qwen3,867,1.7981134886406582e-05,0.9985779666097137
fiqa,Qwen3,868,1.7794794900006697e-05,0.9985957614046137
fiqa,Qwen3,869,1.7622146075825513e-05,0.9986133835506895
fiqa,Qwen3,870,1.7608419112719683e-05,0.9986309919698022
fiqa,Qwen3,871,1.742079137523307e-05,0.9986484127611774
fiqa,Qwen3,872,1.7234659681094735e-05,0.9986656474208585
fiqa,Qwen3,873,1.712556684007967e-05,0.9986827729876986
fiqa,Qwen3,874,1.7012527161845974e-05,0.9986997855148604
fiqa,Qwen3,875,1.6986161138798627e-05,0.9987167716759991
fiqa,Qwen3,876,1.6788449583984928e-05,0.9987335601255831
fiqa,Qwen3,877,1.6614563949493157e-05,0.9987501746895326
fiqa,Qwen3,878,1.652771359667643e-05,0.9987667024031294
fiqa,Qwen3,879,1.6276556951312406e-05,0.9987829789600807
fiqa,Qwen3,880,1.6170712822112005e-05,0.9987991496729028
fiqa,Qwen3,881,1.6000093420910147e-05,0.9988151497663238
fiqa,Qwen3,882,1.5918343381628083e-05,0.9988310681097055
fiqa,Qwen3,883,1.5835058076297454e-05,0.9988469031677818
fiqa,Qwen3,884,1.574083949194713e-05,0.9988626440072738
fiqa,Qwen3,885,1.557045902684955e-05,0.9988782144663007
fiqa,Qwen3,886,1.536801441886338e-05,0.9988935824807195
fiqa,Qwen3,887,1.52957875923966e-05,0.9989088782683119
fiqa,Qwen3,888,1.5224684633019849e-05,0.9989241029529449
fiqa,Qwen3,889,1.500845611025863e-05,0.9989391114090551
fiqa,Qwen3,890,1.4894482925767497e-05,0.9989540058919809
fiqa,Qwen3,891,1.4764968440319074e-05,0.9989687708604212
fiqa,Qwen3,892,1.4525792926469858e-05,0.9989832966533477
fiqa,Qwen3,893,1.4510056119192543e-05,0.9989978067094669
fiqa,Qwen3,894,1.4236014459406385e-05,0.9990120427239263
fiqa,Qwen3,895,1.418375571030699e-05,0.9990262264796366
fiqa,Qwen3,896,1.4070546663772003e-05,0.9990402970263004
fiqa,Qwen3,897,1.3881933050202806e-05,0.9990541789593506
fiqa,Qwen3,898,1.3773919545429522e-05,0.9990679528788959
fiqa,Qwen3,899,1.362970965683182e-05,0.9990815825885527
fiqa,Qwen3,900,1.3526752391747308e-05,0.9990951093409445
fiqa,Qwen3,901,1.348707674736566e-05,0.9991085964176919
fiqa,Qwen3,902,1.3395427163688805e-05,0.9991219918448556
fiqa,Qwen3,903,1.3345392738005224e-05,0.9991353372375936
fiqa,Qwen3,904,1.3055575963871168e-05,0.9991483928135575
fiqa,Qwen3,905,1.2916840050766033e-05,0.9991613096536083
fiqa,Qwen3,906,1.2748043547408574e-05,0.9991740576971557
fiqa,Qwen3,907,1.262714236429743e-05,0.99918668483952
fiqa,Qwen3,908,1.260238689265775e-05,0.9991992872264127
fiqa,Qwen3,909,1.246334142699753e-05,0.9992117505678397
fiqa,Qwen3,910,1.2311342726868046e-05,0.9992240619105666
fiqa,Qwen3,911,1.222374199725777e-05,0.9992362856525638
fiqa,Qwen3,912,1.2091814721395969e-05,0.9992483774672852
fiqa,Qwen3,913,1.1988920312743058e-05,0.999260366387598
fiqa,Qwen3,914,1.185102746373544e-05,0.9992722174150617
fiqa,Qwen3,915,1.1759567766152652e-05,0.9992839769828278
fiqa,Qwen3,916,1.1642903918244049e-05,0.999295619886746
fiqa,Qwen3,917,1.1531764404585769e-05,0.9993071516511506
fiqa,Qwen3,918,1.1499539360696486e-05,0.9993186511905113
fiqa,Qwen3,919,1.134687656098924e-05,0.9993299980670723
fiqa,Qwen3,920,1.1275265527726835e-05,0.9993412733326
fiqa,Qwen3,921,1.096949223267763e-05,0.9993522428248327
fiqa,Qwen3,922,1.0915104784931611e-05,0.9993631579296176
fiqa,Qwen3,923,1.0773105513621986e-05,0.9993739310351313
fiqa,Qwen3,924,1.0740419649350245e-05,0.9993846714547806
fiqa,Qwen3,925,1.0628462115969164e-05,0.9993952999168966
fiqa,Qwen3,926,1.0587342368714602e-05,0.9994058872592653
fiqa,Qwen3,927,1.0479862379642487e-05,0.9994163671216449
fiqa,Qwen3,928,1.022551833226431e-05,0.9994265926399772
fiqa,Qwen3,929,1.0197983732674067e-05,0.9994367906237099
fiqa,Qwen3,930,1.0117416044569603e-05,0.9994469080397546
fiqa,Qwen3,931,1.0111948223468096e-05,0.999457019987978
fiqa,Qwen3,932,9.97677172261554e-06,0.9994669967597006
fiqa,Qwen3,933,9.913324645347116e-06,0.999476910084346
fiqa,Qwen3,934,9.822315830771938e-06,0.9994867324001768
fiqa,Qwen3,935,9.76824141322022e-06,0.99949650064159
fiqa,Qwen3,936,9.481605868820687e-06,0.9995059822474588
fiqa,Qwen3,937,9.406813250388054e-06,0.9995153890607091
fiqa,Qwen3,938,9.348500374652061e-06,0.9995247375610838
fiqa,Qwen3,939,9.162017854180448e-06,0.999533899578938
fiqa,Qwen3,940,9.112525044736467e-06,0.9995430121039828
fiqa,Qwen3,941,9.023347526239777e-06,0.9995520354515091
fiqa,Qwen3,942,8.889600010877723e-06,0.9995609250515199
fiqa,Qwen3,943,8.838373231748327e-06,0.9995697634247517
fiqa,Qwen3,944,8.710236721339462e-06,0.999578473661473
fiqa,Qwen3,945,8.531729838388396e-06,0.9995870053913114
fiqa,Qwen3,946,8.467955859393661e-06,0.9995954733471708
fiqa,Qwen3,947,8.453694252001863e-06,0.9996039270414228
fiqa,Qwen3,948,8.391422331245796e-06,0.999612318463754
fiqa,Qwen3,949,8.348389297991154e-06,0.999620666853052
fiqa,Qwen3,950,8.167559419049634e-06,0.999628834412471
fiqa,Qwen3,951,8.123936901019719e-06,0.9996369583493719
fiqa,Qwen3,952,7.989608224487095e-06,0.9996449479575964
fiqa,Qwen3,953,7.927342128798627e-06,0.9996528752997252
fiqa,Qwen3,954,7.854406937466363e-06,0.9996607297066628
fiqa,Qwen3,955,7.800430383048009e-06,0.9996685301370458
fiqa,Qwen3,956,7.678179512790314e-06,0.9996762083165586
fiqa,Qwen3,957,7.580107540199999e-06,0.9996837884240988
fiqa,Qwen3,958,7.550649205880212e-06,0.9996913390733047
fiqa,Qwen3,959,7.391859333157179e-06,0.9996987309326378
fiqa,Qwen3,960,7.351980509250164e-06,0.9997060829131471
fiqa,Qwen3,961,7.257543209616163e-06,0.9997133404563567
fiqa,Qwen3,962,7.2155610560025294e-06,0.9997205560174127
fiqa,Qwen3,963,7.0918180562390385e-06,0.999727647835469
fiqa,Qwen3,964,7.057875443412996e-06,0.9997347057109124
fiqa,Qwen3,965,6.980738761330695e-06,0.9997416864496738
fiqa,Qwen3,966,6.832325008359953e-06,0.9997485187746821
fiqa,Qwen3,967,6.760589604714309e-06,0.9997552793642868
fiqa,Qwen3,968,6.729304806634599e-06,0.9997620086690934
fiqa,Qwen3,969,6.675759610560309e-06,0.9997686844287039
fiqa,Qwen3,970,6.6135384081548875e-06,0.9997752979671121
fiqa,Qwen3,971,6.3750040648710805e-06,0.9997816729711769
fiqa,Qwen3,972,6.310158961315269e-06,0.9997879831301383
fiqa,Qwen3,973,6.2080163007814175e-06,0.9997941911464391
fiqa,Qwen3,974,6.11921837250259e-06,0.9998003103648115
fiqa,Qwen3,975,5.992731087857483e-06,0.9998063030958994
fiqa,Qwen3,976,5.9580124036863726e-06,0.999812261108303
fiqa,Qwen3,977,5.954554641114947e-06,0.9998182156629442
fiqa,Qwen3,978,5.796669545611413e-06,0.9998240123324897
fiqa,Qwen3,979,5.7555543666720455e-06,0.9998297678868564
fiqa,Qwen3,980,5.706311848950723e-06,0.9998354741987053
fiqa,Qwen3,981,5.569716555627534e-06,0.999841043915261
fiqa,Qwen3,982,5.469725619682516e-06,0.9998465136408806
fiqa,Qwen3,983,5.439192551069334e-06,0.9998519528334316
fiqa,Qwen3,984,5.362875258290576e-06,0.99985731570869
fiqa,Qwen3,985,5.218680616544784e-06,0.9998625343893065
fiqa,Qwen3,986,5.138166913815088e-06,0.9998676725562203
fiqa,Qwen3,987,5.107165482811075e-06,0.9998727797217032
fiqa,Qwen3,988,5.081690426583675e-06,0.9998778614121298
fiqa,Qwen3,989,4.9441899430622456e-06,0.9998828056020728
fiqa,Qwen3,990,4.871681118210471e-06,0.999887677283191
fiqa,Qwen3,991,4.741318883693367e-06,0.9998924186020747
fiqa,Qwen3,992,4.709067874611633e-06,0.9998971276699493
fiqa,Qwen3,993,4.593299304854371e-06,0.9999017209692541
fiqa,Qwen3,994,4.5474838589704336e-06,0.999906268453113
fiqa,Qwen3,995,4.445571912937949e-06,0.999910714025026
fiqa,Qwen3,996,4.379064392307469e-06,0.9999150930894183
fiqa,Qwen3,997,4.306055915057611e-06,0.9999193991453333
fiqa,Qwen3,998,4.297337751127333e-06,0.9999236964830844
fiqa,Qwen3,999,4.219516645922085e-06,0.9999279159997304
fiqa,Qwen3,1000,4.116939828809186e-06,0.9999320329395592
fiqa,Qwen3,1001,4.101779638039751e-06,0.9999361347191973
fiqa,Qwen3,1002,3.998846757614549e-06,0.9999401335659549
fiqa,Qwen3,1003,3.940579685146257e-06,0.99994407414564
fiqa,Qwen3,1004,3.897104644345873e-06,0.9999479712502843
fiqa,Qwen3,1005,3.803795735257181e-06,0.9999517750460196
fiqa,Qwen3,1006,3.6860901871220264e-06,0.9999554611362067
fiqa,Qwen3,1007,3.651687270652704e-06,0.9999591128234774
fiqa,Qwen3,1008,3.5413355468509063e-06,0.9999626541590242
fiqa,Qwen3,1009,3.521633139192326e-06,0.9999661757921634
fiqa,Qwen3,1010,3.4263469569071526e-06,0.9999696021391203
fiqa,Qwen3,1011,3.3583590296164344e-06,0.99997296049815
fiqa,Qwen3,1012,3.241547193605083e-06,0.9999762020453435
fiqa,Qwen3,1013,3.1984331986091993e-06,0.9999794004785422
fiqa,Qwen3,1014,3.1190366744338096e-06,0.9999825195152166
fiqa,Qwen3,1015,2.9566636538242103e-06,0.9999854761788703
fiqa,Qwen3,1016,2.8098771414681064e-06,0.9999882860560119
fiqa,Qwen3,1017,2.719795591049913e-06,0.9999910058516029
fiqa,Qwen3,1018,2.547026578008385e-06,0.9999935528781809
fiqa,Qwen3,1019,2.3472232463958752e-06,0.9999959001014274
fiqa,Qwen3,1020,1.861911258893794e-06,0.9999977620126863
fiqa,Qwen3,1021,1.5962125660959315e-06,0.9999993582252524
fiqa,Qwen3,1022,4.0754864386373016e-07,0.9999997657738963
fiqa,Qwen3,1023,1.354783181322517e-07,0.9999999012522144
fiqa,Qwen3,1024,9.874778545428478e-08,0.9999999999999999
fiqa,BGE-M3,1,0.019047305685232066,0.019047305685232066
fiqa,BGE-M3,2,0.017686614985337516,0.03673392067056958
fiqa,BGE-M3,3,0.01634683784540576,0.05308075851597534
fiqa,BGE-M3,4,0.01528854290949914,0.06836930142547448
fiqa,BGE-M3,5,0.01451676370800306,0.08288606513347754
fiqa,BGE-M3,6,0.013916045414060293,0.09680211054753783
fiqa,BGE-M3,7,0.013406546475559342,0.11020865702309718
fiqa,BGE-M3,8,0.012777113971605508,0.12298577099470269
fiqa,BGE-M3,9,0.012581025674183437,0.13556679666888613
fiqa,BGE-M3,10,0.01209947487350353,0.14766627154238965
fiqa,BGE-M3,11,0.011779735402902518,0.15944600694529218
fiqa,BGE-M3,12,0.010959667495952875,0.17040567444124505
fiqa,BGE-M3,13,0.010518822879033154,0.1809244973202782
fiqa,BGE-M3,14,0.010221230969352832,0.19114572828963106
fiqa,BGE-M3,15,0.010025316222824057,0.2011710445124551
fiqa,BGE-M3,16,0.009882299925804375,0.21105334443825946
fiqa,BGE-M3,17,0.009616068465760517,0.22066941290401998
fiqa,BGE-M3,18,0.009210928638677377,0.22988034154269735
fiqa,BGE-M3,19,0.008991353368285849,0.2388716949109832
fiqa,BGE-M3,20,0.008724733744163755,0.24759642865514694
fiqa,BGE-M3,21,0.008655034086321277,0.2562514627414682
fiqa,BGE-M3,22,0.008337550380067971,0.26458901312153615
fiqa,BGE-M3,23,0.008259066244744439,0.2728480793662806
fiqa,BGE-M3,24,0.008194572778250484,0.28104265214453106
fiqa,BGE-M3,25,0.0077963989315204376,0.2888390510760515
fiqa,BGE-M3,26,0.007763572045103238,0.29660262312115476
fiqa,BGE-M3,27,0.0076282169611792275,0.304230840082334
fiqa,BGE-M3,28,0.007533440010336624,0.3117642800926706
fiqa,BGE-M3,29,0.007376253113192861,0.31914053320586344
fiqa,BGE-M3,30,0.0070571971295829575,0.3261977303354464
fiqa,BGE-M3,31,0.0069925095810655655,0.333190239916512
fiqa,BGE-M3,32,0.006918309430831016,0.34010854934734297
fiqa,BGE-M3,33,0.00679075262224181,0.3468993019695848
fiqa,BGE-M3,34,0.00659771220458193,0.35349701417416673
fiqa,BGE-M3,35,0.006532427820987613,0.36002944199515435
fiqa,BGE-M3,36,0.006360405129700947,0.3663898471248553
fiqa,BGE-M3,37,0.006348709405839583,0.3727385565306949
fiqa,BGE-M3,38,0.006215419072779293,0.37895397560347416
fiqa,BGE-M3,39,0.006142423797215857,0.38509639940069
fiqa,BGE-M3,40,0.006103083022107173,0.3911994824227972
fiqa,BGE-M3,41,0.006012791502937191,0.3972122739257344
fiqa,BGE-M3,42,0.005867450993744153,0.4030797249194785
fiqa,BGE-M3,43,0.0057448933101066245,0.40882461822958516
fiqa,BGE-M3,44,0.005714274134788924,0.4145388923643741
fiqa,BGE-M3,45,0.005585831585952102,0.4201247239503262
fiqa,BGE-M3,46,0.005496443454838325,0.42562116740516454
fiqa,BGE-M3,47,0.005373372672500282,0.4309945400776648
fiqa,BGE-M3,48,0.005282638019502599,0.4362771780971674
fiqa,BGE-M3,49,0.005271857399849324,0.4415490354970167
fiqa,BGE-M3,50,0.005156011711820464,0.44670504720883714
fiqa,BGE-M3,51,0.005016875323675193,0.4517219225325123
fiqa,BGE-M3,52,0.004979205658040941,0.45670112819055325
fiqa,BGE-M3,53,0.004913751093073596,0.4616148792836268
fiqa,BGE-M3,54,0.0048967748620916355,0.46651165414571844
fiqa,BGE-M3,55,0.004876451690154245,0.4713881058358727
fiqa,BGE-M3,56,0.004742219378531311,0.476130325214404
fiqa,BGE-M3,57,0.004724157151737274,0.4808544823661413
fiqa,BGE-M3,58,0.0046368846523423685,0.48549136701848367
fiqa,BGE-M3,59,0.00453813246137146,0.49002949947985514
fiqa,BGE-M3,60,0.004520577632503259,0.4945500771123584
fiqa,BGE-M3,61,0.004430340632952929,0.4989804177453113
fiqa,BGE-M3,62,0.004372432184966555,0.5033528499302778
fiqa,BGE-M3,63,0.004354737330020425,0.5077075872602983
fiqa,BGE-M3,64,0.00433117029420162,0.5120387575544999
fiqa,BGE-M3,65,0.0042645481889557035,0.5163033057434556
fiqa,BGE-M3,66,0.004215899085854519,0.5205192048293101
fiqa,BGE-M3,67,0.004113814678406079,0.5246330195077162
fiqa,BGE-M3,68,0.004079874870903285,0.5287128943786196
fiqa,BGE-M3,69,0.004067665149071871,0.5327805595276914
fiqa,BGE-M3,70,0.004005096981217161,0.5367856565089086
fiqa,BGE-M3,71,0.003959093819434707,0.5407447503283433
fiqa,BGE-M3,72,0.003917171907467167,0.5446619222358106
fiqa,BGE-M3,73,0.003846325540459015,0.5485082477762696
fiqa,BGE-M3,74,0.003832445746190027,0.5523406935224596
fiqa,BGE-M3,75,0.003778068562158297,0.556118762084618
fiqa,BGE-M3,76,0.003720529844098764,0.5598392919287167
fiqa,BGE-M3,77,0.0036840446467051864,0.5635233365754219
fiqa,BGE-M3,78,0.0036609378959940025,0.5671842744714158
fiqa,BGE-M3,79,0.003643078655608388,0.5708273531270243
fiqa,BGE-M3,80,0.0036191950605388144,0.574446548187563
fiqa,BGE-M3,81,0.0035975339237340567,0.5780440821112971
fiqa,BGE-M3,82,0.003549570035295787,0.5815936521465929
fiqa,BGE-M3,83,0.0035149370455058665,0.5851085891920987
fiqa,BGE-M3,84,0.003442482333937144,0.5885510715260359
fiqa,BGE-M3,85,0.0034041852381366034,0.5919552567641725
fiqa,BGE-M3,86,0.0033735683873030034,0.5953288251514754
fiqa,BGE-M3,87,0.00335271868457213,0.5986815438360475
fiqa,BGE-M3,88,0.0033067401042872575,0.6019882839403348
fiqa,BGE-M3,89,0.003291086197265623,0.6052793701376004
fiqa,BGE-M3,90,0.003247457879985679,0.6085268280175861
fiqa,BGE-M3,91,0.0032330019509004917,0.6117598299684865
fiqa,BGE-M3,92,0.003169218002560365,0.6149290479710469
fiqa,BGE-M3,93,0.003138259342968893,0.6180673073140157
fiqa,BGE-M3,94,0.0030991142836161497,0.6211664215976319
fiqa,BGE-M3,95,0.003072885253416312,0.6242393068510482
fiqa,BGE-M3,96,0.0030657575286057812,0.627305064379654
fiqa,BGE-M3,97,0.0030156151197493195,0.6303206794994034
fiqa,BGE-M3,98,0.0029821253093446384,0.633302804808748
fiqa,BGE-M3,99,0.002954424344276887,0.6362572291530249
fiqa,BGE-M3,100,0.0029262131662646175,0.6391834423192895
fiqa,BGE-M3,101,0.0029110940110273842,0.6420945363303169
fiqa,BGE-M3,102,0.002889722975984836,0.6449842593063018
fiqa,BGE-M3,103,0.0028423404450250373,0.6478265997513268
fiqa,BGE-M3,104,0.0028341844077184554,0.6506607841590453
fiqa,BGE-M3,105,0.002785873842026393,0.6534466580010717
fiqa,BGE-M3,106,0.0027673263288611953,0.6562139843299329
fiqa,BGE-M3,107,0.002754882642995837,0.6589688669729288
fiqa,BGE-M3,108,0.0027415136332233575,0.6617103806061522
fiqa,BGE-M3,109,0.0026827173505884097,0.6643930979567406
fiqa,BGE-M3,110,0.0026622309275330545,0.6670553288842737
fiqa,BGE-M3,111,0.0026493198772991216,0.6697046487615728
fiqa,BGE-M3,112,0.002633747577615581,0.6723383963391883
fiqa,BGE-M3,113,0.002588250131553064,0.6749266464707414
fiqa,BGE-M3,114,0.002559311160153072,0.6774859576308945
fiqa,BGE-M3,115,0.0025273565507890573,0.6800133141816835
fiqa,BGE-M3,116,0.0025020854553652267,0.6825153996370488
fiqa,BGE-M3,117,0.002500371328291133,0.6850157709653399
fiqa,BGE-M3,118,0.0024659727475175954,0.6874817437128575
fiqa,BGE-M3,119,0.002443727920621007,0.6899254716334785
fiqa,BGE-M3,120,0.002417812657412294,0.6923432842908908
fiqa,BGE-M3,121,0.00239704866688678,0.6947403329577775
fiqa,BGE-M3,122,0.0023743791284220033,0.6971147120861995
fiqa,BGE-M3,123,0.0023681448028132863,0.6994828568890128
fiqa,BGE-M3,124,0.0023450107274555414,0.7018278676164683
fiqa,BGE-M3,125,0.002313364348954088,0.7041412319654224
fiqa,BGE-M3,126,0.002303880962261162,0.7064451129276836
fiqa,BGE-M3,127,0.0022856836525486975,0.7087307965802323
fiqa,BGE-M3,128,0.0022741065699123267,0.7110049031501446
fiqa,BGE-M3,129,0.0022622547611264184,0.713267157911271
fiqa,BGE-M3,130,0.002228084262199289,0.7154952421734704
fiqa,BGE-M3,131,0.002185201539320842,0.7176804437127913
fiqa,BGE-M3,132,0.002183386140752107,0.7198638298535434
fiqa,BGE-M3,133,0.002166567624314299,0.7220303974778577
fiqa,BGE-M3,134,0.0021265577887759034,0.7241569552666336
fiqa,BGE-M3,135,0.0021189187157123974,0.7262758739823459
fiqa,BGE-M3,136,0.002097585813548229,0.7283734597958942
fiqa,BGE-M3,137,0.0020935880455845634,0.7304670478414788
fiqa,BGE-M3,138,0.0020844632207541194,0.7325515110622329
fiqa,BGE-M3,139,0.0020671545782292174,0.7346186656404622
fiqa,BGE-M3,140,0.002044311293083958,0.7366629769335461
fiqa,BGE-M3,141,0.0020327262866793043,0.7386957032202254
fiqa,BGE-M3,142,0.0020118235016294873,0.7407075267218549
fiqa,BGE-M3,143,0.001988962138033319,0.7426964888598883
fiqa,BGE-M3,144,0.0019685566684778874,0.7446650455283661
fiqa,BGE-M3,145,0.0019598486810244106,0.7466248942093905
fiqa,BGE-M3,146,0.0019361772865221468,0.7485610714959127
fiqa,BGE-M3,147,0.0019111390549605655,0.7504722105508732
fiqa,BGE-M3,148,0.0019051075006619501,0.7523773180515352
fiqa,BGE-M3,149,0.0018853432888438326,0.754262661340379
fiqa,BGE-M3,150,0.0018684897056254572,0.7561311510460045
fiqa,BGE-M3,151,0.0018613451120679653,0.7579924961580724
fiqa,BGE-M3,152,0.0018462271874048095,0.7598387233454772
fiqa,BGE-M3,153,0.0018415589451129595,0.7616802822905901
fiqa,BGE-M3,154,0.0018327801228347866,0.763513062413425
fiqa,BGE-M3,155,0.0018068384012019318,0.7653199008146269
fiqa,BGE-M3,156,0.0017968643141070175,0.7671167651287338
fiqa,BGE-M3,157,0.001749684301981466,0.7688664494307152
fiqa,BGE-M3,158,0.0017390866122396406,0.7706055360429549
fiqa,BGE-M3,159,0.0017321742938151516,0.77233771033677
fiqa,BGE-M3,160,0.001716363783204821,0.7740540741199748
fiqa,BGE-M3,161,0.001705737317115195,0.77575981143709
fiqa,BGE-M3,162,0.001699406926308974,0.777459218363399
fiqa,BGE-M3,163,0.0016874932576892428,0.7791467116210883
fiqa,BGE-M3,164,0.0016779887201503897,0.7808247003412386
fiqa,BGE-M3,165,0.0016525688212085147,0.7824772691624472
fiqa,BGE-M3,166,0.0016441984746828023,0.78412146763713
fiqa,BGE-M3,167,0.0016269400967239597,0.7857484077338539
fiqa,BGE-M3,168,0.001621006762664547,0.7873694144965184
fiqa,BGE-M3,169,0.0016141487017433866,0.7889835631982618
fiqa,BGE-M3,170,0.0016037178738378519,0.7905872810720996
fiqa,BGE-M3,171,0.001598592834739611,0.7921858739068393
fiqa,BGE-M3,172,0.00158269375187109,0.7937685676587104
fiqa,BGE-M3,173,0.0015713757075140299,0.7953399433662244
fiqa,BGE-M3,174,0.0015549126072307209,0.7968948559734551
fiqa,BGE-M3,175,0.0015390926841870299,0.7984339486576422
fiqa,BGE-M3,176,0.0015322028453134135,0.7999661515029556
fiqa,BGE-M3,177,0.001521300622309018,0.8014874521252646
fiqa,BGE-M3,178,0.0015189532042459498,0.8030064053295106
fiqa,BGE-M3,179,0.0015031380046227002,0.8045095433341333
fiqa,BGE-M3,180,0.001498587859413419,0.8060081311935466
fiqa,BGE-M3,181,0.0014907442537828144,0.8074988754473295
fiqa,BGE-M3,182,0.0014723943313208398,0.8089712697786503
fiqa,BGE-M3,183,0.00146360105949909,0.8104348708381494
fiqa,BGE-M3,184,0.001451747160039372,0.8118866179981887
fiqa,BGE-M3,185,0.0014302513702092784,0.813316869368398
fiqa,BGE-M3,186,0.0014186926709640305,0.814735562039362
fiqa,BGE-M3,187,0.0014099229285856186,0.8161454849679477
fiqa,BGE-M3,188,0.0014078297785479756,0.8175533147464957
fiqa,BGE-M3,189,0.0013962098454342036,0.8189495245919299
fiqa,BGE-M3,190,0.0013887719945921888,0.8203382965865221
fiqa,BGE-M3,191,0.0013725419750794862,0.8217108385616017
fiqa,BGE-M3,192,0.0013692680752461998,0.8230801066368478
fiqa,BGE-M3,193,0.0013514388103700223,0.8244315454472179
fiqa,BGE-M3,194,0.0013407005324418773,0.8257722459796597
fiqa,BGE-M3,195,0.0013385199237673205,0.827110765903427
fiqa,BGE-M3,196,0.0013070379836980202,0.828417803887125
fiqa,BGE-M3,197,0.0013016959636671834,0.8297194998507922
fiqa,BGE-M3,198,0.001286993807605638,0.8310064936583978
fiqa,BGE-M3,199,0.0012828541478284005,0.8322893478062262
fiqa,BGE-M3,200,0.0012671146653093416,0.8335564624715356
fiqa,BGE-M3,201,0.001260029764940755,0.8348164922364764
fiqa,BGE-M3,202,0.001252169301948226,0.8360686615384246
fiqa,BGE-M3,203,0.001248541547163172,0.8373172030855878
fiqa,BGE-M3,204,0.0012323521558901822,0.838549555241478
fiqa,BGE-M3,205,0.0012298355480202393,0.8397793907894983
fiqa,BGE-M3,206,0.0012187771370048975,0.8409981679265032
fiqa,BGE-M3,207,0.0012058284236853179,0.8422039963501885
fiqa,BGE-M3,208,0.001197904418003778,0.8434019007681923
fiqa,BGE-M3,209,0.0011952074095365453,0.8445971081777288
fiqa,BGE-M3,210,0.0011825657307713388,0.8457796739085002
fiqa,BGE-M3,211,0.0011665042476920494,0.8469461781561922
fiqa,BGE-M3,212,0.001160467119306601,0.8481066452754988
fiqa,BGE-M3,213,0.0011559569102627069,0.8492626021857616
fiqa,BGE-M3,214,0.00114851367682092,0.8504111158625824
fiqa,BGE-M3,215,0.0011427229244053217,0.8515538387869878
fiqa,BGE-M3,216,0.0011375705304870975,0.8526914093174749
fiqa,BGE-M3,217,0.001122754815707034,0.8538141641331819
fiqa,BGE-M3,218,0.0011165798123070438,0.854930743945489
fiqa,BGE-M3,219,0.0011022784000157611,0.8560330223455047
fiqa,BGE-M3,220,0.0010946226774104031,0.8571276450229152
fiqa,BGE-M3,221,0.0010788438450441255,0.8582064888679592
fiqa,BGE-M3,222,0.0010741269546365015,0.8592806158225957
fiqa,BGE-M3,223,0.00106965381848425,0.86035026964108
fiqa,BGE-M3,224,0.0010649097732378084,0.8614151794143178
fiqa,BGE-M3,225,0.0010551219569882658,0.8624703013713061
fiqa,BGE-M3,226,0.0010520523951787592,0.8635223537664849
fiqa,BGE-M3,227,0.0010443902976895387,0.8645667440641744
fiqa,BGE-M3,228,0.0010398238227334602,0.8656065678869079
fiqa,BGE-M3,229,0.0010333859094850107,0.8666399537963929
fiqa,BGE-M3,230,0.0010215428415364393,0.8676614966379294
fiqa,BGE-M3,231,0.0010148367252738881,0.8686763333632033
fiqa,BGE-M3,232,0.001000235806727356,0.8696765691699306
fiqa,BGE-M3,233,0.0009966708801232697,0.8706732400500539
fiqa,BGE-M3,234,0.0009902863012045153,0.8716635263512584
fiqa,BGE-M3,235,0.0009815814259420826,0.8726451077772005
fiqa,BGE-M3,236,0.0009721936104258039,0.8736173013876263
fiqa,BGE-M3,237,0.0009653139214466805,0.874582615309073
fiqa,BGE-M3,238,0.0009545578655612324,0.8755371731746342
fiqa,BGE-M3,239,0.0009501662974563034,0.8764873394720905
fiqa,BGE-M3,240,0.0009474973733565412,0.877434836845447
fiqa,BGE-M3,241,0.000934309916518077,0.8783691467619651
fiqa,BGE-M3,242,0.0009306638068241329,0.8792998105687893
fiqa,BGE-M3,243,0.0009246408679236264,0.8802244514367129
fiqa,BGE-M3,244,0.0009207764061543234,0.8811452278428672
fiqa,BGE-M3,245,0.0009148471458730943,0.8820600749887403
fiqa,BGE-M3,246,0.0009039707674985536,0.8829640457562389
fiqa,BGE-M3,247,0.0008980915465823825,0.8838621373028213
fiqa,BGE-M3,248,0.0008903854511931265,0.8847525227540144
fiqa,BGE-M3,249,0.0008847996529674744,0.8856373224069819
fiqa,BGE-M3,250,0.0008727444970382406,0.8865100669040201
fiqa,BGE-M3,251,0.0008718772347935044,0.8873819441388137
fiqa,BGE-M3,252,0.000864776227354534,0.8882467203661681
fiqa,BGE-M3,253,0.0008543631938095723,0.8891010835599777
fiqa,BGE-M3,254,0.0008452479163169952,0.8899463314762948
fiqa,BGE-M3,255,0.0008405242302984523,0.8907868557065932
fiqa,BGE-M3,256,0.000833882830471338,0.8916207385370646
fiqa,BGE-M3,257,0.000831609286220321,0.8924523478232849
fiqa,BGE-M3,258,0.0008259945148349201,0.8932783423381198
fiqa,BGE-M3,259,0.0008189666935183556,0.8940973090316381
fiqa,BGE-M3,260,0.0008117890865697863,0.8949090981182078
fiqa,BGE-M3,261,0.0008069620010462682,0.8957160601192541
fiqa,BGE-M3,262,0.0007971403026580795,0.8965132004219122
fiqa,BGE-M3,263,0.0007912836048204547,0.8973044840267327
fiqa,BGE-M3,264,0.0007890532116114987,0.8980935372383442
fiqa,BGE-M3,265,0.0007818462102616999,0.8988753834486058
fiqa,BGE-M3,266,0.0007721013447369495,0.8996474847933428
fiqa,BGE-M3,267,0.0007666856248589704,0.9004141704182017
fiqa,BGE-M3,268,0.0007603883119766676,0.9011745587301784
fiqa,BGE-M3,269,0.0007597892068767197,0.9019343479370551
fiqa,BGE-M3,270,0.00074767122626835,0.9026820191633235
fiqa,BGE-M3,271,0.000747315500100876,0.9034293346634243
fiqa,BGE-M3,272,0.0007418696935916454,0.904171204357016
fiqa,BGE-M3,273,0.00073549614581223,0.9049067005028283
fiqa,BGE-M3,274,0.0007309631499282567,0.9056376636527566
fiqa,BGE-M3,275,0.0007261068910291134,0.9063637705437857
fiqa,BGE-M3,276,0.0007183796488406252,0.9070821501926263
fiqa,BGE-M3,277,0.0007172354369183977,0.9077993856295447
fiqa,BGE-M3,278,0.0007078300475047675,0.9085072156770494
fiqa,BGE-M3,279,0.0007048398677557728,0.9092120555448052
fiqa,BGE-M3,280,0.0007003482715379173,0.9099124038163431
fiqa,BGE-M3,281,0.0006950916990587905,0.9106074955154019
fiqa,BGE-M3,282,0.0006903056487785536,0.9112978011641805
fiqa,BGE-M3,283,0.0006842717777626596,0.9119820729419431
fiqa,BGE-M3,284,0.0006805973706862388,0.9126626703126294
fiqa,BGE-M3,285,0.0006723339743897367,0.9133350042870191
fiqa,BGE-M3,286,0.0006653391734891569,0.9140003434605083
fiqa,BGE-M3,287,0.0006600966794735257,0.9146604401399818
fiqa,BGE-M3,288,0.000658289949621935,0.9153187300896037
fiqa,BGE-M3,289,0.000651006784387452,0.9159697368739912
fiqa,BGE-M3,290,0.0006506457224122131,0.9166203825964034
fiqa,BGE-M3,291,0.0006432189375813431,0.9172636015339848
fiqa,BGE-M3,292,0.0006426451096216564,0.9179062466436064
fiqa,BGE-M3,293,0.0006383409071067594,0.9185445875507132
fiqa,BGE-M3,294,0.0006348239868772111,0.9191794115375904
fiqa,BGE-M3,295,0.0006285753638333555,0.9198079869014237
fiqa,BGE-M3,296,0.0006213271598073886,0.9204293140612311
fiqa,BGE-M3,297,0.0006210521602233164,0.9210503662214544
fiqa,BGE-M3,298,0.0006168287801662092,0.9216671950016206
fiqa,BGE-M3,299,0.0006130731177339442,0.9222802681193546
fiqa,BGE-M3,300,0.0006104956218745727,0.9228907637412291
fiqa,BGE-M3,301,0.0006018124179463062,0.9234925761591755
fiqa,BGE-M3,302,0.0005969303507919886,0.9240895065099675
fiqa,BGE-M3,303,0.000593058577702757,0.9246825650876702
fiqa,BGE-M3,304,0.000591308960791826,0.9252738740484621
fiqa,BGE-M3,305,0.000584614312342179,0.9258584883608042
fiqa,BGE-M3,306,0.0005755010233757067,0.9264339893841799
fiqa,BGE-M3,307,0.0005730576078523254,0.9270070469920322
fiqa,BGE-M3,308,0.0005720755500265189,0.9275791225420587
fiqa,BGE-M3,309,0.000569541725976299,0.928148664268035
fiqa,BGE-M3,310,0.0005637796628063843,0.9287124439308414
fiqa,BGE-M3,311,0.0005610740394223113,0.9292735179702637
fiqa,BGE-M3,312,0.0005590276327910561,0.9298325456030547
fiqa,BGE-M3,313,0.0005561998447898849,0.9303887454478447
fiqa,BGE-M3,314,0.0005486140279645039,0.9309373594758091
fiqa,BGE-M3,315,0.0005435892505544031,0.9314809487263636
fiqa,BGE-M3,316,0.0005375967599919543,0.9320185454863555
fiqa,BGE-M3,317,0.0005339624354454901,0.932552507921801
fiqa,BGE-M3,318,0.0005315149880867656,0.9330840229098878
fiqa,BGE-M3,319,0.0005270682776556436,0.9336110911875435
fiqa,BGE-M3,320,0.0005188444716890975,0.9341299356592326
fiqa,BGE-M3,321,0.0005181735188473577,0.9346481091780799
fiqa,BGE-M3,322,0.0005150031325459044,0.9351631123106259
fiqa,BGE-M3,323,0.0005098353146774533,0.9356729476253033
fiqa,BGE-M3,324,0.0005052488990819671,0.9361781965243853
fiqa,BGE-M3,325,0.0005000752216483259,0.9366782717460336
fiqa,BGE-M3,326,0.0004959555262800935,0.9371742272723137
fiqa,BGE-M3,327,0.0004922130831031685,0.9376664403554169
fiqa,BGE-M3,328,0.0004877965863975691,0.9381542369418144
fiqa,BGE-M3,329,0.0004846898675186454,0.938638926809333
fiqa,BGE-M3,330,0.00048152784697733266,0.9391204546563103
fiqa,BGE-M3,331,0.0004764791188938604,0.9395969337752041
fiqa,BGE-M3,332,0.00047447841714504644,0.9400714121923492
fiqa,BGE-M3,333,0.00047114684370787703,0.9405425590360571
fiqa,BGE-M3,334,0.00046683110121100086,0.9410093901372681
fiqa,BGE-M3,335,0.0004650339636427369,0.9414744241009109
fiqa,BGE-M3,336,0.0004623100096358449,0.9419367341105467
fiqa,BGE-M3,337,0.00045894422338271443,0.9423956783339293
fiqa,BGE-M3,338,0.0004535608525795283,0.9428492391865089
fiqa,BGE-M3,339,0.00045058398307230754,0.9432998231695812
fiqa,BGE-M3,340,0.0004452266082479624,0.9437450497778291
fiqa,BGE-M3,341,0.0004408302484887024,0.9441858800263179
fiqa,BGE-M3,342,0.0004390311861079483,0.9446249112124259
fiqa,BGE-M3,343,0.00043866899618618326,0.945063580208612
fiqa,BGE-M3,344,0.00043665765740993754,0.945500237866022
fiqa,BGE-M3,345,0.00043326627986297673,0.945933504145885
fiqa,BGE-M3,346,0.00042712530295168245,0.9463606294488366
fiqa,BGE-M3,347,0.0004236976257169176,0.9467843270745535
fiqa,BGE-M3,348,0.0004206861051187783,0.9472050131796723
fiqa,BGE-M3,349,0.0004180329635149132,0.9476230461431873
fiqa,BGE-M3,350,0.00041558442579036275,0.9480386305689776
fiqa,BGE-M3,351,0.00041129914865539036,0.948449929717633
fiqa,BGE-M3,352,0.0004075483233311456,0.9488574780409641
fiqa,BGE-M3,353,0.0004037497051411456,0.9492612277461052
fiqa,BGE-M3,354,0.00040214352404015967,0.9496633712701453
fiqa,BGE-M3,355,0.0003980680728938683,0.9500614393430392
fiqa,BGE-M3,356,0.00039564484570584374,0.9504570841887451
fiqa,BGE-M3,357,0.0003946703771659094,0.950851754565911
fiqa,BGE-M3,358,0.0003920050748571628,0.9512437596407681
fiqa,BGE-M3,359,0.0003896598921552688,0.9516334195329234
fiqa,BGE-M3,360,0.0003846733537714933,0.9520180928866948
fiqa,BGE-M3,361,0.0003818929022171364,0.9523999857889119
fiqa,BGE-M3,362,0.0003810825333153486,0.9527810683222273
fiqa,BGE-M3,363,0.0003760278610210836,0.9531570961832484
fiqa,BGE-M3,364,0.00037437840564417583,0.9535314745888925
fiqa,BGE-M3,365,0.0003730984355802087,0.9539045730244727
fiqa,BGE-M3,366,0.0003719088691188235,0.9542764818935916
fiqa,BGE-M3,367,0.0003679553105894642,0.954644437204181
fiqa,BGE-M3,368,0.00036529015993630855,0.9550097273641174
fiqa,BGE-M3,369,0.000362666511642149,0.9553723938757596
fiqa,BGE-M3,370,0.0003589930181320562,0.9557313868938916
fiqa,BGE-M3,371,0.0003587909080853179,0.9560901778019769
fiqa,BGE-M3,372,0.0003519951374555077,0.9564421729394325
fiqa,BGE-M3,373,0.0003495154678722055,0.9567916884073047
fiqa,BGE-M3,374,0.0003446653567491255,0.9571363537640538
fiqa,BGE-M3,375,0.0003426368385613339,0.9574789906026151
fiqa,BGE-M3,376,0.0003392337052804904,0.9578182243078955
fiqa,BGE-M3,377,0.0003353803326575562,0.9581536046405531
fiqa,BGE-M3,378,0.00033326659028427955,0.9584868712308374
fiqa,BGE-M3,379,0.00033040071288168143,0.9588172719437191
fiqa,BGE-M3,380,0.0003262087003495755,0.9591434806440687
fiqa,BGE-M3,381,0.0003254160620934099,0.9594688967061622
fiqa,BGE-M3,382,0.0003234163275370082,0.9597923130336992
fiqa,BGE-M3,383,0.0003231482687343811,0.9601154613024335
fiqa,BGE-M3,384,0.0003210102573621795,0.9604364715597957
fiqa,BGE-M3,385,0.00031524011748762656,0.9607517116772833
fiqa,BGE-M3,386,0.0003135168573331795,0.9610652285346165
fiqa,BGE-M3,387,0.00031169963331594913,0.9613769281679324
fiqa,BGE-M3,388,0.00030975193747046837,0.9616866801054029
fiqa,BGE-M3,389,0.00030559812925625394,0.9619922782346592
fiqa,BGE-M3,390,0.0003043138860892033,0.9622965921207484
fiqa,BGE-M3,391,0.00030315432520785314,0.9625997464459563
fiqa,BGE-M3,392,0.00029974824890607134,0.9628994946948624
fiqa,BGE-M3,393,0.00029620602037063625,0.963195700715233
fiqa,BGE-M3,394,0.0002945250612749652,0.9634902257765079
fiqa,BGE-M3,395,0.00029291477976934184,0.9637831405562772
fiqa,BGE-M3,396,0.0002894349988659428,0.9640725755551431
fiqa,BGE-M3,397,0.0002888000120375183,0.9643613755671807
fiqa,BGE-M3,398,0.0002855456377593543,0.9646469212049401
fiqa,BGE-M3,399,0.00028076203461190844,0.964927683239552
fiqa,BGE-M3,400,0.0002791602570223171,0.9652068434965744
fiqa,BGE-M3,401,0.00027793568911946943,0.9654847791856939
fiqa,BGE-M3,402,0.00027521574359774223,0.9657599949292917
fiqa,BGE-M3,403,0.000273416127613629,0.9660334110569053
fiqa,BGE-M3,404,0.0002715808935189244,0.9663049919504243
fiqa,BGE-M3,405,0.00027062416182932437,0.9665756161122536
fiqa,BGE-M3,406,0.00026640454490649767,0.9668420206571601
fiqa,BGE-M3,407,0.00026328848575242605,0.9671053091429125
fiqa,BGE-M3,408,0.00026284950202014757,0.9673681586449326
fiqa,BGE-M3,409,0.00026020378439500194,0.9676283624293276
fiqa,BGE-M3,410,0.00025821792629860063,0.9678865803556262
fiqa,BGE-M3,411,0.00025694504955557293,0.9681435254051818
fiqa,BGE-M3,412,0.00025396007417035943,0.9683974854793521
fiqa,BGE-M3,413,0.00025159460001055817,0.9686490800793627
fiqa,BGE-M3,414,0.0002514877117940638,0.9689005677911567
fiqa,BGE-M3,415,0.0002486240859372882,0.969149191877094
fiqa,BGE-M3,416,0.00024650462422609923,0.9693956965013202
fiqa,BGE-M3,417,0.00024409615642820856,0.9696397926577484
fiqa,BGE-M3,418,0.00024205387466879683,0.9698818465324172
fiqa,BGE-M3,419,0.00023963762228546156,0.9701214841547027
fiqa,BGE-M3,420,0.00023636531908507565,0.9703578494737878
fiqa,BGE-M3,421,0.00023545362269604652,0.9705933030964838
fiqa,BGE-M3,422,0.00023321974677613535,0.97082652284326
fiqa,BGE-M3,423,0.00023157720717487007,0.9710581000504348
fiqa,BGE-M3,424,0.00022924721180338304,0.9712873472622382
fiqa,BGE-M3,425,0.00022747403002991773,0.9715148212922681
fiqa,BGE-M3,426,0.00022457760212019767,0.9717393988943883
fiqa,BGE-M3,427,0.00022307217044854766,0.9719624710648369
fiqa,BGE-M3,428,0.0002205179337680083,0.9721829889986049
fiqa,BGE-M3,429,0.00021892514168084142,0.9724019141402858
fiqa,BGE-M3,430,0.00021719058002487494,0.9726191047203107
fiqa,BGE-M3,431,0.00021474862972046545,0.9728338533500311
fiqa,BGE-M3,432,0.0002128630047089297,0.97304671635474
fiqa,BGE-M3,433,0.00021182283579994812,0.97325853919054
fiqa,BGE-M3,434,0.00020949392707663014,0.9734680331176165
fiqa,BGE-M3,435,0.0002082932947656032,0.9736763264123821
fiqa,BGE-M3,436,0.00020599196156904586,0.9738823183739511
fiqa,BGE-M3,437,0.00020369082731133448,0.9740860092012624
fiqa,BGE-M3,438,0.00020322790991975632,0.9742892371111822
fiqa,BGE-M3,439,0.0002028607348197592,0.974492097846002
fiqa,BGE-M3,440,0.00019824109141796265,0.97469033893742
fiqa,BGE-M3,441,0.00019656607286370198,0.9748869050102836
fiqa,BGE-M3,442,0.00019514933725636694,0.97508205434754
fiqa,BGE-M3,443,0.00019450624714524066,0.9752765605946853
fiqa,BGE-M3,444,0.00019271864908884445,0.9754692792437741
fiqa,BGE-M3,445,0.00019121149172913427,0.9756604907355033
fiqa,BGE-M3,446,0.0001895541916777164,0.9758500449271811
fiqa,BGE-M3,447,0.0001867153866168566,0.9760367603137979
fiqa,BGE-M3,448,0.00018553485001651218,0.9762222951638144
fiqa,BGE-M3,449,0.00018468963964168012,0.9764069848034561
fiqa,BGE-M3,450,0.00018293047675999787,0.9765899152802161
fiqa,BGE-M3,451,0.0001817871889412749,0.9767717024691573
fiqa,BGE-M3,452,0.00017994308117502366,0.9769516455503323
fiqa,BGE-M3,453,0.00017772790328035386,0.9771293734536126
fiqa,BGE-M3,454,0.0001766622328355139,0.9773060356864481
fiqa,BGE-M3,455,0.00017615199620930788,0.9774821876826575
fiqa,BGE-M3,456,0.00017320977000665126,0.9776553974526642
fiqa,BGE-M3,457,0.0001713947499443751,0.9778267922026085
fiqa,BGE-M3,458,0.0001705223015809033,0.9779973145041894
fiqa,BGE-M3,459,0.00016909705918748808,0.9781664115633768
fiqa,BGE-M3,460,0.00016811095357238554,0.9783345225169492
fiqa,BGE-M3,461,0.000167190144895584,0.9785017126618448
fiqa,BGE-M3,462,0.0001654933020078264,0.9786672059638527
fiqa,BGE-M3,463,0.0001636758038806693,0.9788308817677334
fiqa,BGE-M3,464,0.00016290525655761632,0.978993787024291
fiqa,BGE-M3,465,0.00016132492807873516,0.9791551119523697
fiqa,BGE-M3,466,0.0001589545501734832,0.9793140665025432
fiqa,BGE-M3,467,0.0001569040645861989,0.9794709705671294
fiqa,BGE-M3,468,0.00015655937319177164,0.9796275299403212
fiqa,BGE-M3,469,0.00015532216252876925,0.97978285210285
fiqa,BGE-M3,470,0.0001548881400363942,0.9799377402428864
fiqa,BGE-M3,471,0.00015316691149396444,0.9800909071543803
fiqa,BGE-M3,472,0.00015188729852506084,0.9802427944529054
fiqa,BGE-M3,473,0.00015064653151101662,0.9803934409844164
fiqa,BGE-M3,474,0.000149644779355274,0.9805430857637717
fiqa,BGE-M3,475,0.00014843308962853466,0.9806915188534002
fiqa,BGE-M3,476,0.00014604543123583098,0.9808375642846361
fiqa,BGE-M3,477,0.00014581863415736698,0.9809833829187935
fiqa,BGE-M3,478,0.00014542780085295844,0.9811288107196464
fiqa,BGE-M3,479,0.00014417128758057284,0.981272982007227
fiqa,BGE-M3,480,0.00014274631597908835,0.9814157283232061
fiqa,BGE-M3,481,0.00014046148881336366,0.9815561898120195
fiqa,BGE-M3,482,0.00013972985679173682,0.9816959196688113
fiqa,BGE-M3,483,0.0001386256314057417,0.9818345453002171
fiqa,BGE-M3,484,0.00013825771642200608,0.981972803016639
fiqa,BGE-M3,485,0.00013599865187793612,0.982108801668517
fiqa,BGE-M3,486,0.00013571474784712285,0.9822445164163641
fiqa,BGE-M3,487,0.00013522783162673408,0.9823797442479909
fiqa,BGE-M3,488,0.00013369909812573967,0.9825134433461167
fiqa,BGE-M3,489,0.0001329987042681954,0.9826464420503849
fiqa,BGE-M3,490,0.00013122199030382738,0.9827776640406887
fiqa,BGE-M3,491,0.00013066827412032032,0.982908332314809
fiqa,BGE-M3,492,0.00012993918205289392,0.9830382714968618
fiqa,BGE-M3,493,0.00012880680565109242,0.9831670783025129
fiqa,BGE-M3,494,0.00012582478608143933,0.9832929030885944
fiqa,BGE-M3,495,0.00012474055803275586,0.9834176436466272
fiqa,BGE-M3,496,0.00012396794167107524,0.9835416115882982
fiqa,BGE-M3,497,0.00012295355563257413,0.9836645651439307
fiqa,BGE-M3,498,0.0001222917503209253,0.9837868568942517
fiqa,BGE-M3,499,0.00011922990616466303,0.9839060868004164
fiqa,BGE-M3,500,0.00011873045781479685,0.9840248172582311
fiqa,BGE-M3,501,0.000117408083623769,0.9841422253418549
fiqa,BGE-M3,502,0.00011721553530788889,0.9842594408771628
fiqa,BGE-M3,503,0.00011674781184538481,0.9843761886890081
fiqa,BGE-M3,504,0.00011555466468791425,0.984491743353696
fiqa,BGE-M3,505,0.00011500978739132748,0.9846067531410874
fiqa,BGE-M3,506,0.00011413176209382658,0.9847208849031812
fiqa,BGE-M3,507,0.00011378109013331941,0.9848346659933145
fiqa,BGE-M3,508,0.00011329444825774767,0.9849479604415722
fiqa,BGE-M3,509,0.00011253756172840356,0.9850604980033005
fiqa,BGE-M3,510,0.00011156660184667151,0.9851720646051472
fiqa,BGE-M3,511,0.0001110874216463771,0.9852831520267935
fiqa,BGE-M3,512,0.00010988008541793836,0.9853930321122114
fiqa,BGE-M3,513,0.00010863164214717637,0.9855016637543585
fiqa,BGE-M3,514,0.00010802832330050466,0.985609692077659
fiqa,BGE-M3,515,0.00010683752699852222,0.9857165296046575
fiqa,BGE-M3,516,0.00010663243780325539,0.9858231620424608
fiqa,BGE-M3,517,0.00010592376759016646,0.985929085810051
fiqa,BGE-M3,518,0.00010560116044162274,0.9860346869704927
fiqa,BGE-M3,519,0.00010402907306834744,0.9861387160435611
fiqa,BGE-M3,520,0.00010236186157453745,0.9862410779051356
fiqa,BGE-M3,521,0.00010209847659866542,0.9863431763817343
fiqa,BGE-M3,522,0.00010115796582368663,0.986444334347558
fiqa,BGE-M3,523,0.00010032016610343855,0.9865446545136614
fiqa,BGE-M3,524,9.9655745168635e-05,0.98664431025883
fiqa,BGE-M3,525,9.835114765210793e-05,0.9867426614064821
fiqa,BGE-M3,526,9.757923823264137e-05,0.9868402406447148
fiqa,BGE-M3,527,9.680775376417937e-05,0.986937048398479
fiqa,BGE-M3,528,9.631787166875606e-05,0.9870333662701477
fiqa,BGE-M3,529,9.5258213357837e-05,0.9871286244835056
fiqa,BGE-M3,530,9.464647761949719e-05,0.987223270961125
fiqa,BGE-M3,531,9.424085526078769e-05,0.9873175118163858
fiqa,BGE-M3,532,9.315184832061822e-05,0.9874106636647064
fiqa,BGE-M3,533,9.234369848682824e-05,0.9875030073631933
fiqa,BGE-M3,534,9.178469667249759e-05,0.9875947920598658
fiqa,BGE-M3,535,9.158024376581548e-05,0.9876863723036315
fiqa,BGE-M3,536,9.104317970911063e-05,0.9877774154833406
fiqa,BGE-M3,537,9.054607373387785e-05,0.9878679615570746
fiqa,BGE-M3,538,9.021485521979745e-05,0.9879581764122943
fiqa,BGE-M3,539,8.992694373323009e-05,0.9880481033560276
fiqa,BGE-M3,540,8.90825526730282e-05,0.9881371859087006
fiqa,BGE-M3,541,8.790547427299739e-05,0.9882250913829735
fiqa,BGE-M3,542,8.742231934209407e-05,0.9883125137023157
fiqa,BGE-M3,543,8.627693279912788e-05,0.9883987906351148
fiqa,BGE-M3,544,8.53362904459925e-05,0.9884841269255609
fiqa,BGE-M3,545,8.443520801530716e-05,0.9885685621335761
fiqa,BGE-M3,546,8.376961778670072e-05,0.9886523317513628
fiqa,BGE-M3,547,8.338488796806213e-05,0.9887357166393309
fiqa,BGE-M3,548,8.194002267914444e-05,0.98881765666201
fiqa,BGE-M3,549,8.177574792311588e-05,0.9888994324099332
fiqa,BGE-M3,550,8.151657099110934e-05,0.9889809489809243
fiqa,BGE-M3,551,8.095039387653756e-05,0.9890618993748008
fiqa,BGE-M3,552,7.938902911894434e-05,0.9891412884039198
fiqa,BGE-M3,553,7.89854168889996e-05,0.9892202738208088
fiqa,BGE-M3,554,7.855784450770063e-05,0.9892988316653165
fiqa,BGE-M3,555,7.79084545701381e-05,0.9893767401198866
fiqa,BGE-M3,556,7.756324490978225e-05,0.9894543033647965
fiqa,BGE-M3,557,7.688002680609514e-05,0.9895311833916025
fiqa,BGE-M3,558,7.631482283584583e-05,0.9896074982144384
fiqa,BGE-M3,559,7.596715016432451e-05,0.9896834653646027
fiqa,BGE-M3,560,7.532825335134215e-05,0.989758793617954
fiqa,BGE-M3,561,7.497649742616602e-05,0.9898337701153802
fiqa,BGE-M3,562,7.425509137746634e-05,0.9899080252067577
fiqa,BGE-M3,563,7.39962361259882e-05,0.9899820214428837
fiqa,BGE-M3,564,7.330199984633026e-05,0.9900553234427301
fiqa,BGE-M3,565,7.309137883127514e-05,0.9901284148215613
fiqa,BGE-M3,566,7.266291862128108e-05,0.9902010777401826
fiqa,BGE-M3,567,7.227743587384773e-05,0.9902733551760565
fiqa,BGE-M3,568,7.137711245381799e-05,0.9903447322885104
fiqa,BGE-M3,569,7.114585346857062e-05,0.990415878141979
fiqa,BGE-M3,570,6.999961890060999e-05,0.9904858777608796
fiqa,BGE-M3,571,6.951797749187506e-05,0.9905553957383715
fiqa,BGE-M3,572,6.915850789283013e-05,0.9906245542462643
fiqa,BGE-M3,573,6.859823630964176e-05,0.990693152482574
fiqa,BGE-M3,574,6.780169984202186e-05,0.9907609541824159
fiqa,BGE-M3,575,6.756312184425221e-05,0.9908285173042602
fiqa,BGE-M3,576,6.683982629678333e-05,0.990895357130557
fiqa,BGE-M3,577,6.643224879279484e-05,0.9909617893793498
fiqa,BGE-M3,578,6.572091942362515e-05,0.9910275102987733
fiqa,BGE-M3,579,6.530506500433972e-05,0.9910928153637777
fiqa,BGE-M3,580,6.505757372360175e-05,0.9911578729375012
fiqa,BGE-M3,581,6.425707547060326e-05,0.9912221300129719
fiqa,BGE-M3,582,6.396360104484033e-05,0.9912860936140168
fiqa,BGE-M3,583,6.384188143368558e-05,0.9913499354954505
fiqa,BGE-M3,584,6.336273953017135e-05,0.9914132982349807
fiqa,BGE-M3,585,6.296537964939866e-05,0.9914762636146301
fiqa,BGE-M3,586,6.271642360362699e-05,0.9915389800382338
fiqa,BGE-M3,587,6.221949503384493e-05,0.9916011995332676
fiqa,BGE-M3,588,6.187549171631804e-05,0.991663075024984
fiqa,BGE-M3,589,6.104009322631977e-05,0.9917241151182102
fiqa,BGE-M3,590,6.05501428483574e-05,0.9917846652610586
fiqa,BGE-M3,591,6.013560385228726e-05,0.9918448008649109
fiqa,BGE-M3,592,5.9905564821665794e-05,0.9919047064297326
fiqa,BGE-M3,593,5.927817472997957e-05,0.9919639846044626
fiqa,BGE-M3,594,5.9212384956169584e-05,0.9920231969894188
fiqa,BGE-M3,595,5.883945331921822e-05,0.992082036442738
fiqa,BGE-M3,596,5.8104416722323876e-05,0.9921401408594602
fiqa,BGE-M3,597,5.783144598418423e-05,0.9921979723054444
fiqa,BGE-M3,598,5.733822881224334e-05,0.9922553105342566
fiqa,BGE-M3,599,5.709639283068826e-05,0.9923124069270873
fiqa,BGE-M3,600,5.6674087156022694e-05,0.9923690810142434
fiqa,BGE-M3,601,5.584492580495736e-05,0.9924249259400483
fiqa,BGE-M3,602,5.5787952099972606e-05,0.9924807138921482
fiqa,BGE-M3,603,5.557752377290181e-05,0.9925362914159211
fiqa,BGE-M3,604,5.446828273306253e-05,0.9925907596986542
fiqa,BGE-M3,605,5.433061780921574e-05,0.9926450903164634
fiqa,BGE-M3,606,5.407899464511082e-05,0.9926991693111086
fiqa,BGE-M3,607,5.3602826017538595e-05,0.9927527721371261
fiqa,BGE-M3,608,5.332359636791952e-05,0.992806095733494
fiqa,BGE-M3,609,5.2989117406508334e-05,0.9928590848509005
fiqa,BGE-M3,610,5.2487106078833184e-05,0.9929115719569793
fiqa,BGE-M3,611,5.242326920062279e-05,0.99296399522618
fiqa,BGE-M3,612,5.1650936668679585e-05,0.9930156461628487
fiqa,BGE-M3,613,5.1355658527652526e-05,0.9930670018213763
fiqa,BGE-M3,614,5.085228597289764e-05,0.9931178541073492
fiqa,BGE-M3,615,5.027504212653815e-05,0.9931681291494757
fiqa,BGE-M3,616,5.0129300096218e-05,0.9932182584495719
fiqa,BGE-M3,617,4.997902232961772e-05,0.9932682374719015
fiqa,BGE-M3,618,4.959905553620033e-05,0.9933178365274378
fiqa,BGE-M3,619,4.902844193541716e-05,0.9933668649693732
fiqa,BGE-M3,620,4.8571098525572235e-05,0.9934154360678987
fiqa,BGE-M3,621,4.8232027527239096e-05,0.993463668095426
fiqa,BGE-M3,622,4.795883572194245e-05,0.9935116269311479
fiqa,BGE-M3,623,4.771070407727292e-05,0.9935593376352252
fiqa,BGE-M3,624,4.741572480542013e-05,0.9936067533600306
fiqa,BGE-M3,625,4.708663813799416e-05,0.9936538399981686
fiqa,BGE-M3,626,4.667410113673655e-05,0.9937005140993054
fiqa,BGE-M3,627,4.641800824192719e-05,0.9937469321075473
fiqa,BGE-M3,628,4.6051370682250516e-05,0.9937929834782295
fiqa,BGE-M3,629,4.587760691154587e-05,0.9938388610851411
fiqa,BGE-M3,630,4.5507550312166465e-05,0.9938843686354533
fiqa,BGE-M3,631,4.5277648943246925e-05,0.9939296462843965
fiqa,BGE-M3,632,4.481185857064739e-05,0.9939744581429671
fiqa,BGE-M3,633,4.4608425672129696e-05,0.9940190665686393
fiqa,BGE-M3,634,4.396652945348506e-05,0.9940630330980927
fiqa,BGE-M3,635,4.365130599545942e-05,0.9941066844040882
fiqa,BGE-M3,636,4.346385361196948e-05,0.9941501482577002
fiqa,BGE-M3,637,4.313417380778449e-05,0.994193282431508
fiqa,BGE-M3,638,4.295579153799958e-05,0.994236238223046
fiqa,BGE-M3,639,4.256583892467254e-05,0.9942788040619707
fiqa,BGE-M3,640,4.238088800310062e-05,0.9943211849499738
fiqa,BGE-M3,641,4.188491296110152e-05,0.9943630698629349
fiqa,BGE-M3,642,4.164938593384175e-05,0.9944047192488688
fiqa,BGE-M3,643,4.1363560802546034e-05,0.9944460828096713
fiqa,BGE-M3,644,4.1238090583511375e-05,0.9944873209002548
fiqa,BGE-M3,645,4.073568145593418e-05,0.9945280565817107
fiqa,BGE-M3,646,4.0630239659403856e-05,0.9945686868213701
fiqa,BGE-M3,647,4.02787419697903e-05,0.9946089655633399
fiqa,BGE-M3,648,3.995533190921936e-05,0.9946489208952491
fiqa,BGE-M3,649,3.981981324572199e-05,0.9946887407084949
fiqa,BGE-M3,650,3.9615156387821116e-05,0.9947283558648827
fiqa,BGE-M3,651,3.9279177007710966e-05,0.9947676350418905
fiqa,BGE-M3,652,3.9064554593894027e-05,0.9948066995964844
fiqa,BGE-M3,653,3.8880167558863906e-05,0.9948455797640432
fiqa,BGE-M3,654,3.8429799563045134e-05,0.9948840095636062
fiqa,BGE-M3,655,3.8401899473734156e-05,0.9949224114630799
fiqa,BGE-M3,656,3.803999888627048e-05,0.9949604514619662
fiqa,BGE-M3,657,3.769834384056915e-05,0.9949981498058068
fiqa,BGE-M3,658,3.742509377506042e-05,0.9950355748995818
fiqa,BGE-M3,659,3.720387189182692e-05,0.9950727787714737
fiqa,BGE-M3,660,3.6969431488053964e-05,0.9951097482029617
fiqa,BGE-M3,661,3.6646121269088183e-05,0.9951463943242308
fiqa,BGE-M3,662,3.6423343668065075e-05,0.9951828176678988
fiqa,BGE-M3,663,3.619113320131176e-05,0.9952190088011001
fiqa,BGE-M3,664,3.5967248168842874e-05,0.9952549760492689
fiqa,BGE-M3,665,3.5707078214250955e-05,0.9952906831274831
fiqa,BGE-M3,666,3.5470481976723226e-05,0.9953261536094599
fiqa,BGE-M3,667,3.5153507448827086e-05,0.9953613071169087
fiqa,BGE-M3,668,3.4794009297426706e-05,0.9953961011262061
fiqa,BGE-M3,669,3.474383762793546e-05,0.995430844963834
fiqa,BGE-M3,670,3.4407145664190776e-05,0.9954652521094982
fiqa,BGE-M3,671,3.433948198778054e-05,0.995499591591486
fiqa,BGE-M3,672,3.424615936277544e-05,0.9955338377508488
fiqa,BGE-M3,673,3.389495406577559e-05,0.9955677327049146
fiqa,BGE-M3,674,3.3717676596221374e-05,0.9956014503815108
fiqa,BGE-M3,675,3.343819031182139e-05,0.9956348885718227
fiqa,BGE-M3,676,3.329705124362111e-05,0.9956681856230664
fiqa,BGE-M3,677,3.305197971008354e-05,0.9957012376027764
fiqa,BGE-M3,678,3.302174070879421e-05,0.9957342593434853
fiqa,BGE-M3,679,3.275554786408574e-05,0.9957670148913493
fiqa,BGE-M3,680,3.255527084052675e-05,0.9957995701621899
fiqa,BGE-M3,681,3.253008613379413e-05,0.9958321002483237
fiqa,BGE-M3,682,3.240426281534806e-05,0.9958645045111391
fiqa,BGE-M3,683,3.193492527763758e-05,0.9958964394364167
fiqa,BGE-M3,684,3.171043551743395e-05,0.9959281498719341
fiqa,BGE-M3,685,3.13247603041729e-05,0.9959594746322383
fiqa,BGE-M3,686,3.123085699727595e-05,0.9959907054892356
fiqa,BGE-M3,687,3.108445162547027e-05,0.9960217899408611
fiqa,BGE-M3,688,3.091243957803974e-05,0.9960527023804392
fiqa,BGE-M3,689,3.078718502641124e-05,0.9960834895654656
fiqa,BGE-M3,690,3.0648849720732675e-05,0.9961141384151863
fiqa,BGE-M3,691,3.057145699219046e-05,0.9961447098721784
fiqa,BGE-M3,692,3.0252290309426327e-05,0.9961749621624878
fiqa,BGE-M3,693,2.981449183937609e-05,0.9962047766543272
fiqa,BGE-M3,694,2.9569520236217076e-05,0.9962343461745634
fiqa,BGE-M3,695,2.9401306798046368e-05,0.9962637474813615
fiqa,BGE-M3,696,2.9271807310897876e-05,0.9962930192886724
fiqa,BGE-M3,697,2.902119448597549e-05,0.9963220404831584
fiqa,BGE-M3,698,2.8772774209990146e-05,0.9963508132573684
fiqa,BGE-M3,699,2.86834644676219e-05,0.996379496721836
fiqa,BGE-M3,700,2.8501302671913608e-05,0.996407998024508
fiqa,BGE-M3,701,2.834547452449143e-05,0.9964363434990324
fiqa,BGE-M3,702,2.8162234078996067e-05,0.9964645057331114
fiqa,BGE-M3,703,2.8028318026551633e-05,0.9964925340511379
fiqa,BGE-M3,704,2.768487687662409e-05,0.9965202189280146
fiqa,BGE-M3,705,2.740365247823799e-05,0.9965476225804928
fiqa,BGE-M3,706,2.7297948791017926e-05,0.9965749205292838
fiqa,BGE-M3,707,2.7029184377500025e-05,0.9966019497136612
fiqa,BGE-M3,708,2.6955401144186294e-05,0.9966289051148054
fiqa,BGE-M3,709,2.685305890488001e-05,0.9966557581737103
fiqa,BGE-M3,710,2.671071600932801e-05,0.9966824688897197
fiqa,BGE-M3,711,2.660789952341719e-05,0.9967090767892431
fiqa,BGE-M3,712,2.641937967452686e-05,0.9967354961689177
fiqa,BGE-M3,713,2.6185037448632022e-05,0.9967616812063663
fiqa,BGE-M3,714,2.604357839597655e-05,0.9967877247847623
fiqa,BGE-M3,715,2.5774356617099567e-05,0.9968134991413794
fiqa,BGE-M3,716,2.5517315878720915e-05,0.9968390164572581
fiqa,BGE-M3,717,2.536867931882484e-05,0.9968643851365769
fiqa,BGE-M3,718,2.516897350046107e-05,0.9968895541100774
fiqa,BGE-M3,719,2.508813268558259e-05,0.9969146422427629
fiqa,BGE-M3,720,2.4943534895671272e-05,0.9969395857776586
fiqa,BGE-M3,721,2.4704952235669167e-05,0.9969642907298943
fiqa,BGE-M3,722,2.4486681779758486e-05,0.9969887774116741
fiqa,BGE-M3,723,2.4403977949143073e-05,0.9970131813896232
fiqa,BGE-M3,724,2.4351523260872878e-05,0.9970375329128841
fiqa,BGE-M3,725,2.422635172637545e-05,0.9970617592646105
fiqa,BGE-M3,726,2.396490173979779e-05,0.9970857241663503
fiqa,BGE-M3,727,2.3922562540396364e-05,0.9971096467288907
fiqa,BGE-M3,728,2.3655962025879355e-05,0.9971333026909166
fiqa,BGE-M3,729,2.3607557822893284e-05,0.9971569102487395
fiqa,BGE-M3,730,2.3481864219624328e-05,0.9971803921129592
fiqa,BGE-M3,731,2.318846041262309e-05,0.9972035805733718
fiqa,BGE-M3,732,2.3051726941911655e-05,0.9972266323003137
fiqa,BGE-M3,733,2.294514894943429e-05,0.9972495774492631
fiqa,BGE-M3,734,2.2536656645021746e-05,0.9972721141059081
fiqa,BGE-M3,735,2.2444725989464523e-05,0.9972945588318975
fiqa,BGE-M3,736,2.2379899006298387e-05,0.9973169387309039
fiqa,BGE-M3,737,2.2230502351062633e-05,0.9973391692332549
fiqa,BGE-M3,738,2.2076344136974705e-05,0.9973612455773919
fiqa,BGE-M3,739,2.1996957232625153e-05,0.9973832425346245
fiqa,BGE-M3,740,2.1719189836640612e-05,0.9974049617244611
fiqa,BGE-M3,741,2.1682438072085873e-05,0.9974266441625332
fiqa,BGE-M3,742,2.1584306736986117e-05,0.9974482284692702
fiqa,BGE-M3,743,2.137328790715755e-05,0.9974696017571774
fiqa,BGE-M3,744,2.1284926407135637e-05,0.9974908866835845
fiqa,BGE-M3,745,2.1092839410954544e-05,0.9975119795229955
fiqa,BGE-M3,746,2.0875582974058282e-05,0.9975328551059696
fiqa,BGE-M3,747,2.0815469228355413e-05,0.997553670575198
fiqa,BGE-M3,748,2.066481307526224e-05,0.9975743353882732
fiqa,BGE-M3,749,2.0503109445716216e-05,0.9975948384977189
fiqa,BGE-M3,750,2.0419348772637475e-05,0.9976152578464915
fiqa,BGE-M3,751,2.0262963979205884e-05,0.9976355208104707
fiqa,BGE-M3,752,2.0204086612476033e-05,0.9976557248970832
fiqa,BGE-M3,753,2.0152138931226173e-05,0.9976758770360145
fiqa,BGE-M3,754,1.9875446743257915e-05,0.9976957524827578
fiqa,BGE-M3,755,1.984793562747328e-05,0.9977156004183853
fiqa,BGE-M3,756,1.9666158355339605e-05,0.9977352665767406
fiqa,BGE-M3,757,1.9474539361176036e-05,0.9977547411161017
fiqa,BGE-M3,758,1.9390847795234226e-05,0.997774131963897
fiqa,BGE-M3,759,1.9287425853418654e-05,0.9977934193897504
fiqa,BGE-M3,760,1.8971581949237587e-05,0.9978123909716996
fiqa,BGE-M3,761,1.8928508146546216e-05,0.9978313194798462
fiqa,BGE-M3,762,1.879880114406151e-05,0.9978501182809902
fiqa,BGE-M3,763,1.8779123575417488e-05,0.9978688974045656
fiqa,BGE-M3,764,1.8658766628574523e-05,0.9978875561711942
fiqa,BGE-M3,765,1.848387527254306e-05,0.9979060400464668
fiqa,BGE-M3,766,1.839412354501083e-05,0.9979244341700118
fiqa,BGE-M3,767,1.821198045465419e-05,0.9979426461504665
fiqa,BGE-M3,768,1.8170935222826066e-05,0.9979608170856893
fiqa,BGE-M3,769,1.7983886529579734e-05,0.9979788009722189
fiqa,BGE-M3,770,1.7866446785462273e-05,0.9979966674190044
fiqa,BGE-M3,771,1.7781966358435812e-05,0.9980144493853629
fiqa,BGE-M3,772,1.7745012500991216e-05,0.9980321943978638
fiqa,BGE-M3,773,1.752645398412645e-05,0.998049720851848
fiqa,BGE-M3,774,1.74295371288908e-05,0.9980671503889769
fiqa,BGE-M3,775,1.73393728321035e-05,0.998084489761809
fiqa,BGE-M3,776,1.710676361316821e-05,0.9981015965254222
fiqa,BGE-M3,777,1.7088946031915237e-05,0.9981186854714541
fiqa,BGE-M3,778,1.7004539591690403e-05,0.9981356900110457
fiqa,BGE-M3,779,1.6833589094509853e-05,0.9981525236001403
fiqa,BGE-M3,780,1.6743396627445062e-05,0.9981692669967678
fiqa,BGE-M3,781,1.6697259653484216e-05,0.9981859642564213
fiqa,BGE-M3,782,1.6517738357753456e-05,0.998202481994779
fiqa,BGE-M3,783,1.6382370235079777e-05,0.9982188643650141
fiqa,BGE-M3,784,1.6174561341458564e-05,0.9982350389263556
fiqa,BGE-M3,785,1.6023261804558415e-05,0.9982510621881602
fiqa,BGE-M3,786,1.5937011803227192e-05,0.9982669991999634
fiqa,BGE-M3,787,1.5871595234314337e-05,0.9982828707951977
fiqa,BGE-M3,788,1.577963078136946e-05,0.9982986504259791
fiqa,BGE-M3,789,1.568309091713728e-05,0.9983143335168962
fiqa,BGE-M3,790,1.5599241367567196e-05,0.9983299327582638
fiqa,BGE-M3,791,1.550709705727656e-05,0.998345439855321
fiqa,BGE-M3,792,1.536971977437572e-05,0.9983608095750953
fiqa,BGE-M3,793,1.5319400090520667e-05,0.9983761289751858
fiqa,BGE-M3,794,1.5213207487843689e-05,0.9983913421826737
fiqa,BGE-M3,795,1.5071813236929318e-05,0.9984064139959106
fiqa,BGE-M3,796,1.4946535961179843e-05,0.9984213605318717
fiqa,BGE-M3,797,1.4864225662304036e-05,0.998436224757534
fiqa,BGE-M3,798,1.483196317034094e-05,0.9984510567207043
fiqa,BGE-M3,799,1.4613769234352464e-05,0.9984656704899387
fiqa,BGE-M3,800,1.4584890407190602e-05,0.9984802553803459
fiqa,BGE-M3,801,1.4475262690213374e-05,0.9984947306430361
fiqa,BGE-M3,802,1.445983356435957e-05,0.9985091904766005
fiqa,BGE-M3,803,1.4302127694524117e-05,0.998523492604295
fiqa,BGE-M3,804,1.4095105001533592e-05,0.9985375877092965
fiqa,BGE-M3,805,1.4038737582980046e-05,0.9985516264468794
fiqa,BGE-M3,806,1.39938116470665e-05,0.9985656202585265
fiqa,BGE-M3,807,1.3895769225016635e-05,0.9985795160277515
fiqa,BGE-M3,808,1.3846718754602677e-05,0.9985933627465061
fiqa,BGE-M3,809,1.3790352397633235e-05,0.9986071530989038
fiqa,BGE-M3,810,1.3608123554314494e-05,0.9986207612224581
fiqa,BGE-M3,811,1.356049164077352e-05,0.9986343217140989
fiqa,BGE-M3,812,1.3404351385880373e-05,0.9986477260654848
fiqa,BGE-M3,813,1.3302954966929672e-05,0.9986610290204517
fiqa,BGE-M3,814,1.3260413273721445e-05,0.9986742894337255
fiqa,BGE-M3,815,1.3109665337647582e-05,0.9986873990990631
fiqa,BGE-M3,816,1.3003092876515947e-05,0.9987004021919397
fiqa,BGE-M3,817,1.2940336400852e-05,0.9987133425283405
fiqa,BGE-M3,818,1.2824135044480433e-05,0.998726166663385
fiqa,BGE-M3,819,1.2699584319899959e-05,0.9987388662477049
fiqa,BGE-M3,820,1.2660747215016751e-05,0.99875152699492
fiqa,BGE-M3,821,1.2523253020118807e-05,0.9987640502479401
fiqa,BGE-M3,822,1.2443271878242048e-05,0.9987764935198183
fiqa,BGE-M3,823,1.238759655387297e-05,0.9987888811163722
fiqa,BGE-M3,824,1.2269305662897405e-05,0.9988011504220351
fiqa,BGE-M3,825,1.2223091809886162e-05,0.998813373513845
fiqa,BGE-M3,826,1.216889437919841e-05,0.9988255424082242
fiqa,BGE-M3,827,1.2133870304408327e-05,0.9988376762785286
fiqa,BGE-M3,828,1.1941369143499266e-05,0.9988496176476721
fiqa,BGE-M3,829,1.189088165434616e-05,0.9988615085293264
fiqa,BGE-M3,830,1.1772191337890883e-05,0.9988732807206643
fiqa,BGE-M3,831,1.1671523286859369e-05,0.9988849522439511
fiqa,BGE-M3,832,1.1509031851864302e-05,0.998896461275803
fiqa,BGE-M3,833,1.1493156294329905e-05,0.9989079544320973
fiqa,BGE-M3,834,1.1416945211967172e-05,0.9989193713773094
fiqa,BGE-M3,835,1.133296590205063e-05,0.9989307043432114
fiqa,BGE-M3,836,1.1306100668201124e-05,0.9989420104438796
fiqa,BGE-M3,837,1.1190208546262393e-05,0.9989532006524259
fiqa,BGE-M3,838,1.1101746084350434e-05,0.9989643023985102
fiqa,BGE-M3,839,1.1022020456789227e-05,0.998975324418967
fiqa,BGE-M3,840,1.092293396668553e-05,0.9989862473529336
fiqa,BGE-M3,841,1.0865702409774217e-05,0.9989971130553434
fiqa,BGE-M3,842,1.0857364270120733e-05,0.9990079704196135
fiqa,BGE-M3,843,1.078997922835622e-05,0.9990187603988419
fiqa,BGE-M3,844,1.0698397814075804e-05,0.999029458796656
fiqa,BGE-M3,845,1.054850694776186e-05,0.9990400073036038
fiqa,BGE-M3,846,1.0508748061088849e-05,0.9990505160516648
fiqa,BGE-M3,847,1.0432049241340397e-05,0.9990609481009062
fiqa,BGE-M3,848,1.0336090134344598e-05,0.9990712841910405
fiqa,BGE-M3,849,1.0189734301515773e-05,0.9990814739253421
fiqa,BGE-M3,850,1.0142589171874832e-05,0.999091616514514
fiqa,BGE-M3,851,1.0106251705954258e-05,0.9991017227662199
fiqa,BGE-M3,852,1.0027589376105602e-05,0.999111750355596
fiqa,BGE-M3,853,9.943219645426573e-06,0.9991216935752414
fiqa,BGE-M3,854,9.831136334598965e-06,0.999131524711576
fiqa,BGE-M3,855,9.77238274514554e-06,0.9991412970943211
fiqa,BGE-M3,856,9.740486191178273e-06,0.9991510375805123
fiqa,BGE-M3,857,9.695787558455135e-06,0.9991607333680708
fiqa,BGE-M3,858,9.60949308538965e-06,0.9991703428611561
fiqa,BGE-M3,859,9.583067779988685e-06,0.9991799259289361
fiqa,BGE-M3,860,9.456196272873978e-06,0.999189382125209
fiqa,BGE-M3,861,9.363333025876214e-06,0.999198745458235
fiqa,BGE-M3,862,9.326666539663292e-06,0.9992080721247746
fiqa,BGE-M3,863,9.254562809988702e-06,0.9992173266875846
fiqa,BGE-M3,864,9.122247554109656e-06,0.9992264489351387
fiqa,BGE-M3,865,9.075532649105832e-06,0.9992355244677877
fiqa,BGE-M3,866,8.99976607096254e-06,0.9992445242338587
fiqa,BGE-M3,867,8.939484143591688e-06,0.9992534637180023
fiqa,BGE-M3,868,8.87815529083263e-06,0.9992623418732931
fiqa,BGE-M3,869,8.812443086858848e-06,0.9992711543163799
fiqa,BGE-M3,870,8.789603437177974e-06,0.9992799439198171
fiqa,BGE-M3,871,8.745733395770939e-06,0.9992886896532129
fiqa,BGE-M3,872,8.696028663962269e-06,0.9992973856818769
fiqa,BGE-M3,873,8.575207596800495e-06,0.9993059608894737
fiqa,BGE-M3,874,8.536628479383339e-06,0.9993144975179531
fiqa,BGE-M3,875,8.51771847615912e-06,0.9993230152364293
fiqa,BGE-M3,876,8.359413983623123e-06,0.9993313746504129
fiqa,BGE-M3,877,8.271285943712318e-06,0.9993396459363566
fiqa,BGE-M3,878,8.244129425264264e-06,0.9993478900657818
fiqa,BGE-M3,879,8.213115138409504e-06,0.9993561031809203
fiqa,BGE-M3,880,8.09278287549156e-06,0.9993641959637958
fiqa,BGE-M3,881,8.028323579230611e-06,0.999372224287375
fiqa,BGE-M3,882,8.008897539822543e-06,0.9993802331849149
fiqa,BGE-M3,883,7.939461399814084e-06,0.9993881726463146
fiqa,BGE-M3,884,7.901114062858987e-06,0.9993960737603775
fiqa,BGE-M3,885,7.824697222709046e-06,0.9994038984576002
fiqa,BGE-M3,886,7.71603466686053e-06,0.9994116144922671
fiqa,BGE-M3,887,7.631260467111924e-06,0.9994192457527342
fiqa,BGE-M3,888,7.567959372828221e-06,0.9994268137121071
fiqa,BGE-M3,889,7.5380856398860795e-06,0.999434351797747
fiqa,BGE-M3,890,7.481406395739051e-06,0.9994418332041427
fiqa,BGE-M3,891,7.399211932109893e-06,0.9994492324160749
fiqa,BGE-M3,892,7.361645801412587e-06,0.9994565940618763
fiqa,BGE-M3,893,7.32601017000061e-06,0.9994639200720462
fiqa,BGE-M3,894,7.255602072557934e-06,0.9994711756741188
fiqa,BGE-M3,895,7.1890565996226956e-06,0.9994783647307184
fiqa,BGE-M3,896,7.121476247912034e-06,0.9994854862069663
fiqa,BGE-M3,897,7.059928375059929e-06,0.9994925461353413
fiqa,BGE-M3,898,7.012125839597217e-06,0.999499558261181
fiqa,BGE-M3,899,6.9828499562368396e-06,0.9995065411111372
fiqa,BGE-M3,900,6.921764925800839e-06,0.999513462876063
fiqa,BGE-M3,901,6.871755297333892e-06,0.9995203346313604
fiqa,BGE-M3,902,6.825793170961768e-06,0.9995271604245314
fiqa,BGE-M3,903,6.745602959274195e-06,0.9995339060274907
fiqa,BGE-M3,904,6.669855746575062e-06,0.9995405758832373
fiqa,BGE-M3,905,6.636484164696473e-06,0.999547212367402
fiqa,BGE-M3,906,6.603356631809833e-06,0.9995538157240338
fiqa,BGE-M3,907,6.549178435276632e-06,0.999560364902469
fiqa,BGE-M3,908,6.492438832710775e-06,0.9995668573413017
fiqa,BGE-M3,909,6.446613503754917e-06,0.9995733039548055
fiqa,BGE-M3,910,6.380048660872192e-06,0.9995796840034663
fiqa,BGE-M3,911,6.314943975726297e-06,0.999585998947442
fiqa,BGE-M3,912,6.2403396975874145e-06,0.9995922392871396
fiqa,BGE-M3,913,6.202624562895809e-06,0.9995984419117024
fiqa,BGE-M3,914,6.136120370504488e-06,0.9996045780320729
fiqa,BGE-M3,915,6.0707267365361e-06,0.9996106487588095
fiqa,BGE-M3,916,6.051170473893145e-06,0.9996166999292834
fiqa,BGE-M3,917,6.026121471204603e-06,0.9996227260507545
fiqa,BGE-M3,918,5.985282817769274e-06,0.9996287113335723
fiqa,BGE-M3,919,5.923681319188706e-06,0.9996346350148916
fiqa,BGE-M3,920,5.903974414175123e-06,0.9996405389893057
fiqa,BGE-M3,921,5.745026684070321e-06,0.9996462840159898
fiqa,BGE-M3,922,5.708619584944947e-06,0.9996519926355747
fiqa,BGE-M3,923,5.6427338928524335e-06,0.9996576353694675
fiqa,BGE-M3,924,5.62253588287121e-06,0.9996632579053504
fiqa,BGE-M3,925,5.611803208692483e-06,0.9996688697085591
fiqa,BGE-M3,926,5.569529698192541e-06,0.9996744392382573
fiqa,BGE-M3,927,5.468884945573586e-06,0.9996799081232028
fiqa,BGE-M3,928,5.402748203989745e-06,0.9996853108714069
fiqa,BGE-M3,929,5.3668252945839315e-06,0.9996906776967015
fiqa,BGE-M3,930,5.33475926867072e-06,0.9996960124559702
fiqa,BGE-M3,931,5.276616444046253e-06,0.9997012890724142
fiqa,BGE-M3,932,5.218712138989749e-06,0.9997065077845532
fiqa,BGE-M3,933,5.199120468928595e-06,0.9997117069050221
fiqa,BGE-M3,934,5.1648420096629205e-06,0.9997168717470317
fiqa,BGE-M3,935,5.117731171374883e-06,0.9997219894782031
fiqa,BGE-M3,936,5.059541886066236e-06,0.9997270490200892
fiqa,BGE-M3,937,5.004977908171531e-06,0.9997320539979974
fiqa,BGE-M3,938,4.91821986334159e-06,0.9997369722178607
fiqa,BGE-M3,939,4.862336255125253e-06,0.9997418345541158
fiqa,BGE-M3,940,4.817599853666275e-06,0.9997466521539695
fiqa,BGE-M3,941,4.784510520873944e-06,0.9997514366644904
fiqa,BGE-M3,942,4.74057438749057e-06,0.9997561772388779
fiqa,BGE-M3,943,4.7006975370229415e-06,0.9997608779364149
fiqa,BGE-M3,944,4.635392161803969e-06,0.9997655133285767
fiqa,BGE-M3,945,4.6161317911134825e-06,0.9997701294603678
fiqa,BGE-M3,946,4.5546506555132546e-06,0.9997746841110233
fiqa,BGE-M3,947,4.470706752278727e-06,0.9997791548177756
fiqa,BGE-M3,948,4.421524869258573e-06,0.9997835763426448
fiqa,BGE-M3,949,4.409625359151355e-06,0.999787985968004
fiqa,BGE-M3,950,4.307677944424771e-06,0.9997922936459485
fiqa,BGE-M3,951,4.273235899989249e-06,0.9997965668818485
fiqa,BGE-M3,952,4.242738321451894e-06,0.9998008096201699
fiqa,BGE-M3,953,4.201259315754884e-06,0.9998050108794857
fiqa,BGE-M3,954,4.182461445759488e-06,0.9998091933409314
fiqa,BGE-M3,955,4.1279695525868776e-06,0.9998133213104841
fiqa,BGE-M3,956,4.106146766153657e-06,0.9998174274572502
fiqa,BGE-M3,957,4.0794461390374524e-06,0.9998215069033892
fiqa,BGE-M3,958,4.0315382726164504e-06,0.9998255384416619
fiqa,BGE-M3,959,3.950936917945392e-06,0.9998294893785798
fiqa,BGE-M3,960,3.9295040029778285e-06,0.9998334188825828
fiqa,BGE-M3,961,3.8951283353895345e-06,0.9998373140109182
fiqa,BGE-M3,962,3.862834272619008e-06,0.9998411768451909
fiqa,BGE-M3,963,3.834963365208954e-06,0.9998450118085561
fiqa,BGE-M3,964,3.785061225934234e-06,0.999848796869782
fiqa,BGE-M3,965,3.7252112720895514e-06,0.9998525220810541
fiqa,BGE-M3,966,3.6922512793545555e-06,0.9998562143323335
fiqa,BGE-M3,967,3.674870153753354e-06,0.9998598892024873
fiqa,BGE-M3,968,3.6542961448799456e-06,0.9998635434986322
fiqa,BGE-M3,969,3.601596090267534e-06,0.9998671450947224
fiqa,BGE-M3,970,3.5232931848174207e-06,0.9998706683879073
fiqa,BGE-M3,971,3.4992036809004283e-06,0.9998741675915882
fiqa,BGE-M3,972,3.456914187267821e-06,0.9998776245057754
fiqa,BGE-M3,973,3.418284786888894e-06,0.9998810427905623
fiqa,BGE-M3,974,3.398548387023229e-06,0.9998844413389494
fiqa,BGE-M3,975,3.3313665808013773e-06,0.9998877727055302
fiqa,BGE-M3,976,3.2975150294808047e-06,0.9998910702205597
fiqa,BGE-M3,977,3.2553598045203036e-06,0.9998943255803642
fiqa,BGE-M3,978,3.168873399111229e-06,0.9998974944537633
fiqa,BGE-M3,979,3.1271745922149296e-06,0.9999006216283555
fiqa,BGE-M3,980,3.1222959516890338e-06,0.9999037439243071
fiqa,BGE-M3,981,3.0701864819607626e-06,0.9999068141107891
fiqa,BGE-M3,982,3.024351551692816e-06,0.9999098384623407
fiqa,BGE-M3,983,2.99606485352583e-06,0.9999128345271943
fiqa,BGE-M3,984,2.9770093071516753e-06,0.9999158115365014
fiqa,BGE-M3,985,2.96180563999145e-06,0.9999187733421414
fiqa,BGE-M3,986,2.906632996966738e-06,0.9999216799751384
fiqa,BGE-M3,987,2.8903598766125328e-06,0.999924570335015
fiqa,BGE-M3,988,2.8073350201294416e-06,0.9999273776700351
fiqa,BGE-M3,989,2.7730011373284546e-06,0.9999301506711725
fiqa,BGE-M3,990,2.7548495540922417e-06,0.9999329055207267
fiqa,BGE-M3,991,2.7226881525000235e-06,0.9999356282088792
fiqa,BGE-M3,992,2.686318288011642e-06,0.9999383145271672
fiqa,BGE-M3,993,2.597584080255975e-06,0.9999409121112475
fiqa,BGE-M3,994,2.596219142145823e-06,0.9999435083303896
fiqa,BGE-M3,995,2.5389890622449027e-06,0.9999460473194518
fiqa,BGE-M3,996,2.531954218296538e-06,0.9999485792736701
fiqa,BGE-M3,997,2.465661268414103e-06,0.9999510449349385
fiqa,BGE-M3,998,2.4306369051764624e-06,0.9999534755718437
fiqa,BGE-M3,999,2.4088834411754988e-06,0.9999558844552848
fiqa,BGE-M3,1000,2.3745995654259687e-06,0.9999582590548503
fiqa,BGE-M3,1001,2.3572037210386856e-06,0.9999606162585712
fiqa,BGE-M3,1002,2.2838613976509214e-06,0.9999629001199689
fiqa,BGE-M3,1003,2.270349776389212e-06,0.9999651704697453
fiqa,BGE-M3,1004,2.2269222742109717e-06,0.9999673973920196
fiqa,BGE-M3,1005,2.1626760162618173e-06,0.9999695600680358
fiqa,BGE-M3,1006,2.1063176965185293e-06,0.9999716663857323
fiqa,BGE-M3,1007,2.06686664819236e-06,0.9999737332523805
fiqa,BGE-M3,1008,2.0263682566481647e-06,0.9999757596206371
fiqa,BGE-M3,1009,2.007985345124865e-06,0.9999777676059822
fiqa,BGE-M3,1010,1.9580604185604285e-06,0.9999797256664008
fiqa,BGE-M3,1011,1.918595949713967e-06,0.9999816442623505
fiqa,BGE-M3,1012,1.8519016982938948e-06,0.9999834961640488
fiqa,BGE-M3,1013,1.8192031571007709e-06,0.9999853153672059
fiqa,BGE-M3,1014,1.7715371333193253e-06,0.9999870869043392
fiqa,BGE-M3,1015,1.741814750557023e-06,0.9999888287190898
fiqa,BGE-M3,1016,1.6715305455319568e-06,0.9999905002496353
fiqa,BGE-M3,1017,1.6115038239203518e-06,0.9999921117534593
fiqa,BGE-M3,1018,1.5391266035416673e-06,0.9999936508800628
fiqa,BGE-M3,1019,1.4933235959531629e-06,0.9999951442036588
fiqa,BGE-M3,1020,1.3664487591235623e-06,0.9999965106524179
fiqa,BGE-M3,1021,1.3163219128066175e-06,0.9999978269743307
fiqa,BGE-M3,1022,1.1257806167090929e-06,0.9999989527549474
fiqa,BGE-M3,1023,1.0435847144151506e-06,0.9999999963396619
fiqa,BGE-M3,1024,3.6603391520323223e-09,1.000000000000001
fiqa,E5,1,0.02400457546213,0.02400457546213
fiqa,E5,2,0.020601366509026855,0.04460594197115686
fiqa,E5,3,0.017516375324835638,0.0621223172959925
fiqa,E5,4,0.015529278145794356,0.07765159544178685
fiqa,E5,5,0.014120231508741534,0.09177182695052838
fiqa,E5,6,0.013437572140948742,0.10520939909147713
fiqa,E5,7,0.012666568229004957,0.11787596732048208
fiqa,E5,8,0.012209102048534353,0.13008506936901643
fiqa,E5,9,0.01164681038348751,0.14173187975250393
fiqa,E5,10,0.011286924007040159,0.15301880375954408
fiqa,E5,11,0.010648922382200861,0.16366772614174493
fiqa,E5,12,0.010490540824212092,0.17415826696595701
fiqa,E5,13,0.010043808582390405,0.18420207554834742
fiqa,E5,14,0.009674336537112986,0.19387641208546041
fiqa,E5,15,0.009327713200546728,0.20320412528600715
fiqa,E5,16,0.009052234544723717,0.21225635983073088
fiqa,E5,17,0.00891534339464984,0.2211717032253807
fiqa,E5,18,0.008483232956546684,0.2296549361819274
fiqa,E5,19,0.008339520533169234,0.23799445671509661
fiqa,E5,20,0.00830116149561305,0.24629561821070967
fiqa,E5,21,0.008231907747824079,0.25452752595853373
fiqa,E5,22,0.00801123788279254,0.2625387638413263
fiqa,E5,23,0.007705356904664122,0.2702441207459904
fiqa,E5,24,0.007567321904718409,0.27781144265070884
fiqa,E5,25,0.007361818714441411,0.28517326136515025
fiqa,E5,26,0.007226331535787188,0.2923995929009374
fiqa,E5,27,0.007042999289393761,0.2994425921903312
fiqa,E5,28,0.006904066287735495,0.3063466584780667
fiqa,E5,29,0.006864623489275043,0.3132112819673417
fiqa,E5,30,0.00666701002127551,0.3198782919886172
fiqa,E5,31,0.006423686142123224,0.32630197813074047
fiqa,E5,32,0.006326883249717743,0.3326288613804582
fiqa,E5,33,0.00622443474860547,0.3388532961290637
fiqa,E5,34,0.006083282513456968,0.34493657864252064
fiqa,E5,35,0.005917898202141975,0.35085447684466264
fiqa,E5,36,0.005837033720215519,0.3566915105648782
fiqa,E5,37,0.005770904206014616,0.3624624147708928
fiqa,E5,38,0.005726613701083716,0.36818902847197654
fiqa,E5,39,0.005643110311294272,0.3738321387832708
fiqa,E5,40,0.00546889046221277,0.3793010292454836
fiqa,E5,41,0.005437272273096001,0.3847383015185796
fiqa,E5,42,0.0053721936210087435,0.39011049513958834
fiqa,E5,43,0.005302154853267816,0.39541264999285614
fiqa,E5,44,0.005173043723328266,0.4005856937161844
fiqa,E5,45,0.00513213137477376,0.40571782509095816
fiqa,E5,46,0.005030715810627473,0.41074854090158563
fiqa,E5,47,0.004995442471484262,0.4157439833730699
fiqa,E5,48,0.004878681324835424,0.4206226646979053
fiqa,E5,49,0.004833355057728055,0.42545601975563335
fiqa,E5,50,0.004821628972439268,0.4302776487280726
fiqa,E5,51,0.004683094029869864,0.4349607427579425
fiqa,E5,52,0.004650777253337359,0.43961152001127984
fiqa,E5,53,0.004564098286490504,0.44417561829777036
fiqa,E5,54,0.00453147099741004,0.4487070892951804
fiqa,E5,55,0.004469742983543296,0.4531768322787237
fiqa,E5,56,0.004433153445653986,0.45760998572437767
fiqa,E5,57,0.004362489115316806,0.46197247483969445
fiqa,E5,58,0.0042749909090057815,0.46624746574870024
fiqa,E5,59,0.004233739789949096,0.47048120553864936
fiqa,E5,60,0.004216868649986627,0.47469807418863597
fiqa,E5,61,0.00409764013468654,0.4787957143233225
fiqa,E5,62,0.004076549238074962,0.4828722635613975
fiqa,E5,63,0.004039706094273546,0.4869119696556711
fiqa,E5,64,0.004011617103711651,0.49092358675938275
fiqa,E5,65,0.003955392541519396,0.49487897930090213
fiqa,E5,66,0.0039055300668999365,0.49878450936780205
fiqa,E5,67,0.003883758162562466,0.5026682675303645
fiqa,E5,68,0.0038286815665876804,0.5064969490969522
fiqa,E5,69,0.0037881355016265755,0.5102850845985788
fiqa,E5,70,0.003767808198098154,0.514052892796677
fiqa,E5,71,0.0036884975930005994,0.5177413903896776
fiqa,E5,72,0.003629889881599325,0.5213712802712769
fiqa,E5,73,0.0036068761016347936,0.5249781563729117
fiqa,E5,74,0.0035366799549614108,0.5285148363278731
fiqa,E5,75,0.003521050144610981,0.5320358864724841
fiqa,E5,76,0.0034908600035833547,0.5355267464760675
fiqa,E5,77,0.0034670558124099667,0.5389938022884774
fiqa,E5,78,0.0034045218902862915,0.5423983241787637
fiqa,E5,79,0.003389662879947677,0.5457879870587113
fiqa,E5,80,0.0033449393728324007,0.5491329264315438
fiqa,E5,81,0.003274345612762833,0.5524072720443066
fiqa,E5,82,0.003257276360771941,0.5556645484050785
fiqa,E5,83,0.0032283442192385394,0.5588928926243171
fiqa,E5,84,0.0032118499158161327,0.5621047425401332
fiqa,E5,85,0.0031708592985473997,0.5652756018386806
fiqa,E5,86,0.0031541907113379337,0.5684297925500186
fiqa,E5,87,0.0031356418530461795,0.5715654344030647
fiqa,E5,88,0.0031161419347984992,0.5746815763378632
fiqa,E5,89,0.0030912856181474196,0.5777728619560106
fiqa,E5,90,0.0030489200568901403,0.5808217820129008
fiqa,E5,91,0.003005567514843979,0.5838273495277447
fiqa,E5,92,0.0029850137912615397,0.5868123633190063
fiqa,E5,93,0.0029743020281104314,0.5897866653471168
fiqa,E5,94,0.0029536041496417732,0.5927402694967585
fiqa,E5,95,0.0029333191539130886,0.5956735886506715
fiqa,E5,96,0.002914985766770967,0.5985885744174425
fiqa,E5,97,0.0028604700785334453,0.6014490444959759
fiqa,E5,98,0.0028483964107418,0.6042974409067177
fiqa,E5,99,0.0028105867963447158,0.6071080277030624
fiqa,E5,100,0.0027817175866719874,0.6098897452897344
fiqa,E5,101,0.0027765886814021543,0.6126663339711366
fiqa,E5,102,0.0027502811372333196,0.6154166151083699
fiqa,E5,103,0.0027314620237720248,0.6181480771321419
fiqa,E5,104,0.0027203142502068784,0.6208683913823488
fiqa,E5,105,0.00267604273739546,0.6235444341197443
fiqa,E5,106,0.0026363438181292525,0.6261807779378735
fiqa,E5,107,0.002635080457051112,0.6288158583949246
fiqa,E5,108,0.0026074125220528614,0.6314232709169775
fiqa,E5,109,0.002592867782643758,0.6340161386996213
fiqa,E5,110,0.002558886437870728,0.636575025137492
fiqa,E5,111,0.0025532162331408097,0.6391282413706328
fiqa,E5,112,0.0025221031499037274,0.6416503445205366
fiqa,E5,113,0.002503126134477336,0.6441534706550139
fiqa,E5,114,0.002492965170721197,0.6466464358257351
fiqa,E5,115,0.0024829821079042965,0.6491294179336394
fiqa,E5,116,0.0024516396279064194,0.6515810575615458
fiqa,E5,117,0.0024394650917645084,0.6540205226533103
fiqa,E5,118,0.0024346818049276035,0.6564552044582379
fiqa,E5,119,0.00240722998921426,0.6588624344474522
fiqa,E5,120,0.002378135907591892,0.661240570355044
fiqa,E5,121,0.0023527865065891807,0.6635933568616332
fiqa,E5,122,0.002321371879982343,0.6659147287416156
fiqa,E5,123,0.002303367057684235,0.6682180957992998
fiqa,E5,124,0.0022918633185133445,0.6705099591178132
fiqa,E5,125,0.0022894557643013975,0.6727994148821146
fiqa,E5,126,0.002264041582236928,0.6750634564643515
fiqa,E5,127,0.0022426922177174427,0.677306148682069
fiqa,E5,128,0.002208743708613423,0.6795148923906824
fiqa,E5,129,0.0021904633897618948,0.6817053557804443
fiqa,E5,130,0.002179505324294079,0.6838848611047385
fiqa,E5,131,0.0021701376115602355,0.6860549987162987
fiqa,E5,132,0.002153792160629587,0.6882087908769283
fiqa,E5,133,0.0021447819301535606,0.6903535728070819
fiqa,E5,134,0.0021129673960966267,0.6924665402031785
fiqa,E5,135,0.0021080656152564765,0.694574605818435
fiqa,E5,136,0.002092364191109789,0.6966669700095448
fiqa,E5,137,0.0020626612187348878,0.6987296312282797
fiqa,E5,138,0.0020450309879558692,0.7007746622162355
fiqa,E5,139,0.002028157180313116,0.7028028193965487
fiqa,E5,140,0.002017717046219299,0.704820536442768
fiqa,E5,141,0.0020084373448922264,0.7068289737876602
fiqa,E5,142,0.001992545871350671,0.7088215196590109
fiqa,E5,143,0.001988250358466718,0.7108097700174776
fiqa,E5,144,0.0019716026922405195,0.7127813727097181
fiqa,E5,145,0.0019613573487477624,0.7147427300584659
fiqa,E5,146,0.0019371393024123372,0.7166798693608782
fiqa,E5,147,0.0019313021389237362,0.718611171499802
fiqa,E5,148,0.0019226160872632683,0.7205337875870653
fiqa,E5,149,0.001907324048485391,0.7224411116355507
fiqa,E5,150,0.0019035371497707002,0.7243446487853213
fiqa,E5,151,0.0018815893449648368,0.7262262381302862
fiqa,E5,152,0.001863934309256127,0.7280901724395423
fiqa,E5,153,0.0018537177571809394,0.7299438901967232
fiqa,E5,154,0.001831344238539158,0.7317752344352624
fiqa,E5,155,0.0018249916257647681,0.7336002260610271
fiqa,E5,156,0.0018139206255969862,0.7354141466866241
fiqa,E5,157,0.001796826052700904,0.737210972739325
fiqa,E5,158,0.0017814373287881628,0.7389924100681132
fiqa,E5,159,0.0017639548550629903,0.7407563649231762
fiqa,E5,160,0.0017457626279332122,0.7425021275511094
fiqa,E5,161,0.0017398372497418122,0.7442419648008513
fiqa,E5,162,0.0017323356565365146,0.7459743004573878
fiqa,E5,163,0.0017182740633128833,0.7476925745207007
fiqa,E5,164,0.0017009718394503173,0.749393546360151
fiqa,E5,165,0.0016848134257288923,0.7510783597858799
fiqa,E5,166,0.0016721454760125992,0.7527505052618925
fiqa,E5,167,0.001660151142962265,0.7544106564048547
fiqa,E5,168,0.0016494147780606403,0.7560600711829154
fiqa,E5,169,0.0016309480083522888,0.7576910191912677
fiqa,E5,170,0.001629959550189958,0.7593209787414577
fiqa,E5,171,0.0016211586478586425,0.7609421373893163
fiqa,E5,172,0.001615611008351876,0.7625577483976681
fiqa,E5,173,0.0016013520749095346,0.7641591004725776
fiqa,E5,174,0.0015949545187905856,0.7657540549913682
fiqa,E5,175,0.0015794387235180266,0.7673334937148862
fiqa,E5,176,0.0015734184497258232,0.768906912164612
fiqa,E5,177,0.0015613554490217345,0.7704682676136337
fiqa,E5,178,0.0015507683329512064,0.7720190359465849
fiqa,E5,179,0.001544326591995067,0.77356336253858
fiqa,E5,180,0.0015396841658827849,0.7751030467044628
fiqa,E5,181,0.0015213491138136085,0.7766243958182765
fiqa,E5,182,0.0015079889303474072,0.7781323847486239
fiqa,E5,183,0.001500793581238883,0.7796331783298628
fiqa,E5,184,0.0014888700548257104,0.7811220483846885
fiqa,E5,185,0.0014788139793309237,0.7826008623640194
fiqa,E5,186,0.0014748297315391855,0.7840756920955586
fiqa,E5,187,0.0014631009147543347,0.7855387930103129
fiqa,E5,188,0.0014519888814688196,0.7869907818917817
fiqa,E5,189,0.00144191224169478,0.7884326941334765
fiqa,E5,190,0.001425289005530263,0.7898579831390068
fiqa,E5,191,0.0014172654330294459,0.7912752485720362
fiqa,E5,192,0.0014103157930871076,0.7926855643651234
fiqa,E5,193,0.0013988407001950809,0.7940844050653184
fiqa,E5,194,0.001383556509323626,0.7954679615746421
fiqa,E5,195,0.0013728165184640076,0.796840778093106
fiqa,E5,196,0.0013699139450289845,0.798210692038135
fiqa,E5,197,0.0013662248281833649,0.7995769168663184
fiqa,E5,198,0.0013555623632720093,0.8009324792295904
fiqa,E5,199,0.0013441528637258124,0.8022766320933162
fiqa,E5,200,0.0013374753036456276,0.8036141073969618
fiqa,E5,201,0.0013358643059524933,0.8049499717029143
fiqa,E5,202,0.0013188282326569694,0.8062687999355712
fiqa,E5,203,0.0013127384913557633,0.8075815384269269
fiqa,E5,204,0.0013046575441009371,0.8088861959710278
fiqa,E5,205,0.0012992403183077722,0.8101854362893356
fiqa,E5,206,0.0012876518620719864,0.8114730881514076
fiqa,E5,207,0.0012824124904177378,0.8127555006418253
fiqa,E5,208,0.0012729266173839584,0.8140284272592093
fiqa,E5,209,0.0012614775407418883,0.8152899047999512
fiqa,E5,210,0.001256002312916295,0.8165459071128676
fiqa,E5,211,0.001245077190648412,0.8177909843035159
fiqa,E5,212,0.001239994024323093,0.819030978327839
fiqa,E5,213,0.0012254852123114112,0.8202564635401504
fiqa,E5,214,0.0012207344146280088,0.8214771979547784
fiqa,E5,215,0.001210153858645545,0.8226873518134239
fiqa,E5,216,0.0012007574489400884,0.823888109262364
fiqa,E5,217,0.0011944348003524378,0.8250825440627164
fiqa,E5,218,0.0011874164091502032,0.8262699604718666
fiqa,E5,219,0.0011823839335289553,0.8274523444053956
fiqa,E5,220,0.001171357071778551,0.8286237014771741
fiqa,E5,221,0.0011647160511987953,0.829788417528373
fiqa,E5,222,0.0011516751954237672,0.8309400927237968
fiqa,E5,223,0.001142881043247088,0.8320829737670439
fiqa,E5,224,0.00113856090973502,0.8332215346767788
fiqa,E5,225,0.0011279357006610054,0.8343494703774399
fiqa,E5,226,0.0011236956324655863,0.8354731660099055
fiqa,E5,227,0.001118313288383403,0.8365914792982889
fiqa,E5,228,0.0011165269106290093,0.8377080062089179
fiqa,E5,229,0.0011087762242473122,0.8388167824331653
fiqa,E5,230,0.0010976065998817691,0.839914389033047
fiqa,E5,231,0.0010903189309221962,0.8410047079639692
fiqa,E5,232,0.0010879562656578696,0.842092664229627
fiqa,E5,233,0.0010819315823286774,0.8431745958119558
fiqa,E5,234,0.0010747857928565376,0.8442493816048123
fiqa,E5,235,0.001071713764728503,0.8453210953695408
fiqa,E5,236,0.0010629479877582082,0.846384043357299
fiqa,E5,237,0.0010571283971777818,0.8474411717544768
fiqa,E5,238,0.001048300735807484,0.8484894724902843
fiqa,E5,239,0.0010425805207307166,0.849532053011015
fiqa,E5,240,0.0010354021333168902,0.8505674551443319
fiqa,E5,241,0.0010274253111204241,0.8515948804554523
fiqa,E5,242,0.0010242374067211853,0.8526191178621735
fiqa,E5,243,0.0010161049248272526,0.8536352227870008
fiqa,E5,244,0.0010122370781954,0.8546474598651962
fiqa,E5,245,0.0010052098900891243,0.8556526697552853
fiqa,E5,246,0.0010022715781694514,0.8566549413334548
fiqa,E5,247,0.0009996686453660093,0.8576546099788208
fiqa,E5,248,0.000994104644141054,0.8586487146229619
fiqa,E5,249,0.0009822104679087064,0.8596309250908706
fiqa,E5,250,0.0009817151240949893,0.8606126402149655
fiqa,E5,251,0.0009795132471118748,0.8615921534620774
fiqa,E5,252,0.0009650511196251601,0.8625572045817026
fiqa,E5,253,0.0009587506021164827,0.8635159551838191
fiqa,E5,254,0.0009574321518182364,0.8644733873356373
fiqa,E5,255,0.0009516596349288785,0.8654250469705661
fiqa,E5,256,0.0009391219774008636,0.866364168947967
fiqa,E5,257,0.0009350219547802119,0.8672991909027472
fiqa,E5,258,0.0009266374519036427,0.8682258283546509
fiqa,E5,259,0.0009253752719290073,0.8691512036265799
fiqa,E5,260,0.0009219176165317838,0.8700731212431118
fiqa,E5,261,0.0009167445306762174,0.870989865773788
fiqa,E5,262,0.0009126524439841738,0.8719025182177722
fiqa,E5,263,0.0009090989940824554,0.8728116172118546
fiqa,E5,264,0.0009021720667512786,0.8737137892786059
fiqa,E5,265,0.0008957652392966803,0.8746095545179026
fiqa,E5,266,0.0008830012957249362,0.8754925558136275
fiqa,E5,267,0.0008787371744570373,0.8763712929880846
fiqa,E5,268,0.0008771455197899937,0.8772484385078746
fiqa,E5,269,0.0008692164365756921,0.8781176549444503
fiqa,E5,270,0.0008662859543733181,0.8789839408988236
fiqa,E5,271,0.0008634473374170104,0.8798473882362406
fiqa,E5,272,0.000857008735669978,0.8807043969719106
fiqa,E5,273,0.0008536582242181922,0.8815580551961288
fiqa,E5,274,0.0008504079779452022,0.8824084631740741
fiqa,E5,275,0.0008429326829933711,0.8832513958570675
fiqa,E5,276,0.0008355876328225337,0.88408698348989
fiqa,E5,277,0.0008292049107754184,0.8849161884006654
fiqa,E5,278,0.0008253325524019933,0.8857415209530675
fiqa,E5,279,0.0008232497057566679,0.8865647706588241
fiqa,E5,280,0.0008173662947228304,0.887382136953547
fiqa,E5,281,0.0008114480809098115,0.8881935850344568
fiqa,E5,282,0.0008007064796264345,0.8889942915140833
fiqa,E5,283,0.0007950094008994198,0.8897893009149827
fiqa,E5,284,0.0007932025380913918,0.890582503453074
fiqa,E5,285,0.0007862914689732853,0.8913687949220472
fiqa,E5,286,0.0007818731156554155,0.8921506680377026
fiqa,E5,287,0.0007795441711771244,0.8929302122088797
fiqa,E5,288,0.0007715468214302561,0.8937017590303099
fiqa,E5,289,0.000765073709390257,0.8944668327397002
fiqa,E5,290,0.0007620201618154038,0.8952288529015155
fiqa,E5,291,0.0007563425307945717,0.8959851954323101
fiqa,E5,292,0.0007528363862963685,0.8967380318186066
fiqa,E5,293,0.0007455519423245574,0.8974835837609311
fiqa,E5,294,0.0007411263366024585,0.8982247100975336
fiqa,E5,295,0.0007403908767449124,0.8989651009742785
fiqa,E5,296,0.00073570266207871,0.8997008036363572
fiqa,E5,297,0.0007306912838847941,0.900431494920242
fiqa,E5,298,0.0007260690016292514,0.9011575639218713
fiqa,E5,299,0.0007239586659756904,0.901881522587847
fiqa,E5,300,0.0007206357969308515,0.9026021583847779
fiqa,E5,301,0.0007139615592145866,0.9033161199439924
fiqa,E5,302,0.000708696755267678,0.90402481669926
fiqa,E5,303,0.000703627493249601,0.9047284441925096
fiqa,E5,304,0.0007010777405357136,0.9054295219330454
fiqa,E5,305,0.0006946314244331476,0.9061241533574785
fiqa,E5,306,0.0006913507347684997,0.906815504092247
fiqa,E5,307,0.0006856514567442644,0.9075011555489912
fiqa,E5,308,0.0006811724985832687,0.9081823280475745
fiqa,E5,309,0.0006757958012237822,0.9088581238487983
fiqa,E5,310,0.0006701901421350016,0.9095283139909333
fiqa,E5,311,0.0006665932595654228,0.9101949072504987
fiqa,E5,312,0.0006631663812947593,0.9108580736317934
fiqa,E5,313,0.0006589629208906466,0.911517036552684
fiqa,E5,314,0.0006536796945249299,0.9121707162472089
fiqa,E5,315,0.0006502553015515878,0.9128209715487605
fiqa,E5,316,0.0006453126679959875,0.9134662842167565
fiqa,E5,317,0.0006425559710542873,0.9141088401878108
fiqa,E5,318,0.0006391830704136199,0.9147480232582245
fiqa,E5,319,0.0006345602937584091,0.9153825835519829
fiqa,E5,320,0.0006310191589376597,0.9160136027109206
fiqa,E5,321,0.0006260477567393578,0.9166396504676599
fiqa,E5,322,0.0006223105711953913,0.9172619610388554
fiqa,E5,323,0.000618570099871208,0.9178805311387266
fiqa,E5,324,0.0006165753319045368,0.9184971064706311
fiqa,E5,325,0.0006109894835313872,0.9191080959541624
fiqa,E5,326,0.0006104976918356195,0.9197185936459981
fiqa,E5,327,0.0006067971138662266,0.9203253907598643
fiqa,E5,328,0.0006023074785321534,0.9209276982383965
fiqa,E5,329,0.0005966102294064309,0.9215243084678029
fiqa,E5,330,0.0005924019348457404,0.9221167104026486
fiqa,E5,331,0.0005904156653993515,0.922707126068048
fiqa,E5,332,0.0005879028921591904,0.9232950289602071
fiqa,E5,333,0.0005853865792420753,0.9238804155394492
fiqa,E5,334,0.0005792918075124215,0.9244597073469616
fiqa,E5,335,0.0005748650601874234,0.925034572407149
fiqa,E5,336,0.0005742102750921984,0.9256087826822412
fiqa,E5,337,0.0005703595216563158,0.9261791422038975
fiqa,E5,338,0.0005664952584960452,0.9267456374623936
fiqa,E5,339,0.0005654286244001583,0.9273110660867937
fiqa,E5,340,0.000558826492358443,0.9278698925791521
fiqa,E5,341,0.0005561787119510938,0.9284260712911032
fiqa,E5,342,0.0005552386602283206,0.9289813099513315
fiqa,E5,343,0.0005530058735147531,0.9295343158248462
fiqa,E5,344,0.0005523770341517969,0.930086692858998
fiqa,E5,345,0.0005486900350543237,0.9306353828940523
fiqa,E5,346,0.0005407857390658414,0.9311761686331181
fiqa,E5,347,0.0005394015585862971,0.9317155701917045
fiqa,E5,348,0.000536862221505168,0.9322524324132097
fiqa,E5,349,0.0005318010034311331,0.9327842334166407
fiqa,E5,350,0.0005268419547329671,0.9333110753713737
fiqa,E5,351,0.0005243821729184149,0.9338354575442921
fiqa,E5,352,0.000523469749854106,0.9343589272941462
fiqa,E5,353,0.0005200423978492789,0.9348789696919955
fiqa,E5,354,0.0005163773468825898,0.9353953470388781
fiqa,E5,355,0.0005139498268179449,0.935909296865696
fiqa,E5,356,0.0005087135175575733,0.9364180103832536
fiqa,E5,357,0.000507358004053736,0.9369253683873073
fiqa,E5,358,0.0005032196303136649,0.937428588017621
fiqa,E5,359,0.000501594554966823,0.9379301825725878
fiqa,E5,360,0.0004989515849485469,0.9384291341575363
fiqa,E5,361,0.000497577052642949,0.9389267112101792
fiqa,E5,362,0.0004874481804030343,0.9394141593905823
fiqa,E5,363,0.00048712705891867887,0.9399012864495009
fiqa,E5,364,0.0004849506461865309,0.9403862370956874
fiqa,E5,365,0.0004843624335409814,0.9408705995292284
fiqa,E5,366,0.0004777299438987332,0.9413483294731271
fiqa,E5,367,0.0004759141402975259,0.9418242436134246
fiqa,E5,368,0.00047132684983370546,0.9422955704632584
fiqa,E5,369,0.00046953855823905343,0.9427651090214975
fiqa,E5,370,0.00046750006643173157,0.9432326090879292
fiqa,E5,371,0.00046562622187730897,0.9436982353098065
fiqa,E5,372,0.0004622128838826517,0.9441604481936892
fiqa,E5,373,0.00045607241481485404,0.944616520608504
fiqa,E5,374,0.0004544155369183795,0.9450709361454224
fiqa,E5,375,0.0004508574096622026,0.9455217935550846
fiqa,E5,376,0.0004492048238787535,0.9459709983789634
fiqa,E5,377,0.00044710335773264723,0.946418101736696
fiqa,E5,378,0.00044458730142162326,0.9468626890381177
fiqa,E5,379,0.00044164954996919243,0.9473043385880868
fiqa,E5,380,0.00043926135004611507,0.947743599938133
fiqa,E5,381,0.0004353923335358292,0.9481789922716688
fiqa,E5,382,0.0004320828174661605,0.948611075089135
fiqa,E5,383,0.0004310091204717643,0.9490420842096068
fiqa,E5,384,0.00042587537418332027,0.9494679595837902
fiqa,E5,385,0.0004234183430995891,0.9498913779268897
fiqa,E5,386,0.00042126488586077734,0.9503126428127505
fiqa,E5,387,0.00041956482295242684,0.950732207635703
fiqa,E5,388,0.0004177177838106161,0.9511499254195136
fiqa,E5,389,0.00041684099140655345,0.9515667664109202
fiqa,E5,390,0.00041414189358105635,0.9519809083045012
fiqa,E5,391,0.000412658979472238,0.9523935672839735
fiqa,E5,392,0.0004064171884255855,0.9527999844723991
fiqa,E5,393,0.0004050459009522564,0.9532050303733514
fiqa,E5,394,0.0004007313683667443,0.9536057617417181
fiqa,E5,395,0.0003979333687478104,0.9540036951104659
fiqa,E5,396,0.0003967316267986144,0.9544004267372646
fiqa,E5,397,0.00039356751933518526,0.9547939942565997
fiqa,E5,398,0.00039062295506769363,0.9551846172116674
fiqa,E5,399,0.0003884385125061866,0.9555730557241735
fiqa,E5,400,0.00038647324801304237,0.9559595289721865
fiqa,E5,401,0.0003858840772062655,0.9563454130493928
fiqa,E5,402,0.00038184003358716516,0.95672725308298
fiqa,E5,403,0.00037633547289692604,0.957103588555877
fiqa,E5,404,0.0003737750043494747,0.9574773635602264
fiqa,E5,405,0.0003700369666064983,0.9578474005268329
fiqa,E5,406,0.00036805921622049903,0.9582154597430534
fiqa,E5,407,0.0003660769754294208,0.9585815367184829
fiqa,E5,408,0.00036550644958449526,0.9589470431680673
fiqa,E5,409,0.0003634792569229078,0.9593105224249903
fiqa,E5,410,0.00036216827239255757,0.9596726906973828
fiqa,E5,411,0.0003581237691343172,0.9600308144665172
fiqa,E5,412,0.0003571246972601111,0.9603879391637773
fiqa,E5,413,0.00035591796762539564,0.9607438571314026
fiqa,E5,414,0.0003524160539944568,0.9610962731853971
fiqa,E5,415,0.00035036378358456737,0.9614466369689817
fiqa,E5,416,0.0003465177239457835,0.9617931546929275
fiqa,E5,417,0.000343955325077193,0.9621371100180046
fiqa,E5,418,0.0003412188097012746,0.9624783288277059
fiqa,E5,419,0.0003372165380833011,0.9628155453657892
fiqa,E5,420,0.0003364800014072067,0.9631520253671964
fiqa,E5,421,0.00033499609823392794,0.9634870214654303
fiqa,E5,422,0.00033224947330791034,0.9638192709387382
fiqa,E5,423,0.00032933593771119395,0.9641486068764494
fiqa,E5,424,0.000328123185882756,0.9644767300623321
fiqa,E5,425,0.0003255219166606161,0.9648022519789927
fiqa,E5,426,0.00032339476318693256,0.9651256467421796
fiqa,E5,427,0.0003226082069537711,0.9654482549491333
fiqa,E5,428,0.00032153638663066534,0.965769791335764
fiqa,E5,429,0.0003194231973751075,0.9660892145331391
fiqa,E5,430,0.0003178412330997198,0.9664070557662389
fiqa,E5,431,0.0003146886139831746,0.9667217443802221
fiqa,E5,432,0.0003133580445580872,0.9670351024247802
fiqa,E5,433,0.00030923944521450486,0.9673443418699947
fiqa,E5,434,0.00030704792176626603,0.967651389791761
fiqa,E5,435,0.0003052704918282638,0.9679566602835893
fiqa,E5,436,0.00030285378097161475,0.9682595140645609
fiqa,E5,437,0.0003005954698504332,0.9685601095344113
fiqa,E5,438,0.00029903090012695267,0.9688591404345382
fiqa,E5,439,0.00029677282883873283,0.969155913263377
fiqa,E5,440,0.0002948665501138818,0.9694507798134909
fiqa,E5,441,0.00029270748286347524,0.9697434872963544
fiqa,E5,442,0.00029048347621632073,0.9700339707725707
fiqa,E5,443,0.0002887920113812806,0.970322762783952
fiqa,E5,444,0.00028704703281215606,0.9706098098167641
fiqa,E5,445,0.0002859772281105007,0.9708957870448747
fiqa,E5,446,0.0002832690640594716,0.9711790561089342
fiqa,E5,447,0.0002807720317207096,0.9714598281406549
fiqa,E5,448,0.0002785725528007026,0.9717384006934556
fiqa,E5,449,0.00027719929366364847,0.9720155999871193
fiqa,E5,450,0.00027663324067212625,0.9722922332277915
fiqa,E5,451,0.0002735896802584216,0.9725658229080498
fiqa,E5,452,0.0002714962326366637,0.9728373191406865
fiqa,E5,453,0.0002693769353615681,0.973106696076048
fiqa,E5,454,0.00026712895370993,0.973373825029758
fiqa,E5,455,0.00026584777751506236,0.973639672807273
fiqa,E5,456,0.00026447828229484154,0.9739041510895678
fiqa,E5,457,0.0002625323056829337,0.9741666833952508
fiqa,E5,458,0.00025871777716837213,0.9744254011724192
fiqa,E5,459,0.00025700650047269535,0.9746824076728918
fiqa,E5,460,0.0002558046025718489,0.9749382122754636
fiqa,E5,461,0.00025514204490685897,0.9751933543203705
fiqa,E5,462,0.00025281405210282875,0.9754461683724733
fiqa,E5,463,0.0002503720789948383,0.9756965404514681
fiqa,E5,464,0.00024878694676704646,0.9759453273982351
fiqa,E5,465,0.00024790702829112846,0.9761932344265263
fiqa,E5,466,0.0002450953061374052,0.9764383297326636
fiqa,E5,467,0.00024240789493217138,0.9766807376275958
fiqa,E5,468,0.0002399942803124179,0.9769207319079082
fiqa,E5,469,0.00023770384686477944,0.977158435754773
fiqa,E5,470,0.0002365946253178003,0.9773950303800908
fiqa,E5,471,0.00023585615259194627,0.9776308865326827
fiqa,E5,472,0.00023481035373190906,0.9778656968864147
fiqa,E5,473,0.00023231130985173543,0.9780980081962664
fiqa,E5,474,0.00022990918144313857,0.9783279173777095
fiqa,E5,475,0.00022904080162440145,0.978556958179334
fiqa,E5,476,0.00022596275098016994,0.9787829209303142
fiqa,E5,477,0.00022486404030991003,0.979007784970624
fiqa,E5,478,0.00022385721936448095,0.9792316421899885
fiqa,E5,479,0.00022127233249020145,0.9794529145224787
fiqa,E5,480,0.0002201635350410519,0.9796730780575198
fiqa,E5,481,0.0002190296281382768,0.979892107685658
fiqa,E5,482,0.0002169715575134188,0.9801090792431715
fiqa,E5,483,0.00021613250048577973,0.9803252117436573
fiqa,E5,484,0.00021284837985773792,0.980538060123515
fiqa,E5,485,0.0002121227043865521,0.9807501828279015
fiqa,E5,486,0.00021108419680041174,0.9809612670247019
fiqa,E5,487,0.00020767350786963436,0.9811689405325715
fiqa,E5,488,0.00020729431773075028,0.9813762348503022
fiqa,E5,489,0.00020560437795937557,0.9815818392282616
fiqa,E5,490,0.00020467579303087903,0.9817865150212924
fiqa,E5,491,0.00020288872556562565,0.9819894037468581
fiqa,E5,492,0.0002010387111669642,0.982190442458025
fiqa,E5,493,0.00019892744390284385,0.9823893699019278
fiqa,E5,494,0.00019634224634718637,0.9825857121482751
fiqa,E5,495,0.0001959075365392228,0.9827816196848143
fiqa,E5,496,0.00019288725678143174,0.9829745069415957
fiqa,E5,497,0.00019184936258763644,0.9831663563041834
fiqa,E5,498,0.00018911320864906675,0.9833554695128325
fiqa,E5,499,0.00018780565004636714,0.9835432751628789
fiqa,E5,500,0.00018529827564158416,0.9837285734385205
fiqa,E5,501,0.0001845776718206307,0.9839131511103412
fiqa,E5,502,0.00018310298262541665,0.9840962540929666
fiqa,E5,503,0.00018173746158823962,0.9842779915545549
fiqa,E5,504,0.00018105040419930273,0.9844590419587542
fiqa,E5,505,0.00017771524579774002,0.984636757204552
fiqa,E5,506,0.00017675196649788653,0.9848135091710499
fiqa,E5,507,0.000176725175144933,0.9849902343461948
fiqa,E5,508,0.00017422710784403182,0.9851644614540388
fiqa,E5,509,0.00017172899379997055,0.9853361904478388
fiqa,E5,510,0.00017045428971533948,0.9855066447375541
fiqa,E5,511,0.00016989252129930702,0.9856765372588534
fiqa,E5,512,0.00016766849287781215,0.9858442057517313
fiqa,E5,513,0.0001660023805343571,0.9860102081322656
fiqa,E5,514,0.0001635954969212024,0.9861738036291868
fiqa,E5,515,0.0001624843564889598,0.9863362879856757
fiqa,E5,516,0.0001619317073007018,0.9864982196929765
fiqa,E5,517,0.00016104213423747315,0.986659261827214
fiqa,E5,518,0.00015963329689732113,0.9868188951241113
fiqa,E5,519,0.00015546378628262348,0.9869743589103939
fiqa,E5,520,0.0001552112154424249,0.9871295701258362
fiqa,E5,521,0.0001547783362297475,0.987284348462066
fiqa,E5,522,0.00015287853041206156,0.987437226992478
fiqa,E5,523,0.00015161625620983897,0.9875888432486879
fiqa,E5,524,0.00015014459005856001,0.9877389878387465
fiqa,E5,525,0.00014932058816104362,0.9878883084269076
fiqa,E5,526,0.0001471524016958771,0.9880354608286034
fiqa,E5,527,0.00014651869829087933,0.9881819795268942
fiqa,E5,528,0.00014487375083569985,0.98832685327773
fiqa,E5,529,0.0001434560617156893,0.9884703093394457
fiqa,E5,530,0.00014251044673692397,0.9886128197861827
fiqa,E5,531,0.00014058471670923162,0.9887534045028918
fiqa,E5,532,0.00013886935655622017,0.9888922738594481
fiqa,E5,533,0.00013823993721325906,0.9890305137966614
fiqa,E5,534,0.00013630369571638237,0.9891668174923778
fiqa,E5,535,0.00013600463832764888,0.9893028221307054
fiqa,E5,536,0.00013500338899507969,0.9894378255197005
fiqa,E5,537,0.0001321159785470123,0.9895699414982475
fiqa,E5,538,0.00013162243221649566,0.989701563930464
fiqa,E5,539,0.00013105327183999765,0.9898326172023041
fiqa,E5,540,0.00012967258667124135,0.9899622897889754
fiqa,E5,541,0.00012796672691119674,0.9900902565158866
fiqa,E5,542,0.00012593028467734244,0.9902161868005639
fiqa,E5,543,0.00012539259036508784,0.9903415793909289
fiqa,E5,544,0.00012412789467010398,0.990465707285599
fiqa,E5,545,0.00012197142678922233,0.9905876787123883
fiqa,E5,546,0.00012079013259310738,0.9907084688449814
fiqa,E5,547,0.00011952821430686853,0.9908279970592883
fiqa,E5,548,0.00011854495027116018,0.9909465420095595
fiqa,E5,549,0.00011797562141152702,0.991064517630971
fiqa,E5,550,0.00011722654616918939,0.9911817441771402
fiqa,E5,551,0.00011556026296999077,0.9912973044401102
fiqa,E5,552,0.0001147427828891797,0.9914120472229994
fiqa,E5,553,0.00011332233182144533,0.9915253695548208
fiqa,E5,554,0.0001116944133779998,0.9916370639681988
fiqa,E5,555,0.00011032811241460695,0.9917473920806135
fiqa,E5,556,0.0001090735864457413,0.9918564656670592
fiqa,E5,557,0.00010771638997416286,0.9919641820570334
fiqa,E5,558,0.00010715087107101449,0.9920713329281045
fiqa,E5,559,0.00010604304114435908,0.9921773759692488
fiqa,E5,560,0.00010389077930534269,0.9922812667485542
fiqa,E5,561,0.0001033939494840846,0.9923846606980383
fiqa,E5,562,0.00010255157753349354,0.9924872122755718
fiqa,E5,563,0.00010192382764991057,0.9925891361032217
fiqa,E5,564,9.986698633615389e-05,0.9926890030895579
fiqa,E5,565,9.832504653870055e-05,0.9927873281360966
fiqa,E5,566,9.804548696463684e-05,0.9928853736230613
fiqa,E5,567,9.623913420198827e-05,0.9929816127572633
fiqa,E5,568,9.53412877703081e-05,0.9930769540450336
fiqa,E5,569,9.353009108385566e-05,0.9931704841361174
fiqa,E5,570,9.203618650055762e-05,0.993262520322618
fiqa,E5,571,9.093197796021677e-05,0.9933534523005781
fiqa,E5,572,8.996518384826742e-05,0.9934434174844264
fiqa,E5,573,8.957811034256805e-05,0.993532995594769
fiqa,E5,574,8.790609144153008e-05,0.9936209016862105
fiqa,E5,575,8.687493381130829e-05,0.9937077766200219
fiqa,E5,576,8.587040587216414e-05,0.993793647025894
fiqa,E5,577,8.53255113762732e-05,0.9938789725372703
fiqa,E5,578,8.370377345715383e-05,0.9939626763107274
fiqa,E5,579,8.325790151856957e-05,0.994045934212246
fiqa,E5,580,8.244680523949924e-05,0.9941283810174855
fiqa,E5,581,8.159017253047311e-05,0.994209971190016
fiqa,E5,582,8.003374046443725e-05,0.9942900049304804
fiqa,E5,583,7.890161869699584e-05,0.9943689065491773
fiqa,E5,584,7.836549102011003e-05,0.9944472720401974
fiqa,E5,585,7.680155128001064e-05,0.9945240735914774
fiqa,E5,586,7.571410453032427e-05,0.9945997876960078
fiqa,E5,587,7.54713473211397e-05,0.9946752590433289
fiqa,E5,588,7.470128433770528e-05,0.9947499603276666
fiqa,E5,589,7.303350722913598e-05,0.9948229938348957
fiqa,E5,590,7.223820965754467e-05,0.9948952320445532
fiqa,E5,591,7.102180289381565e-05,0.9949662538474471
fiqa,E5,592,7.101068488366951e-05,0.9950372645323308
fiqa,E5,593,6.864584625349202e-05,0.9951059103785843
fiqa,E5,594,6.808409433983218e-05,0.9951739944729241
fiqa,E5,595,6.686467308422891e-05,0.9952408591460083
fiqa,E5,596,6.625688297943226e-05,0.9953071160289878
fiqa,E5,597,6.559941871443665e-05,0.9953727154477022
fiqa,E5,598,6.494143769576059e-05,0.995437656885398
fiqa,E5,599,6.399233784834441e-05,0.9955016492232464
fiqa,E5,600,6.336731271651724e-05,0.9955650165359629
fiqa,E5,601,6.244387734819287e-05,0.9956274604133111
fiqa,E5,602,6.176696692930671e-05,0.9956892273802403
fiqa,E5,603,6.1021799067226894e-05,0.9957502491793075
fiqa,E5,604,6.0523541322549214e-05,0.9958107727206301
fiqa,E5,605,5.9423574731273535e-05,0.9958701962953614
fiqa,E5,606,5.913779887451457e-05,0.995929334094236
fiqa,E5,607,5.909067051154204e-05,0.9959884247647476
fiqa,E5,608,5.835735517971617e-05,0.9960467821199273
fiqa,E5,609,5.7690146746894426e-05,0.9961044722666742
fiqa,E5,610,5.696017164889957e-05,0.9961614324383231
fiqa,E5,611,5.647680800860317e-05,0.9962179092463317
fiqa,E5,612,5.588969553421665e-05,0.9962737989418659
fiqa,E5,613,5.550341444755357e-05,0.9963293023563135
fiqa,E5,614,5.4892523866887535e-05,0.9963841948801804
fiqa,E5,615,5.442839254382744e-05,0.9964386232727243
fiqa,E5,616,5.360626730920139e-05,0.9964922295400335
fiqa,E5,617,5.223188469721611e-05,0.9965444614247306
fiqa,E5,618,5.2074073520991856e-05,0.9965965354982517
fiqa,E5,619,5.147108286572702e-05,0.9966480065811174
fiqa,E5,620,5.0776837093212485e-05,0.9966987834182106
fiqa,E5,621,4.993580163849251e-05,0.9967487192198491
fiqa,E5,622,4.962810851757223e-05,0.9967983473283667
fiqa,E5,623,4.7792725370283e-05,0.996846140053737
fiqa,E5,624,4.755134421130936e-05,0.9968936913979483
fiqa,E5,625,4.698670943858162e-05,0.9969406781073868
fiqa,E5,626,4.542327737605248e-05,0.9969861013847628
fiqa,E5,627,4.489684062523138e-05,0.9970309982253881
fiqa,E5,628,4.444440786957047e-05,0.9970754426332576
fiqa,E5,629,4.4277091664990136e-05,0.9971197197249226
fiqa,E5,630,4.394151991784859e-05,0.9971636612448405
fiqa,E5,631,4.340511660790745e-05,0.9972070663614484
fiqa,E5,632,4.276599677166803e-05,0.9972498323582201
fiqa,E5,633,4.248919875227644e-05,0.9972923215569723
fiqa,E5,634,4.195688441454143e-05,0.9973342784413869
fiqa,E5,635,4.1538683223894385e-05,0.9973758171246108
fiqa,E5,636,4.118034677301797e-05,0.9974169974713838
fiqa,E5,637,4.0910324204346e-05,0.9974579077955882
fiqa,E5,638,4.022183646416723e-05,0.9974981296320523
fiqa,E5,639,4.004590382785849e-05,0.9975381755358802
fiqa,E5,640,3.918801741308002e-05,0.9975773635532933
fiqa,E5,641,3.876329051088848e-05,0.9976161268438042
fiqa,E5,642,3.808945548600156e-05,0.9976542162992902
fiqa,E5,643,3.776681785091626e-05,0.9976919831171411
fiqa,E5,644,3.7751673618859394e-05,0.99772973479076
fiqa,E5,645,3.744982604422542e-05,0.9977671846168042
fiqa,E5,646,3.6165996647022815e-05,0.9978033506134513
fiqa,E5,647,3.565510689035544e-05,0.9978390057203417
fiqa,E5,648,3.5164381137870204e-05,0.9978741701014795
fiqa,E5,649,3.46668153324399e-05,0.997908836916812
fiqa,E5,650,3.428795621677069e-05,0.9979431248730287
fiqa,E5,651,3.4166258681041774e-05,0.9979772911317097
fiqa,E5,652,3.3900394895734647e-05,0.9980111915266054
fiqa,E5,653,3.350843881605735e-05,0.9980446999654216
fiqa,E5,654,3.248305901122603e-05,0.9980771830244328
fiqa,E5,655,3.2133681472993804e-05,0.9981093167059059
fiqa,E5,656,3.177982782982679e-05,0.9981410965337357
fiqa,E5,657,3.133603413705868e-05,0.9981724325678728
fiqa,E5,658,3.113656288364707e-05,0.9982035691307565
fiqa,E5,659,3.0374965898468695e-05,0.9982339440966549
fiqa,E5,660,2.9945192435358324e-05,0.9982638892890903
fiqa,E5,661,2.942520429601082e-05,0.9982933144933863
fiqa,E5,662,2.9368368305833718e-05,0.9983226828616921
fiqa,E5,663,2.918930832975646e-05,0.9983518721700219
fiqa,E5,664,2.9018656578628874e-05,0.9983808908266005
fiqa,E5,665,2.8120375339386584e-05,0.9984090112019399
fiqa,E5,666,2.788050741832879e-05,0.9984368917093582
fiqa,E5,667,2.7810497412005485e-05,0.9984647022067702
fiqa,E5,668,2.752572763318319e-05,0.9984922279344034
fiqa,E5,669,2.7116331891483208e-05,0.9985193442662949
fiqa,E5,670,2.6731575695821996e-05,0.9985460758419906
fiqa,E5,671,2.6610280937271786e-05,0.9985726861229279
fiqa,E5,672,2.618873812868044e-05,0.9985988748610566
fiqa,E5,673,2.5510952234100946e-05,0.9986243858132907
fiqa,E5,674,2.5414339939512084e-05,0.9986498001532302
fiqa,E5,675,2.522193565999286e-05,0.9986750220888903
fiqa,E5,676,2.4729125287181542e-05,0.9986997512141774
fiqa,E5,677,2.4453782625441014e-05,0.9987242049968028
fiqa,E5,678,2.4252009313348586e-05,0.9987484570061161
fiqa,E5,679,2.386087922073248e-05,0.9987723178853368
fiqa,E5,680,2.3579242522308292e-05,0.9987958971278591
fiqa,E5,681,2.3493574197671632e-05,0.9988193907020567
fiqa,E5,682,2.2738704986189653e-05,0.9988421294070429
fiqa,E5,683,2.2586397612175864e-05,0.9988647158046551
fiqa,E5,684,2.235100979714059e-05,0.9988870668144523
fiqa,E5,685,2.221544753251045e-05,0.9989092822619848
fiqa,E5,686,2.2012770823818883e-05,0.9989312950328086
fiqa,E5,687,2.1726291340056265e-05,0.9989530213241486
fiqa,E5,688,2.1378066317620203e-05,0.9989743993904663
fiqa,E5,689,2.1274363486582975e-05,0.9989956737539528
fiqa,E5,690,2.108217487761362e-05,0.9990167559288304
fiqa,E5,691,2.0588866967968167e-05,0.9990373447957984
fiqa,E5,692,2.0138199050257714e-05,0.9990574829948486
fiqa,E5,693,1.9922543047874562e-05,0.9990774055378965
fiqa,E5,694,1.958053976312676e-05,0.9990969860776596
fiqa,E5,695,1.946762595744476e-05,0.999116453703617
fiqa,E5,696,1.9229708700888934e-05,0.999135683412318
fiqa,E5,697,1.902299518804688e-05,0.999154706407506
fiqa,E5,698,1.8730324898799015e-05,0.9991734367324049
fiqa,E5,699,1.857880494022369e-05,0.9991920155373452
fiqa,E5,700,1.8293681629478337e-05,0.9992103092189747
fiqa,E5,701,1.8135765794752157e-05,0.9992284449847695
fiqa,E5,702,1.7721424472684885e-05,0.9992461664092421
fiqa,E5,703,1.765369380061205e-05,0.9992638201030427
fiqa,E5,704,1.7442951387355846e-05,0.9992812630544301
fiqa,E5,705,1.721719500617252e-05,0.9992984802494362
fiqa,E5,706,1.6879253377490507e-05,0.9993153595028137
fiqa,E5,707,1.6760021956757303e-05,0.9993321195247704
fiqa,E5,708,1.636672202592814e-05,0.9993484862467963
fiqa,E5,709,1.6291173405647934e-05,0.9993647774202019
fiqa,E5,710,1.6173748846682535e-05,0.9993809511690486
fiqa,E5,711,1.599541584657307e-05,0.9993969465848952
fiqa,E5,712,1.585183461198027e-05,0.9994127984195071
fiqa,E5,713,1.5479510596610774e-05,0.9994282779301038
fiqa,E5,714,1.532475108149293e-05,0.9994436026811853
fiqa,E5,715,1.509443084379875e-05,0.9994586971120291
fiqa,E5,716,1.503128576613407e-05,0.9994737283977952
fiqa,E5,717,1.4807821434021459e-05,0.9994885362192293
fiqa,E5,718,1.4605930794579389e-05,0.9995031421500239
fiqa,E5,719,1.4257103660891683e-05,0.9995173992536848
fiqa,E5,720,1.4082745162286484e-05,0.999531481998847
fiqa,E5,721,1.3983973091251992e-05,0.9995454659719383
fiqa,E5,722,1.3815795817658668e-05,0.9995592817677559
fiqa,E5,723,1.3586229056953321e-05,0.9995728679968129
fiqa,E5,724,1.3408572296686833e-05,0.9995862765691096
fiqa,E5,725,1.3228179375114979e-05,0.9995995047484847
fiqa,E5,726,1.2987570610418272e-05,0.9996124923190951
fiqa,E5,727,1.2746008327196103e-05,0.9996252383274223
fiqa,E5,728,1.272750594552862e-05,0.9996379658333678
fiqa,E5,729,1.265844632305272e-05,0.9996506242796909
fiqa,E5,730,1.2304909066407601e-05,0.9996629291887573
fiqa,E5,731,1.2067284683314765e-05,0.9996749964734406
fiqa,E5,732,1.1879244052608959e-05,0.9996868757174933
fiqa,E5,733,1.1802312188445545e-05,0.9996986780296817
fiqa,E5,734,1.1651324370567789e-05,0.9997103293540522
fiqa,E5,735,1.1450729326979371e-05,0.9997217800833792
fiqa,E5,736,1.1308681064158243e-05,0.9997330887644433
fiqa,E5,737,1.1264204285736941e-05,0.9997443529687291
fiqa,E5,738,1.1114540003677974e-05,0.9997554675087328
fiqa,E5,739,1.0911794107926756e-05,0.9997663793028407
fiqa,E5,740,1.0811556108628775e-05,0.9997771908589493
fiqa,E5,741,1.0619981360110385e-05,0.9997878108403094
fiqa,E5,742,1.0551686666847927e-05,0.9997983625269763
fiqa,E5,743,1.0157260425722985e-05,0.999808519787402
fiqa,E5,744,1.0120087086584002e-05,0.9998186398744886
fiqa,E5,745,1.0004420288346048e-05,0.9998286442947769
fiqa,E5,746,9.816160546351106e-06,0.9998384604553233
fiqa,E5,747,9.436758517142021e-06,0.9998478972138405
fiqa,E5,748,9.36985383382149e-06,0.9998572670676743
fiqa,E5,749,9.264227486058004e-06,0.9998665312951603
fiqa,E5,750,9.036557257506302e-06,0.9998755678524178
fiqa,E5,751,8.94245780936995e-06,0.9998845103102272
fiqa,E5,752,8.7802135383001e-06,0.9998932905237655
fiqa,E5,753,8.608573788803757e-06,0.9999018990975543
fiqa,E5,754,8.557300102623719e-06,0.999910456397657
fiqa,E5,755,8.25498424214519e-06,0.9999187113818991
fiqa,E5,756,8.032950782798469e-06,0.9999267443326819
fiqa,E5,757,7.875845780167067e-06,0.9999346201784621
fiqa,E5,758,7.796778993588527e-06,0.9999424169574557
fiqa,E5,759,7.678333574622199e-06,0.9999500952910303
fiqa,E5,760,7.531129488487835e-06,0.9999576264205188
fiqa,E5,761,7.379689421368043e-06,0.9999650061099401
fiqa,E5,762,7.084073904216569e-06,0.9999720901838444
fiqa,E5,763,6.925449714045602e-06,0.9999790156335584
fiqa,E5,764,6.649128325301634e-06,0.9999856647618837
fiqa,E5,765,6.326549491474928e-06,0.9999919913113752
fiqa,E5,766,6.152086253880223e-06,0.999998143397629
fiqa,E5,767,1.8282129053815018e-06,0.9999999716105344
fiqa,E5,768,2.8389466273394776e-08,1.0000000000000007
arguana,Qwen3,1,0.015234909515521788,0.015234909515521788
arguana,Qwen3,2,0.014127401633485045,0.029362311149006833
arguana,Qwen3,3,0.013892885036549767,0.0432551961855566
arguana,Qwen3,4,0.012641703498868855,0.055896899684425454
arguana,Qwen3,5,0.011549144876146675,0.06744604456057213
arguana,Qwen3,6,0.01120538360997176,0.07865142817054388
arguana,Qwen3,7,0.011063926861971989,0.08971535503251588
arguana,Qwen3,8,0.010581514755860156,0.10029686978837603
arguana,Qwen3,9,0.010454267459858136,0.11075113724823417
arguana,Qwen3,10,0.009948389663203558,0.12069952691143773
arguana,Qwen3,11,0.009879396541795902,0.13057892345323363
arguana,Qwen3,12,0.009265010338723576,0.1398439337919572
arguana,Qwen3,13,0.009104676537551376,0.14894861032950857
arguana,Qwen3,14,0.008978774788900782,0.15792738511840934
arguana,Qwen3,15,0.008854393883448716,0.16678177900185806
arguana,Qwen3,16,0.00856037729612767,0.17534215629798572
arguana,Qwen3,17,0.008507055284516602,0.1838492115825023
arguana,Qwen3,18,0.008195050974098499,0.19204426255660081
arguana,Qwen3,19,0.00810747382303501,0.20015173637963582
arguana,Qwen3,20,0.008038217005940393,0.20818995338557622
arguana,Qwen3,21,0.0076545588604385,0.21584451224601472
arguana,Qwen3,22,0.007600285929014263,0.223444798175029
arguana,Qwen3,23,0.007367546588066205,0.2308123447630952
arguana,Qwen3,24,0.007274069517698398,0.2380864142807936
arguana,Qwen3,25,0.007152771774196452,0.24523918605499007
arguana,Qwen3,26,0.007123107743636577,0.2523622937986266
arguana,Qwen3,27,0.006967022089416833,0.2593293158880435
arguana,Qwen3,28,0.006849380736285436,0.2661786966243289
arguana,Qwen3,29,0.00671359135819328,0.2728922879825222
arguana,Qwen3,30,0.0065126862456777275,0.27940497422819993
arguana,Qwen3,31,0.006340156465194124,0.2857451306933941
arguana,Qwen3,32,0.006311317548202138,0.2920564482415962
arguana,Qwen3,33,0.006257917437420014,0.2983143656790162
arguana,Qwen3,34,0.00607798986396226,0.30439235554297844
arguana,Qwen3,35,0.005979932179801139,0.3103722877227796
arguana,Qwen3,36,0.005941004286326246,0.31631329200910585
arguana,Qwen3,37,0.00586828165316528,0.3221815736622711
arguana,Qwen3,38,0.005748061502844558,0.3279296351651157
arguana,Qwen3,39,0.0056691087251258395,0.3335987438902415
arguana,Qwen3,40,0.005625119291485548,0.3392238631817271
arguana,Qwen3,41,0.005563935855173725,0.3447877990369008
arguana,Qwen3,42,0.005517471442249309,0.3503052704791501
arguana,Qwen3,43,0.005368116708459343,0.35567338718760944
arguana,Qwen3,44,0.0052910217860413,0.36096440897365073
arguana,Qwen3,45,0.005214036392259124,0.3661784453659099
arguana,Qwen3,46,0.005202518131980479,0.37138096349789035
arguana,Qwen3,47,0.005095523344644516,0.3764764868425349
arguana,Qwen3,48,0.005020652634067139,0.381497139476602
arguana,Qwen3,49,0.0049813603753888274,0.38647849985199084
arguana,Qwen3,50,0.004903981259209836,0.39138248111120066
arguana,Qwen3,51,0.004865598767757872,0.39624807987895855
arguana,Qwen3,52,0.004779985115111471,0.40102806499407
arguana,Qwen3,53,0.004755885745624121,0.40578395073969414
arguana,Qwen3,54,0.004648149081203747,0.4104320998208979
arguana,Qwen3,55,0.0045857161864860515,0.41501781600738397
arguana,Qwen3,56,0.004577209785121871,0.41959502579250585
arguana,Qwen3,57,0.004538483966194465,0.4241335097587003
arguana,Qwen3,58,0.004457432272850848,0.4285909420315511
arguana,Qwen3,59,0.004443775870308061,0.4330347179018592
arguana,Qwen3,60,0.004346184869285096,0.43738090277114433
arguana,Qwen3,61,0.004316765758250706,0.441697668529395
arguana,Qwen3,62,0.004280765360329807,0.4459784338897248
arguana,Qwen3,63,0.0042253156436050055,0.4502037495333298
arguana,Qwen3,64,0.004155841203997956,0.4543595907373278
arguana,Qwen3,65,0.004114481588796368,0.45847407232612414
arguana,Qwen3,66,0.004052047686886287,0.4625261200130104
arguana,Qwen3,67,0.003978121267588373,0.4665042412805988
arguana,Qwen3,68,0.00396303183741653,0.47046727311801534
arguana,Qwen3,69,0.003920785624368184,0.47438805874238354
arguana,Qwen3,70,0.0039055841417457763,0.47829364288412934
arguana,Qwen3,71,0.0038760374683763942,0.48216968035250574
arguana,Qwen3,72,0.0038154241686318025,0.4859851045211375
arguana,Qwen3,73,0.0037739183290677776,0.4897590228502053
arguana,Qwen3,74,0.0037332565325430534,0.4934922793827483
arguana,Qwen3,75,0.0036915284620121437,0.49718380784476046
arguana,Qwen3,76,0.00365611067743396,0.5008399185221944
arguana,Qwen3,77,0.0035862133228582046,0.5044261318450527
arguana,Qwen3,78,0.0035682204525276217,0.5079943522975803
arguana,Qwen3,79,0.003561075177641163,0.5115554274752214
arguana,Qwen3,80,0.0035293396671602735,0.5150847671423817
arguana,Qwen3,81,0.0034739318532249074,0.5185586989956066
arguana,Qwen3,82,0.0034299517855331074,0.5219886507811397
arguana,Qwen3,83,0.003406466867136306,0.525395117648276
arguana,Qwen3,84,0.0033589704828796765,0.5287540881311557
arguana,Qwen3,85,0.003345229342094449,0.5320993174732501
arguana,Qwen3,86,0.003317844526506256,0.5354171619997564
arguana,Qwen3,87,0.0032873120148770893,0.5387044740146335
arguana,Qwen3,88,0.0032477643542084453,0.541952238368842
arguana,Qwen3,89,0.0032227448090575094,0.5451749831778995
arguana,Qwen3,90,0.0032155163778603765,0.5483904995557598
arguana,Qwen3,91,0.003186697416475303,0.5515771969722351
arguana,Qwen3,92,0.003151251906940475,0.5547284488791755
arguana,Qwen3,93,0.0031304601592347177,0.5578589090384102
arguana,Qwen3,94,0.0030996557926339964,0.5609585648310442
arguana,Qwen3,95,0.003067799138695729,0.5640263639697399
arguana,Qwen3,96,0.0030351976519389936,0.567061561621679
arguana,Qwen3,97,0.003012137569487045,0.570073699191166
arguana,Qwen3,98,0.0029861623519795797,0.5730598615431456
arguana,Qwen3,99,0.0029556229346873663,0.5760154844778329
arguana,Qwen3,100,0.0029344163546689427,0.5789499008325019
arguana,Qwen3,101,0.0029037220127567666,0.5818536228452587
arguana,Qwen3,102,0.0028947486985617136,0.5847483715438204
arguana,Qwen3,103,0.0028693717400164243,0.5876177432838369
arguana,Qwen3,104,0.0028565195364558295,0.5904742628202927
arguana,Qwen3,105,0.002807711386795717,0.5932819742070884
arguana,Qwen3,106,0.002793106083537114,0.5960750802906255
arguana,Qwen3,107,0.002759631719770524,0.5988347120103961
arguana,Qwen3,108,0.0027193173251091494,0.6015540293355052
arguana,Qwen3,109,0.002709201558015987,0.6042632308935212
arguana,Qwen3,110,0.002685184329059976,0.6069484152225811
arguana,Qwen3,111,0.0026658671682379966,0.6096142823908192
arguana,Qwen3,112,0.002621170318170765,0.6122354527089899
arguana,Qwen3,113,0.002596124628801284,0.6148315773377913
arguana,Qwen3,114,0.002583104737745623,0.6174146820755368
arguana,Qwen3,115,0.002557829227109043,0.6199725113026459
arguana,Qwen3,116,0.002535166126604606,0.6225076774292505
arguana,Qwen3,117,0.0025267650795133653,0.6250344425087638
arguana,Qwen3,118,0.0025077088226313233,0.6275421513313951
arguana,Qwen3,119,0.0024840393064155006,0.6300261906378106
arguana,Qwen3,120,0.0024593346564025166,0.6324855252942131
arguana,Qwen3,121,0.002427915499533635,0.6349134407937467
arguana,Qwen3,122,0.0024193623745983766,0.6373328031683451
arguana,Qwen3,123,0.0024058860012353064,0.6397386891695803
arguana,Qwen3,124,0.002386631367310766,0.6421253205368911
arguana,Qwen3,125,0.0023795806577836687,0.6445049011946747
arguana,Qwen3,126,0.0023613812965963626,0.6468662824912711
arguana,Qwen3,127,0.002349374476029418,0.6492156569673005
arguana,Qwen3,128,0.0023193759460517858,0.6515350329133524
arguana,Qwen3,129,0.0023092083939484256,0.6538442413073008
arguana,Qwen3,130,0.0022777369777021795,0.656121978285003
arguana,Qwen3,131,0.0022773523979309845,0.658399330682934
arguana,Qwen3,132,0.002252559115758917,0.6606518897986929
arguana,Qwen3,133,0.0022328391242181,0.6628847289229111
arguana,Qwen3,134,0.0022068307323947866,0.6650915596553059
arguana,Qwen3,135,0.002185427201226266,0.6672769868565321
arguana,Qwen3,136,0.002164450617108285,0.6694414374736404
arguana,Qwen3,137,0.0021417639733390926,0.6715832014469795
arguana,Qwen3,138,0.002118482662145591,0.673701684109125
arguana,Qwen3,139,0.0021092536627160445,0.6758109377718411
arguana,Qwen3,140,0.0020951889115828726,0.677906126683424
arguana,Qwen3,141,0.0020899676120233407,0.6799960942954473
arguana,Qwen3,142,0.00206998843759175,0.682066082733039
arguana,Qwen3,143,0.0020622036297825623,0.6841282863628216
arguana,Qwen3,144,0.0020435737090895366,0.6861718600719112
arguana,Qwen3,145,0.002022482629549211,0.6881943427014604
arguana,Qwen3,146,0.0020125317054046107,0.690206874406865
arguana,Qwen3,147,0.0019928987872363264,0.6921997731941013
arguana,Qwen3,148,0.0019792847268974762,0.6941790579209988
arguana,Qwen3,149,0.0019702369747174042,0.6961492948957162
arguana,Qwen3,150,0.0019346934961595034,0.6980839883918757
arguana,Qwen3,151,0.0019219925048161543,0.7000059808966919
arguana,Qwen3,152,0.0019167575012350863,0.701922738397927
arguana,Qwen3,153,0.0019052510471688697,0.7038279894450958
arguana,Qwen3,154,0.00189432003717317,0.705722309482269
arguana,Qwen3,155,0.0018789739007908442,0.7076012833830598
arguana,Qwen3,156,0.0018658820517272268,0.709467165434787
arguana,Qwen3,157,0.0018495977311259629,0.711316763165913
arguana,Qwen3,158,0.001839246742553357,0.7131560099084663
arguana,Qwen3,159,0.0018272127441296836,0.714983222652596
arguana,Qwen3,160,0.001822686488543424,0.7168059091411394
arguana,Qwen3,161,0.0018034203119184574,0.7186093294530579
arguana,Qwen3,162,0.0017853552677964603,0.7203946847208543
arguana,Qwen3,163,0.0017722212806836222,0.722166906001538
arguana,Qwen3,164,0.0017584473397779053,0.7239253533413159
arguana,Qwen3,165,0.0017446931562000421,0.725670046497516
arguana,Qwen3,166,0.0017336827905606032,0.7274037292880766
arguana,Qwen3,167,0.0017145765228209497,0.7291183058108975
arguana,Qwen3,168,0.001695825449034951,0.7308141312599324
arguana,Qwen3,169,0.0016904876594144415,0.7325046189193469
arguana,Qwen3,170,0.001668550239281128,0.7341731691586281
arguana,Qwen3,171,0.0016652317834450101,0.7358384009420731
arguana,Qwen3,172,0.0016519749980301844,0.7374903759401032
arguana,Qwen3,173,0.001641499783446373,0.7391318757235497
arguana,Qwen3,174,0.001635735880734356,0.7407676116042841
arguana,Qwen3,175,0.0016103904062206582,0.7423780020105047
arguana,Qwen3,176,0.0015912998523517387,0.7439693018628565
arguana,Qwen3,177,0.0015870346963368443,0.7455563365591933
arguana,Qwen3,178,0.0015857015270712789,0.7471420380862646
arguana,Qwen3,179,0.0015720325723324509,0.748714070658597
arguana,Qwen3,180,0.0015672818033845492,0.7502813524619815
arguana,Qwen3,181,0.001564164105533267,0.7518455165675147
arguana,Qwen3,182,0.0015466597623842286,0.753392176329899
arguana,Qwen3,183,0.0015309440282689894,0.754923120358168
arguana,Qwen3,184,0.0015175009143807427,0.7564406212725487
arguana,Qwen3,185,0.0015124514459742,0.757953072718523
arguana,Qwen3,186,0.0014947400851131653,0.7594478128036362
arguana,Qwen3,187,0.0014851464858290447,0.7609329592894652
arguana,Qwen3,188,0.0014760734372278796,0.7624090327266931
arguana,Qwen3,189,0.0014702469883468338,0.76387927971504
arguana,Qwen3,190,0.001464700020309471,0.7653439797353495
arguana,Qwen3,191,0.0014527258318427555,0.7667967055671923
arguana,Qwen3,192,0.0014365584834341424,0.7682332640506264
arguana,Qwen3,193,0.001426484497293875,0.7696597485479203
arguana,Qwen3,194,0.0014205680949513151,0.7710803166428716
arguana,Qwen3,195,0.0014062903090915008,0.772486606951963
arguana,Qwen3,196,0.0014016450282756242,0.7738882519802387
arguana,Qwen3,197,0.0013970542711669756,0.7752853062514057
arguana,Qwen3,198,0.0013903008821456047,0.7766756071335513
arguana,Qwen3,199,0.0013722271279745489,0.7780478342615259
arguana,Qwen3,200,0.001363524754119554,0.7794113590156455
arguana,Qwen3,201,0.0013571116830138165,0.7807684706986593
arguana,Qwen3,202,0.0013543265631929535,0.7821227972618523
arguana,Qwen3,203,0.0013439722298962174,0.7834667694917485
arguana,Qwen3,204,0.0013401780627121025,0.7848069475544607
arguana,Qwen3,205,0.0013339338895333999,0.7861408814439941
arguana,Qwen3,206,0.001329169936508691,0.7874700513805027
arguana,Qwen3,207,0.001311445949070653,0.7887814973295734
arguana,Qwen3,208,0.0013017111541905955,0.790083208483764
arguana,Qwen3,209,0.0012889031835798556,0.7913721116673439
arguana,Qwen3,210,0.0012861825640659212,0.7926582942314098
arguana,Qwen3,211,0.001270800436608222,0.793929094668018
arguana,Qwen3,212,0.0012638857494110716,0.795192980417429
arguana,Qwen3,213,0.0012595014500158832,0.7964524818674449
arguana,Qwen3,214,0.0012512900321894397,0.7977037718996344
arguana,Qwen3,215,0.0012469274301359493,0.7989506993297704
arguana,Qwen3,216,0.0012390484789683023,0.8001897478087386
arguana,Qwen3,217,0.0012311096338422697,0.801420857442581
arguana,Qwen3,218,0.0012192140968820507,0.802640071539463
arguana,Qwen3,219,0.0012127123327094873,0.8038527838721725
arguana,Qwen3,220,0.0012082522325080672,0.8050610361046806
arguana,Qwen3,221,0.0011973040098779513,0.8062583401145585
arguana,Qwen3,222,0.0011946505466079618,0.8074529906611665
arguana,Qwen3,223,0.0011836040193754886,0.8086365946805419
arguana,Qwen3,224,0.0011674460151541758,0.8098040406956961
arguana,Qwen3,225,0.0011626388992078314,0.810966679594904
arguana,Qwen3,226,0.0011607079499576145,0.8121273875448616
arguana,Qwen3,227,0.0011501069078354944,0.813277494452697
arguana,Qwen3,228,0.0011396375093343828,0.8144171319620315
arguana,Qwen3,229,0.0011360850454149446,0.8155532170074464
arguana,Qwen3,230,0.0011297588711584416,0.8166829758786048
arguana,Qwen3,231,0.001123996793747263,0.8178069726723521
arguana,Qwen3,232,0.0011140289407320064,0.8189210016130841
arguana,Qwen3,233,0.0011066238468370709,0.8200276254599211
arguana,Qwen3,234,0.0011008263630030814,0.8211284518229243
arguana,Qwen3,235,0.0010930309741027321,0.822221482797027
arguana,Qwen3,236,0.0010915584187103679,0.8233130412157373
arguana,Qwen3,237,0.0010866751533227547,0.8243997163690601
arguana,Qwen3,238,0.0010834753158931443,0.8254831916849532
arguana,Qwen3,239,0.0010635384935187523,0.8265467301784719
arguana,Qwen3,240,0.0010587743734331173,0.8276055045519051
arguana,Qwen3,241,0.0010513297176985978,0.8286568342696037
arguana,Qwen3,242,0.0010411949989150128,0.8296980292685187
arguana,Qwen3,243,0.0010348244669717349,0.8307328537354904
arguana,Qwen3,244,0.0010318769143662571,0.8317647306498567
arguana,Qwen3,245,0.001029375878760348,0.8327941065286171
arguana,Qwen3,246,0.0010233037186502096,0.8338174102472673
arguana,Qwen3,247,0.0010091140119885518,0.8348265242592559
arguana,Qwen3,248,0.0010045304307663148,0.8358310546900222
arguana,Qwen3,249,0.0009963659838201557,0.8368274206738423
arguana,Qwen3,250,0.0009913622716388013,0.8378187829454811
arguana,Qwen3,251,0.0009871779401982121,0.8388059608856793
arguana,Qwen3,252,0.0009817728168763087,0.8397877337025555
arguana,Qwen3,253,0.0009755082867998901,0.8407632419893555
arguana,Qwen3,254,0.0009712321029242354,0.8417344740922797
arguana,Qwen3,255,0.0009641256658739424,0.8426985997581536
arguana,Qwen3,256,0.0009555712828881245,0.8436541710410418
arguana,Qwen3,257,0.0009515476746109843,0.8446057187156528
arguana,Qwen3,258,0.0009386142458296537,0.8455443329614825
arguana,Qwen3,259,0.0009367196671789612,0.8464810526286615
arguana,Qwen3,260,0.0009341737678570251,0.8474152263965185
arguana,Qwen3,261,0.0009311433995577332,0.8483463697960761
arguana,Qwen3,262,0.0009238019903845316,0.8492701717864607
arguana,Qwen3,263,0.0009128530732508968,0.8501830248597116
arguana,Qwen3,264,0.0009123735294171873,0.8510953983891288
arguana,Qwen3,265,0.0009079806019721704,0.852003378991101
arguana,Qwen3,266,0.0009005946549172028,0.8529039736460182
arguana,Qwen3,267,0.0008940819921746465,0.8537980556381929
arguana,Qwen3,268,0.0008853436220266732,0.8546833992602195
arguana,Qwen3,269,0.0008807047083147678,0.8555641039685343
arguana,Qwen3,270,0.0008739886011488438,0.8564380925696832
arguana,Qwen3,271,0.000870053354433708,0.8573081459241169
arguana,Qwen3,272,0.000866027592097419,0.8581741735162143
arguana,Qwen3,273,0.000861670448442012,0.8590358439646563
arguana,Qwen3,274,0.0008573490215259354,0.8598931929861822
arguana,Qwen3,275,0.0008525492719258006,0.860745742258108
arguana,Qwen3,276,0.0008493098006725277,0.8615950520587805
arguana,Qwen3,277,0.0008413910004062556,0.8624364430591868
arguana,Qwen3,278,0.0008352391316864157,0.8632716821908731
arguana,Qwen3,279,0.0008295162634069087,0.86410119845428
arguana,Qwen3,280,0.000826237739391807,0.8649274361936719
arguana,Qwen3,281,0.0008170409366888899,0.8657444771303607
arguana,Qwen3,282,0.0008156272767023062,0.866560104407063
arguana,Qwen3,283,0.0008075663512810933,0.8673676707583441
arguana,Qwen3,284,0.0008046235211579522,0.868172294279502
arguana,Qwen3,285,0.0007995490536686383,0.8689718433331707
arguana,Qwen3,286,0.0007950610021768537,0.8697669043353475
arguana,Qwen3,287,0.0007903491510390275,0.8705572534863866
arguana,Qwen3,288,0.0007861242705794135,0.871343377756966
arguana,Qwen3,289,0.0007824299914825732,0.8721258077484486
arguana,Qwen3,290,0.0007784016258022444,0.8729042093742508
arguana,Qwen3,291,0.0007722052859816658,0.8736764146602325
arguana,Qwen3,292,0.0007654508313063552,0.8744418654915388
arguana,Qwen3,293,0.0007619838457366007,0.8752038493372754
arguana,Qwen3,294,0.0007555658675575024,0.8759594152048329
arguana,Qwen3,295,0.0007533678417920256,0.8767127830466249
arguana,Qwen3,296,0.0007454716180786286,0.8774582546647035
arguana,Qwen3,297,0.0007388450875702822,0.8781970997522738
arguana,Qwen3,298,0.0007354488781367982,0.8789325486304106
arguana,Qwen3,299,0.0007328193495585101,0.8796653679799691
arguana,Qwen3,300,0.0007252771167705818,0.8803906450967397
arguana,Qwen3,301,0.0007230765829466851,0.8811137216796864
arguana,Qwen3,302,0.0007179799831619526,0.8818317016628483
arguana,Qwen3,303,0.0007116957419732675,0.8825433974048216
arguana,Qwen3,304,0.0007077288141110645,0.8832511262189326
arguana,Qwen3,305,0.0007018998904533515,0.883953026109386
arguana,Qwen3,306,0.0006982727515932167,0.8846512988609792
arguana,Qwen3,307,0.0006964289089754292,0.8853477277699546
arguana,Qwen3,308,0.000692041515967226,0.8860397692859219
arguana,Qwen3,309,0.0006853795746926534,0.8867251488606145
arguana,Qwen3,310,0.0006794705396066535,0.8874046194002212
arguana,Qwen3,311,0.0006786877784061349,0.8880833071786274
arguana,Qwen3,312,0.0006780660019153602,0.8887613731805427
arguana,Qwen3,313,0.0006697126742666984,0.8894310858548095
arguana,Qwen3,314,0.0006669401855711446,0.8900980260403806
arguana,Qwen3,315,0.0006648796634345285,0.8907629057038151
arguana,Qwen3,316,0.0006575510245959924,0.8914204567284111
arguana,Qwen3,317,0.0006563456447236295,0.8920768023731347
arguana,Qwen3,318,0.0006548627423822123,0.8927316651155169
arguana,Qwen3,319,0.0006493952177689645,0.8933810603332859
arguana,Qwen3,320,0.0006455794627629716,0.8940266397960489
arguana,Qwen3,321,0.0006407699424128986,0.8946674097384618
arguana,Qwen3,322,0.0006390391336932311,0.895306448872155
arguana,Qwen3,323,0.0006346702451796764,0.8959411191173348
arguana,Qwen3,324,0.0006314218230218295,0.8965725409403565
arguana,Qwen3,325,0.0006294232472909224,0.8972019641876474
arguana,Qwen3,326,0.0006229720765212714,0.8978249362641687
arguana,Qwen3,327,0.0006198428474368307,0.8984447791116056
arguana,Qwen3,328,0.0006156159497312954,0.8990603950613368
arguana,Qwen3,329,0.0006124039604947415,0.8996727990218316
arguana,Qwen3,330,0.0006096109873851883,0.9002824100092168
arguana,Qwen3,331,0.0006067451092503832,0.9008891551184672
arguana,Qwen3,332,0.0006019804929404818,0.9014911356114077
arguana,Qwen3,333,0.0005995032977470789,0.9020906389091548
arguana,Qwen3,334,0.0005954192011777152,0.9026860581103324
arguana,Qwen3,335,0.0005914965204077135,0.9032775546307401
arguana,Qwen3,336,0.0005895449027718708,0.903867099533512
arguana,Qwen3,337,0.0005858784659868633,0.9044529779994989
arguana,Qwen3,338,0.000582154174667558,0.9050351321741664
arguana,Qwen3,339,0.0005785761895905965,0.905613708363757
arguana,Qwen3,340,0.000575477892471709,0.9061891862562287
arguana,Qwen3,341,0.0005739249570982437,0.906763111213327
arguana,Qwen3,342,0.0005684159162961442,0.9073315271296232
arguana,Qwen3,343,0.0005640317383727655,0.9078955588679959
arguana,Qwen3,344,0.000562402991305619,0.9084579618593015
arguana,Qwen3,345,0.0005600282052852893,0.9090179900645868
arguana,Qwen3,346,0.0005587345828935458,0.9095767246474804
arguana,Qwen3,347,0.0005557542983166523,0.9101324789457971
arguana,Qwen3,348,0.000553339471806891,0.910685818417604
arguana,Qwen3,349,0.0005487150522770565,0.911234533469881
arguana,Qwen3,350,0.0005434798692881729,0.9117780133391692
arguana,Qwen3,351,0.0005414170360465805,0.9123194303752158
arguana,Qwen3,352,0.0005388033365543051,0.9128582337117701
arguana,Qwen3,353,0.000534140132630991,0.9133923738444011
arguana,Qwen3,354,0.0005301679990390106,0.9139225418434401
arguana,Qwen3,355,0.000525871935056993,0.9144484137784972
arguana,Qwen3,356,0.0005237456539546024,0.9149721594324518
arguana,Qwen3,357,0.0005223956237579183,0.9154945550562097
arguana,Qwen3,358,0.0005163196292163555,0.9160108746854261
arguana,Qwen3,359,0.0005141303920845208,0.9165250050775106
arguana,Qwen3,360,0.0005129796721891019,0.9170379847496997
arguana,Qwen3,361,0.0005064872365397026,0.9175444719862393
arguana,Qwen3,362,0.0005030801293831694,0.9180475521156225
arguana,Qwen3,363,0.0005013835051606098,0.9185489356207831
arguana,Qwen3,364,0.0004991290723092506,0.9190480646930923
arguana,Qwen3,365,0.000497410230011896,0.9195454749231042
arguana,Qwen3,366,0.0004962710669326862,0.920041745990037
arguana,Qwen3,367,0.0004938096597396686,0.9205355556497766
arguana,Qwen3,368,0.0004922922054474884,0.9210278478552241
arguana,Qwen3,369,0.0004897387369721529,0.9215175865921962
arguana,Qwen3,370,0.0004864108116080038,0.9220039974038042
arguana,Qwen3,371,0.0004836677805293367,0.9224876651843336
arguana,Qwen3,372,0.00047887260890406235,0.9229665377932377
arguana,Qwen3,373,0.0004756097127231079,0.9234421475059608
arguana,Qwen3,374,0.00047267885773568427,0.9239148263636965
arguana,Qwen3,375,0.00047058367681876765,0.9243854100405152
arguana,Qwen3,376,0.00046841665216103555,0.9248538266926762
arguana,Qwen3,377,0.00046658873946933227,0.9253204154321456
arguana,Qwen3,378,0.0004652805710587472,0.9257856960032044
arguana,Qwen3,379,0.00046135451388995064,0.9262470505170943
arguana,Qwen3,380,0.0004589878667393949,0.9267060383838337
arguana,Qwen3,381,0.00045742885752231055,0.927163467241356
arguana,Qwen3,382,0.00045432424820315636,0.9276177914895591
arguana,Qwen3,383,0.0004510242516170947,0.9280688157411763
arguana,Qwen3,384,0.0004488868178083815,0.9285177025589847
arguana,Qwen3,385,0.0004456827664494562,0.9289633853254341
arguana,Qwen3,386,0.00044367231225944713,0.9294070576376936
arguana,Qwen3,387,0.00044085235122982847,0.9298479099889234
arguana,Qwen3,388,0.0004378140203659992,0.9302857240092894
arguana,Qwen3,389,0.000434214363581318,0.9307199383728707
arguana,Qwen3,390,0.00043187192764389693,0.9311518103005146
arguana,Qwen3,391,0.00043034218423717896,0.9315821524847518
arguana,Qwen3,392,0.0004258226420401505,0.932007975126792
arguana,Qwen3,393,0.000422853157916592,0.9324308282847086
arguana,Qwen3,394,0.000420491405972572,0.9328513196906811
arguana,Qwen3,395,0.000418894389495512,0.9332702140801766
arguana,Qwen3,396,0.00041783489745750296,0.9336880489776341
arguana,Qwen3,397,0.00041460294566040065,0.9341026519232946
arguana,Qwen3,398,0.00041267787914588713,0.9345153298024405
arguana,Qwen3,399,0.00041001342829711997,0.9349253432307376
arguana,Qwen3,400,0.00040609661476940216,0.935331439845507
arguana,Qwen3,401,0.00040464617054550793,0.9357360860160525
arguana,Qwen3,402,0.00040303343649991116,0.9361391194525525
arguana,Qwen3,403,0.00040161738135614875,0.9365407368339086
arguana,Qwen3,404,0.00040134726332124445,0.9369420840972298
arguana,Qwen3,405,0.00039562774754830165,0.9373377118447781
arguana,Qwen3,406,0.00039438918756045944,0.9377321010323385
arguana,Qwen3,407,0.0003933064280269996,0.9381254074603655
arguana,Qwen3,408,0.00038829158680289845,0.9385136990471684
arguana,Qwen3,409,0.00038548964869079686,0.9388991886958592
arguana,Qwen3,410,0.0003852102361126172,0.9392843989319718
arguana,Qwen3,411,0.00038248718581026446,0.939666886117782
arguana,Qwen3,412,0.0003796106464970511,0.9400464967642791
arguana,Qwen3,413,0.00037898618175058674,0.9404254829460297
arguana,Qwen3,414,0.00037676260321635815,0.9408022455492461
arguana,Qwen3,415,0.0003765999864103147,0.9411788455356563
arguana,Qwen3,416,0.00037291664080427834,0.9415517621764606
arguana,Qwen3,417,0.00037110791822347406,0.9419228700946841
arguana,Qwen3,418,0.00036781128475095616,0.9422906813794351
arguana,Qwen3,419,0.0003669812556935198,0.9426576626351286
arguana,Qwen3,420,0.0003642446235985117,0.9430219072587271
arguana,Qwen3,421,0.0003626182234931103,0.9433845254822203
arguana,Qwen3,422,0.00035996577797449593,0.9437444912601948
arguana,Qwen3,423,0.00035872242628959836,0.9441032136864844
arguana,Qwen3,424,0.00035605531506149163,0.9444592690015459
arguana,Qwen3,425,0.00035355936402553317,0.9448128283655713
arguana,Qwen3,426,0.000352835375846161,0.9451656637414175
arguana,Qwen3,427,0.00034984663955561,0.9455155103809731
arguana,Qwen3,428,0.0003471995486119931,0.9458627099295851
arguana,Qwen3,429,0.00034634905454670144,0.9462090589841318
arguana,Qwen3,430,0.0003420498691542983,0.9465511088532861
arguana,Qwen3,431,0.0003407372779984639,0.9468918461312845
arguana,Qwen3,432,0.0003386376142037609,0.9472304837454882
arguana,Qwen3,433,0.0003365356619207886,0.9475670194074091
arguana,Qwen3,434,0.00033568734269047716,0.9479027067500996
arguana,Qwen3,435,0.00033418433559081096,0.9482368910856904
arguana,Qwen3,436,0.0003316347806449374,0.9485685258663353
arguana,Qwen3,437,0.00033028610775248397,0.9488988119740878
arguana,Qwen3,438,0.00032746236561720653,0.949226274339705
arguana,Qwen3,439,0.0003258602537067078,0.9495521345934117
arguana,Qwen3,440,0.00032462982338132867,0.949876764416793
arguana,Qwen3,441,0.0003230169442156371,0.9501997813610087
arguana,Qwen3,442,0.0003205593512238888,0.9505203407122326
arguana,Qwen3,443,0.0003178201811154175,0.9508381608933479
arguana,Qwen3,444,0.0003166539151829289,0.9511548148085308
arguana,Qwen3,445,0.00031374835892872,0.9514685631674595
arguana,Qwen3,446,0.0003104712296610459,0.9517790343971205
arguana,Qwen3,447,0.00030928500774042594,0.9520883194048609
arguana,Qwen3,448,0.0003080080752331963,0.9523963274800942
arguana,Qwen3,449,0.00030590342042649337,0.9527022309005206
arguana,Qwen3,450,0.0003044629505566315,0.9530066938510773
arguana,Qwen3,451,0.00030312428748502883,0.9533098181385623
arguana,Qwen3,452,0.0003022873153379931,0.9536121054539003
arguana,Qwen3,453,0.00029939491392371213,0.953911500367824
arguana,Qwen3,454,0.0002975427428388172,0.9542090431106628
arguana,Qwen3,455,0.00029617894652594516,0.9545052220571887
arguana,Qwen3,456,0.00029543278863865036,0.9548006548458273
arguana,Qwen3,457,0.000293917960885604,0.955094572806713
arguana,Qwen3,458,0.00029200586891196914,0.9553865786756249
arguana,Qwen3,459,0.00028884695411561143,0.9556754256297405
arguana,Qwen3,460,0.00028733516296342926,0.9559627607927039
arguana,Qwen3,461,0.0002865824235640304,0.956249343216268
arguana,Qwen3,462,0.0002849966174077707,0.9565343398336758
arguana,Qwen3,463,0.000284279436520892,0.9568186192701966
arguana,Qwen3,464,0.0002826601705848897,0.9571012794407815
arguana,Qwen3,465,0.00028028610605060887,0.9573815655468321
arguana,Qwen3,466,0.000277960740591412,0.9576595262874235
arguana,Qwen3,467,0.0002767636605657637,0.9579362899479892
arguana,Qwen3,468,0.00027384153991310124,0.9582101314879022
arguana,Qwen3,469,0.0002732924838771284,0.9584834239717793
arguana,Qwen3,470,0.00027161891346720785,0.9587550428852465
arguana,Qwen3,471,0.0002707825919113711,0.9590258254771579
arguana,Qwen3,472,0.00027020224621925667,0.9592960277233771
arguana,Qwen3,473,0.0002687407572409585,0.959564768480618
arguana,Qwen3,474,0.0002654047979082569,0.9598301732785263
arguana,Qwen3,475,0.00026322982988280307,0.9600934031084091
arguana,Qwen3,476,0.00026116150870427894,0.9603545646171133
arguana,Qwen3,477,0.00025969681129174273,0.9606142614284051
arguana,Qwen3,478,0.0002591189131187737,0.9608733803415239
arguana,Qwen3,479,0.00025749935209746827,0.9611308796936214
arguana,Qwen3,480,0.00025709216577724474,0.9613879718593987
arguana,Qwen3,481,0.0002545672146511056,0.9616425390740498
arguana,Qwen3,482,0.0002529256298046097,0.9618954647038545
arguana,Qwen3,483,0.00025169578478067336,0.9621471604886351
arguana,Qwen3,484,0.0002505696179747753,0.9623977301066099
arguana,Qwen3,485,0.00024862903821405025,0.962646359144824
arguana,Qwen3,486,0.0002452853681879988,0.962891644513012
arguana,Qwen3,487,0.000244023931243159,0.9631356684442551
arguana,Qwen3,488,0.0002438477915685846,0.9633795162358237
arguana,Qwen3,489,0.00024249351988416625,0.9636220097557079
arguana,Qwen3,490,0.000240223794682693,0.9638622335503906
arguana,Qwen3,491,0.00023917240015466709,0.9641014059505453
arguana,Qwen3,492,0.00023768448719964664,0.9643390904377449
arguana,Qwen3,493,0.0002370136066342773,0.9645761040443792
arguana,Qwen3,494,0.0002348022451905378,0.9648109062895698
arguana,Qwen3,495,0.0002342316321285113,0.9650451379216983
arguana,Qwen3,496,0.0002321354206311245,0.9652772733423295
arguana,Qwen3,497,0.00023099617127393232,0.9655082695136035
arguana,Qwen3,498,0.0002290658189864828,0.96573733533259
arguana,Qwen3,499,0.00022713627309545122,0.9659644716056854
arguana,Qwen3,500,0.0002262866885779438,0.9661907582942634
arguana,Qwen3,501,0.0002256983126670584,0.9664164566069304
arguana,Qwen3,502,0.00022450944339517197,0.9666409660503256
arguana,Qwen3,503,0.00022386710720697855,0.9668648331575326
arguana,Qwen3,504,0.00022192671554287064,0.9670867598730755
arguana,Qwen3,505,0.00021871418665568465,0.9673054740597311
arguana,Qwen3,506,0.00021768563238691563,0.967523159692118
arguana,Qwen3,507,0.00021761219051487536,0.9677407718826329
arguana,Qwen3,508,0.00021626572150848698,0.9679570376041413
arguana,Qwen3,509,0.00021451630870452173,0.9681715539128458
arguana,Qwen3,510,0.0002132907270311297,0.968384844639877
arguana,Qwen3,511,0.00021237381701939338,0.9685972184568964
arguana,Qwen3,512,0.00021131926338014795,0.9688085377202765
arguana,Qwen3,513,0.00021041877372411405,0.9690189564940006
arguana,Qwen3,514,0.0002089663887723909,0.969227922882773
arguana,Qwen3,515,0.0002079226402491114,0.9694358455230222
arguana,Qwen3,516,0.0002067201130660288,0.9696425656360882
arguana,Qwen3,517,0.00020513485673419568,0.9698477004928224
arguana,Qwen3,518,0.0002043704947858685,0.9700520709876083
arguana,Qwen3,519,0.0002031260382916442,0.9702551970258999
arguana,Qwen3,520,0.00020242236067442013,0.9704576193865744
arguana,Qwen3,521,0.00020199989755385274,0.9706596192841282
arguana,Qwen3,522,0.00019953962243763075,0.9708591589065659
arguana,Qwen3,523,0.00019766214200458147,0.9710568210485705
arguana,Qwen3,524,0.00019742294295653858,0.971254243991527
arguana,Qwen3,525,0.0001971873517244174,0.9714514313432515
arguana,Qwen3,526,0.00019489653863374238,0.9716463278818852
arguana,Qwen3,527,0.00019403862665775504,0.971840366508543
arguana,Qwen3,528,0.00019347995563355982,0.9720338464641766
arguana,Qwen3,529,0.00019278918195157166,0.9722266356461281
arguana,Qwen3,530,0.00019174397489878987,0.9724183796210268
arguana,Qwen3,531,0.00019043307674796334,0.9726088126977748
arguana,Qwen3,532,0.00019012082967319078,0.972798933527448
arguana,Qwen3,533,0.00018873798482885905,0.9729876715122768
arguana,Qwen3,534,0.00018636908787013324,0.973174040600147
arguana,Qwen3,535,0.00018582097408393418,0.9733598615742309
arguana,Qwen3,536,0.00018505193085439117,0.9735449135050853
arguana,Qwen3,537,0.00018304191946944107,0.9737279554245548
arguana,Qwen3,538,0.00018270095519828364,0.973910656379753
arguana,Qwen3,539,0.00018102419260881728,0.9740916805723618
arguana,Qwen3,540,0.00017984691254088286,0.9742715274849028
arguana,Qwen3,541,0.000178871449593039,0.9744503989344958
arguana,Qwen3,542,0.00017678566066155847,0.9746271845951574
arguana,Qwen3,543,0.0001765917792780095,0.9748037763744354
arguana,Qwen3,544,0.00017560796590635063,0.9749793843403417
arguana,Qwen3,545,0.00017465026265057944,0.9751540346029923
arguana,Qwen3,546,0.00017431952327528092,0.9753283541262676
arguana,Qwen3,547,0.00017283030336081196,0.9755011844296284
arguana,Qwen3,548,0.000171031523593905,0.9756722159532223
arguana,Qwen3,549,0.00017053458158838595,0.9758427505348106
arguana,Qwen3,550,0.00016965789409175525,0.9760124084289024
arguana,Qwen3,551,0.00016839808361346695,0.9761808065125158
arguana,Qwen3,552,0.00016714677868378283,0.9763479532911996
arguana,Qwen3,553,0.00016679787932124545,0.9765147511705209
arguana,Qwen3,554,0.00016511293781859595,0.9766798641083395
arguana,Qwen3,555,0.000164295350518504,0.976844159458858
arguana,Qwen3,556,0.00016337043185761304,0.9770075298907157
arguana,Qwen3,557,0.00016226388865448336,0.9771697937793702
arguana,Qwen3,558,0.0001617323200108499,0.977331526099381
arguana,Qwen3,559,0.0001607622132340743,0.977492288312615
arguana,Qwen3,560,0.0001599955615091041,0.9776522838741242
arguana,Qwen3,561,0.00015946864816756813,0.9778117525222917
arguana,Qwen3,562,0.00015731040617056907,0.9779690629284623
arguana,Qwen3,563,0.00015638976549669684,0.978125452693959
arguana,Qwen3,564,0.0001558821282717063,0.9782813348222307
arguana,Qwen3,565,0.00015468709873487212,0.9784360219209656
arguana,Qwen3,566,0.0001543251012830691,0.9785903470222487
arguana,Qwen3,567,0.00015290071503742866,0.978743247737286
arguana,Qwen3,568,0.00015195555731908076,0.9788952032946051
arguana,Qwen3,569,0.00015067698119338113,0.9790458802757985
arguana,Qwen3,570,0.00014993860111208593,0.9791958188769107
arguana,Qwen3,571,0.00014891650846320963,0.9793447353853738
arguana,Qwen3,572,0.0001474580023566382,0.9794921933877304
arguana,Qwen3,573,0.0001473756814944163,0.9796395690692248
arguana,Qwen3,574,0.000146319676774479,0.9797858887459993
arguana,Qwen3,575,0.0001456307321832677,0.9799315194781826
arguana,Qwen3,576,0.00014384574278953857,0.9800753652209722
arguana,Qwen3,577,0.0001430250604113376,0.9802183902813835
arguana,Qwen3,578,0.00014269916130114598,0.9803610894426846
arguana,Qwen3,579,0.0001417490933682528,0.9805028385360529
arguana,Qwen3,580,0.00014061289984754349,0.9806434514359005
arguana,Qwen3,581,0.00013991827767720474,0.9807833697135777
arguana,Qwen3,582,0.00013952441159729124,0.980922894125175
arguana,Qwen3,583,0.00013793371931392062,0.9810608278444889
arguana,Qwen3,584,0.00013714472753101876,0.9811979725720199
arguana,Qwen3,585,0.00013690617467842906,0.9813348787466983
arguana,Qwen3,586,0.0001361142898788499,0.9814709930365771
arguana,Qwen3,587,0.00013532551500087663,0.981606318551578
arguana,Qwen3,588,0.0001343261126021183,0.9817406446641801
arguana,Qwen3,589,0.00013301423441816967,0.9818736588985982
arguana,Qwen3,590,0.00013178000157739253,0.9820054389001757
arguana,Qwen3,591,0.00013099697220033998,0.982136435872376
arguana,Qwen3,592,0.0001304296125733344,0.9822668654849493
arguana,Qwen3,593,0.00012959909002721075,0.9823964645749765
arguana,Qwen3,594,0.0001292950701183757,0.9825257596450949
arguana,Qwen3,595,0.00012825792750575054,0.9826540175726006
arguana,Qwen3,596,0.000127647000757977,0.9827816645733586
arguana,Qwen3,597,0.00012657405502792168,0.9829082386283865
arguana,Qwen3,598,0.0001257685036616934,0.9830340071320481
arguana,Qwen3,599,0.00012500285148695127,0.9831590099835351
arguana,Qwen3,600,0.00012456767248296736,0.983283577656018
arguana,Qwen3,601,0.00012376807159781173,0.9834073457276159
arguana,Qwen3,602,0.0001232349957669957,0.9835305807233828
arguana,Qwen3,603,0.00012207708878048787,0.9836526578121634
arguana,Qwen3,604,0.00012195848093723081,0.9837746162931006
arguana,Qwen3,605,0.00012117692682324099,0.9838957932199238
arguana,Qwen3,606,0.00011981281749376883,0.9840156060374176
arguana,Qwen3,607,0.00011936058685865608,0.9841349666242762
arguana,Qwen3,608,0.00011890228662094641,0.9842538689108972
arguana,Qwen3,609,0.00011831720074040952,0.9843721861116376
arguana,Qwen3,610,0.0001172919884142717,0.9844894781000518
arguana,Qwen3,611,0.00011680105555836604,0.9846062791556102
arguana,Qwen3,612,0.00011538534759837636,0.9847216645032085
arguana,Qwen3,613,0.00011507520229008077,0.9848367397054986
arguana,Qwen3,614,0.00011473107997615327,0.9849514707854747
arguana,Qwen3,615,0.00011422198702946696,0.9850656927725042
arguana,Qwen3,616,0.00011295169086880641,0.985178644463373
arguana,Qwen3,617,0.00011217222252859503,0.9852908166859016
arguana,Qwen3,618,0.00011210939070098165,0.9854029260766025
arguana,Qwen3,619,0.00011014980290698091,0.9855130758795095
arguana,Qwen3,620,0.00010963720082917497,0.9856227130803387
arguana,Qwen3,621,0.00010915014989047535,0.9857318632302291
arguana,Qwen3,622,0.00010853511891532208,0.9858403983491444
arguana,Qwen3,623,0.0001081713502448586,0.9859485696993893
arguana,Qwen3,624,0.00010748597575866864,0.986056055675148
arguana,Qwen3,625,0.00010718410271048604,0.9861632397778585
arguana,Qwen3,626,0.0001061691576124482,0.9862694089354709
arguana,Qwen3,627,0.00010569300591385631,0.9863751019413848
arguana,Qwen3,628,0.0001051878980600887,0.9864802898394449
arguana,Qwen3,629,0.00010463030889542301,0.9865849201483403
arguana,Qwen3,630,0.00010422476730077004,0.9866891449156411
arguana,Qwen3,631,0.0001035649316192744,0.9867927098472603
arguana,Qwen3,632,0.00010289949165654374,0.9868956093389168
arguana,Qwen3,633,0.00010195971550338384,0.9869975690544203
arguana,Qwen3,634,0.00010091731424800787,0.9870984863686683
arguana,Qwen3,635,0.00010031571636592115,0.9871988020850342
arguana,Qwen3,636,9.959175573306283e-05,0.9872983938407672
arguana,Qwen3,637,9.858780721079979e-05,0.9873969816479781
arguana,Qwen3,638,9.835397637813059e-05,0.9874953356243562
arguana,Qwen3,639,9.817263881805391e-05,0.9875935082631743
arguana,Qwen3,640,9.708173374909188e-05,0.9876905899969234
arguana,Qwen3,641,9.690581363523443e-05,0.9877874958105586
arguana,Qwen3,642,9.596080990468964e-05,0.9878834566204633
arguana,Qwen3,643,9.545218636551964e-05,0.9879789088068288
arguana,Qwen3,644,9.452502051680063e-05,0.9880734338273456
arguana,Qwen3,645,9.387243663550175e-05,0.9881673062639811
arguana,Qwen3,646,9.30089938628824e-05,0.988260315257844
arguana,Qwen3,647,9.264566642826808e-05,0.9883529609242723
arguana,Qwen3,648,9.240643447409691e-05,0.9884453673587463
arguana,Qwen3,649,9.113477603761034e-05,0.988536502134784
arguana,Qwen3,650,9.095600261032433e-05,0.9886274581373943
arguana,Qwen3,651,9.058433406182634e-05,0.9887180424714561
arguana,Qwen3,652,9.023158048011998e-05,0.9888082740519363
arguana,Qwen3,653,8.848473267860953e-05,0.9888967587846149
arguana,Qwen3,654,8.807813169898273e-05,0.9889848369163139
arguana,Qwen3,655,8.753870808019577e-05,0.9890723756243941
arguana,Qwen3,656,8.732111876679501e-05,0.9891596967431608
arguana,Qwen3,657,8.652793875346592e-05,0.9892462246819143
arguana,Qwen3,658,8.600993963520734e-05,0.9893322346215495
arguana,Qwen3,659,8.563055906577348e-05,0.9894178651806153
arguana,Qwen3,660,8.53647076376669e-05,0.9895032298882529
arguana,Qwen3,661,8.507413124915928e-05,0.989588304019502
arguana,Qwen3,662,8.49054577657996e-05,0.9896732094772679
arguana,Qwen3,663,8.400118836214362e-05,0.98975721066563
arguana,Qwen3,664,8.284739805152942e-05,0.9898400580636816
arguana,Qwen3,665,8.244310925860028e-05,0.9899225011729402
arguana,Qwen3,666,8.204260337527219e-05,0.9900045437763155
arguana,Qwen3,667,8.13445068007937e-05,0.9900858882831163
arguana,Qwen3,668,8.100825581583872e-05,0.9901668965389321
arguana,Qwen3,669,8.08139236555117e-05,0.9902477104625876
arguana,Qwen3,670,8.036956458149689e-05,0.9903280800271691
arguana,Qwen3,671,7.990368795210205e-05,0.9904079837151212
arguana,Qwen3,672,7.943530796413083e-05,0.9904874190230853
arguana,Qwen3,673,7.85473109749e-05,0.9905659663340602
arguana,Qwen3,674,7.844724590249394e-05,0.9906444135799627
arguana,Qwen3,675,7.782174979693882e-05,0.9907222353297597
arguana,Qwen3,676,7.701721668318033e-05,0.9907992525464429
arguana,Qwen3,677,7.684251185547121e-05,0.9908760950582983
arguana,Qwen3,678,7.618124744078093e-05,0.9909522763057391
arguana,Qwen3,679,7.570051807470985e-05,0.9910279768238138
arguana,Qwen3,680,7.522665778765302e-05,0.9911032034816015
arguana,Qwen3,681,7.491100521563928e-05,0.9911781144868171
arguana,Qwen3,682,7.392141453186216e-05,0.991252035901349
arguana,Qwen3,683,7.386160680311821e-05,0.9913258975081521
arguana,Qwen3,684,7.316335634663685e-05,0.9913990608644988
arguana,Qwen3,685,7.260830330029152e-05,0.991471669167799
arguana,Qwen3,686,7.233429070462906e-05,0.9915440034585037
arguana,Qwen3,687,7.224647310336102e-05,0.991616249931607
arguana,Qwen3,688,7.17768382627699e-05,0.9916880267698698
arguana,Qwen3,689,7.11943652895084e-05,0.9917592211351592
arguana,Qwen3,690,7.075563940833765e-05,0.9918299767745676
arguana,Qwen3,691,6.977468569321045e-05,0.9918997514602609
arguana,Qwen3,692,6.88252305458071e-05,0.9919685766908067
arguana,Qwen3,693,6.863157006888556e-05,0.9920372082608756
arguana,Qwen3,694,6.822205817755378e-05,0.9921054303190532
arguana,Qwen3,695,6.80078100913892e-05,0.9921734381291446
arguana,Qwen3,696,6.740678525654247e-05,0.9922408449144011
arguana,Qwen3,697,6.719498722878935e-05,0.9923080399016299
arguana,Qwen3,698,6.655150128512702e-05,0.992374591402915
arguana,Qwen3,699,6.585369057100509e-05,0.992440445093486
arguana,Qwen3,700,6.569017255766323e-05,0.9925061352660436
arguana,Qwen3,701,6.460669699566741e-05,0.9925707419630393
arguana,Qwen3,702,6.435289649590804e-05,0.9926350948595352
arguana,Qwen3,703,6.398583288407234e-05,0.9926990806924192
arguana,Qwen3,704,6.374200733429031e-05,0.9927628226997535
arguana,Qwen3,705,6.296329263829753e-05,0.9928257859923918
arguana,Qwen3,706,6.271783018303086e-05,0.9928885038225749
arguana,Qwen3,707,6.222197455981567e-05,0.9929507257971347
arguana,Qwen3,708,6.176773035895743e-05,0.9930124935274937
arguana,Qwen3,709,6.146949743473165e-05,0.9930739630249283
arguana,Qwen3,710,6.106333840995682e-05,0.9931350263633383
arguana,Qwen3,711,6.070568290049478e-05,0.9931957320462388
arguana,Qwen3,712,6.011348591273175e-05,0.9932558455321515
arguana,Qwen3,713,5.967806870244053e-05,0.993315523600854
arguana,Qwen3,714,5.915546118465598e-05,0.9933746790620386
arguana,Qwen3,715,5.868908676662096e-05,0.9934333681488052
arguana,Qwen3,716,5.843113507235717e-05,0.9934917992838775
arguana,Qwen3,717,5.825540749412368e-05,0.9935500546913717
arguana,Qwen3,718,5.803664839539598e-05,0.9936080913397671
arguana,Qwen3,719,5.73011712059364e-05,0.9936653925109731
arguana,Qwen3,720,5.68909760322474e-05,0.9937222834870053
arguana,Qwen3,721,5.6661108287488736e-05,0.9937789445952928
arguana,Qwen3,722,5.6098362786868726e-05,0.9938350429580797
arguana,Qwen3,723,5.5795441153461706e-05,0.9938908383992331
arguana,Qwen3,724,5.5045853898737945e-05,0.9939458842531318
arguana,Qwen3,725,5.474707482459659e-05,0.9940006313279564
arguana,Qwen3,726,5.4329134017098486e-05,0.9940549604619735
arguana,Qwen3,727,5.414899089500217e-05,0.9941091094528685
arguana,Qwen3,728,5.3807673202714e-05,0.9941629171260712
arguana,Qwen3,729,5.338254888277426e-05,0.994216299674954
arguana,Qwen3,730,5.253739219895587e-05,0.9942688370671529
arguana,Qwen3,731,5.242899289511494e-05,0.994321266060048
arguana,Qwen3,732,5.202618903564084e-05,0.9943732922490837
arguana,Qwen3,733,5.1963580231449785e-05,0.9944252558293151
arguana,Qwen3,734,5.170926135116558e-05,0.9944769650906662
arguana,Qwen3,735,5.124886655600208e-05,0.9945282139572222
arguana,Qwen3,736,5.043350771485021e-05,0.9945786474649371
arguana,Qwen3,737,5.023881489317136e-05,0.9946288862798303
arguana,Qwen3,738,5.0142426592546724e-05,0.9946790287064228
arguana,Qwen3,739,4.939310096240499e-05,0.9947284218073852
arguana,Qwen3,740,4.9170117401020734e-05,0.9947775919247862
arguana,Qwen3,741,4.887222457721503e-05,0.9948264641493634
arguana,Qwen3,742,4.8513891455149466e-05,0.9948749780408185
arguana,Qwen3,743,4.834075708346895e-05,0.994923318797902
arguana,Qwen3,744,4.791126736642485e-05,0.9949712300652684
arguana,Qwen3,745,4.756908368199446e-05,0.9950187991489504
arguana,Qwen3,746,4.734990051616255e-05,0.9950661490494666
arguana,Qwen3,747,4.695486124916852e-05,0.9951131039107157
arguana,Qwen3,748,4.684552962145853e-05,0.9951599494403371
arguana,Qwen3,749,4.643094735252466e-05,0.9952063803876897
arguana,Qwen3,750,4.626485523863187e-05,0.9952526452429283
arguana,Qwen3,751,4.58626846070883e-05,0.9952985079275354
arguana,Qwen3,752,4.5461148406237614e-05,0.9953439690759416
arguana,Qwen3,753,4.495894923508341e-05,0.9953889280251766
arguana,Qwen3,754,4.445575747078714e-05,0.9954333837826475
arguana,Qwen3,755,4.434638847909829e-05,0.9954777301711265
arguana,Qwen3,756,4.4003652041920307e-05,0.9955217338231684
arguana,Qwen3,757,4.376270000363312e-05,0.995565496523172
arguana,Qwen3,758,4.3111518229195174e-05,0.9956086080414013
arguana,Qwen3,759,4.304641675377602e-05,0.9956516544581551
arguana,Qwen3,760,4.260839048384287e-05,0.9956942628486389
arguana,Qwen3,761,4.24810512601983e-05,0.9957367438998991
arguana,Qwen3,762,4.193840065568603e-05,0.9957786823005548
arguana,Qwen3,763,4.16627564945483e-05,0.9958203450570493
arguana,Qwen3,764,4.1459204266863085e-05,0.9958618042613162
arguana,Qwen3,765,4.107227203750563e-05,0.9959028765333537
arguana,Qwen3,766,4.0846090050093015e-05,0.9959437226234038
arguana,Qwen3,767,4.060544334971274e-05,0.9959843280667535
arguana,Qwen3,768,4.0194384466974324e-05,0.9960245224512205
arguana,Qwen3,769,3.99417355346991e-05,0.9960644641867552
arguana,Qwen3,770,3.946140909117657e-05,0.9961039255958464
arguana,Qwen3,771,3.9394055172695225e-05,0.9961433196510191
arguana,Qwen3,772,3.909639765889704e-05,0.996182416048678
arguana,Qwen3,773,3.8856621985718574e-05,0.9962212726706637
arguana,Qwen3,774,3.860174703709285e-05,0.9962598744177008
arguana,Qwen3,775,3.8384615627728785e-05,0.9962982590333286
arguana,Qwen3,776,3.7915361154503844e-05,0.9963361743944831
arguana,Qwen3,777,3.774737696641524e-05,0.9963739217714495
arguana,Qwen3,778,3.736236248015357e-05,0.9964112841339297
arguana,Qwen3,779,3.6812935288034865e-05,0.9964480970692177
arguana,Qwen3,780,3.669867869741354e-05,0.996484795747915
arguana,Qwen3,781,3.6487375207864356e-05,0.9965212831231229
arguana,Qwen3,782,3.629215507756944e-05,0.9965575752782005
arguana,Qwen3,783,3.603219388821254e-05,0.9965936074720888
arguana,Qwen3,784,3.565681623089283e-05,0.9966292642883197
arguana,Qwen3,785,3.553527236814603e-05,0.9966647995606878
arguana,Qwen3,786,3.525418077150245e-05,0.9967000537414593
arguana,Qwen3,787,3.5057008464554205e-05,0.9967351107499238
arguana,Qwen3,788,3.4604209541908614e-05,0.9967697149594658
arguana,Qwen3,789,3.421300233220298e-05,0.996803927961798
arguana,Qwen3,790,3.397223062214557e-05,0.9968379001924201
arguana,Qwen3,791,3.359502023172421e-05,0.9968714952126518
arguana,Qwen3,792,3.341132924960704e-05,0.9969049065419014
arguana,Qwen3,793,3.31201827601648e-05,0.9969380267246616
arguana,Qwen3,794,3.294701238731558e-05,0.9969709737370489
arguana,Qwen3,795,3.277287485072932e-05,0.9970037466118996
arguana,Qwen3,796,3.243421514280408e-05,0.9970361808270424
arguana,Qwen3,797,3.231991728334019e-05,0.9970685007443257
arguana,Qwen3,798,3.2029080082641e-05,0.9971005298244083
arguana,Qwen3,799,3.1885305473357076e-05,0.9971324151298817
arguana,Qwen3,800,3.146471691479588e-05,0.9971638798467966
arguana,Qwen3,801,3.111601175275324e-05,0.9971949958585493
arguana,Qwen3,802,3.092066146801516e-05,0.9972259165200174
arguana,Qwen3,803,3.062690517005089e-05,0.9972565434251874
arguana,Qwen3,804,3.05193814789182e-05,0.9972870628066663
arguana,Qwen3,805,3.0314593029302522e-05,0.9973173773996956
arguana,Qwen3,806,2.9885525489854368e-05,0.9973472629251855
arguana,Qwen3,807,2.9667313240667612e-05,0.9973769302384262
arguana,Qwen3,808,2.9260082932763783e-05,0.997406190321359
arguana,Qwen3,809,2.9081336513650202e-05,0.9974352716578727
arguana,Qwen3,810,2.8838874750236355e-05,0.997464110532623
arguana,Qwen3,811,2.8790588664228992e-05,0.9974929011212872
arguana,Qwen3,812,2.850019585501755e-05,0.9975214013171422
arguana,Qwen3,813,2.826222866702623e-05,0.9975496635458092
arguana,Qwen3,814,2.8170692011341892e-05,0.9975778342378205
arguana,Qwen3,815,2.7904652906676846e-05,0.9976057388907272
arguana,Qwen3,816,2.7683792218411378e-05,0.9976334226829456
arguana,Qwen3,817,2.7353128411820606e-05,0.9976607758113575
arguana,Qwen3,818,2.7197703602044507e-05,0.9976879735149595
arguana,Qwen3,819,2.700753494490357e-05,0.9977149810499044
arguana,Qwen3,820,2.6730709005276703e-05,0.9977417117589097
arguana,Qwen3,821,2.6425018786467423e-05,0.9977681367776962
arguana,Qwen3,822,2.6335370632778e-05,0.997794472148329
arguana,Qwen3,823,2.601169946948307e-05,0.9978204838477984
arguana,Qwen3,824,2.585971838246671e-05,0.9978463435661808
arguana,Qwen3,825,2.5666377410006812e-05,0.9978720099435908
arguana,Qwen3,826,2.556532767970787e-05,0.9978975752712705
arguana,Qwen3,827,2.5337106118284165e-05,0.9979229123773888
arguana,Qwen3,828,2.499261559812584e-05,0.9979479049929869
arguana,Qwen3,829,2.496633289791477e-05,0.9979728713258849
arguana,Qwen3,830,2.4493445025289705e-05,0.9979973647709102
arguana,Qwen3,831,2.414482446785596e-05,0.998021509595378
arguana,Qwen3,832,2.3899192020729537e-05,0.9980454087873988
arguana,Qwen3,833,2.3868382193948238e-05,0.9980692771695927
arguana,Qwen3,834,2.3684740764378788e-05,0.9980929619103571
arguana,Qwen3,835,2.3423389502682907e-05,0.9981163852998598
arguana,Qwen3,836,2.329521185994871e-05,0.9981396805117198
arguana,Qwen3,837,2.325307870901349e-05,0.9981629335904287
arguana,Qwen3,838,2.2933225680311097e-05,0.9981858668161091
arguana,Qwen3,839,2.2718451635428425e-05,0.9982085852677446
arguana,Qwen3,840,2.2646549282547204e-05,0.9982312318170271
arguana,Qwen3,841,2.2436555073625156e-05,0.9982536683721007
arguana,Qwen3,842,2.2360629248957342e-05,0.9982760290013497
arguana,Qwen3,843,2.182093574443916e-05,0.9982978499370941
arguana,Qwen3,844,2.160828705603836e-05,0.9983194582241501
arguana,Qwen3,845,2.1476075193297087e-05,0.9983409342993435
arguana,Qwen3,846,2.129854169799325e-05,0.9983622328410414
arguana,Qwen3,847,2.119540689289669e-05,0.9983834282479344
arguana,Qwen3,848,2.112586595888837e-05,0.9984045541138933
arguana,Qwen3,849,2.0660415652683166e-05,0.9984252145295459
arguana,Qwen3,850,2.0565189127781247e-05,0.9984457797186737
arguana,Qwen3,851,2.0280674080736974e-05,0.9984660603927544
arguana,Qwen3,852,2.0115900433557807e-05,0.998486176293188
arguana,Qwen3,853,1.9973266080563886e-05,0.9985061495592686
arguana,Qwen3,854,1.975829294740111e-05,0.9985259078522161
arguana,Qwen3,855,1.9416720654448153e-05,0.9985453245728705
arguana,Qwen3,856,1.9345774358846734e-05,0.9985646703472293
arguana,Qwen3,857,1.925542550866873e-05,0.9985839257727379
arguana,Qwen3,858,1.9048818142683773e-05,0.9986029745908805
arguana,Qwen3,859,1.8858133407249492e-05,0.9986218327242878
arguana,Qwen3,860,1.8564666836650165e-05,0.9986403973911245
arguana,Qwen3,861,1.8528720422161996e-05,0.9986589261115467
arguana,Qwen3,862,1.826148727222295e-05,0.998677187598819
arguana,Qwen3,863,1.8099313653155935e-05,0.9986952869124721
arguana,Qwen3,864,1.8009141426822158e-05,0.9987132960538989
arguana,Qwen3,865,1.7827877740856788e-05,0.9987311239316398
arguana,Qwen3,866,1.769659059809741e-05,0.9987488205222379
arguana,Qwen3,867,1.7509681672417692e-05,0.9987663302039104
arguana,Qwen3,868,1.740664785485918e-05,0.9987837368517652
arguana,Qwen3,869,1.719145633694445e-05,0.9988009283081022
arguana,Qwen3,870,1.699941861302856e-05,0.9988179277267152
arguana,Qwen3,871,1.682549788700531e-05,0.9988347532246021
arguana,Qwen3,872,1.6617395259383665e-05,0.9988513706198615
arguana,Qwen3,873,1.64110577268401e-05,0.9988677816775884
arguana,Qwen3,874,1.6340715632252573e-05,0.9988841223932207
arguana,Qwen3,875,1.62918696784942e-05,0.9989004142628991
arguana,Qwen3,876,1.6058052972754744e-05,0.9989164723158719
arguana,Qwen3,877,1.5968861322108048e-05,0.998932441177194
arguana,Qwen3,878,1.5913887531536442e-05,0.9989483550647256
arguana,Qwen3,879,1.5707764364945596e-05,0.9989640628290906
arguana,Qwen3,880,1.5328004098056715e-05,0.9989793908331887
arguana,Qwen3,881,1.517812722966434e-05,0.9989945689604183
arguana,Qwen3,882,1.5101909519916926e-05,0.9990096708699382
arguana,Qwen3,883,1.4874320958362595e-05,0.9990245451908966
arguana,Qwen3,884,1.4755688681397852e-05,0.9990393008795779
arguana,Qwen3,885,1.4611958880935195e-05,0.9990539128384589
arguana,Qwen3,886,1.4492771026401546e-05,0.9990684056094853
arguana,Qwen3,887,1.4341566936836363e-05,0.9990827471764221
arguana,Qwen3,888,1.4176932117747457e-05,0.9990969241085398
arguana,Qwen3,889,1.4108748872306426e-05,0.9991110328574121
arguana,Qwen3,890,1.3912306708406573e-05,0.9991249451641205
arguana,Qwen3,891,1.376292857405267e-05,0.9991387080926946
arguana,Qwen3,892,1.3668723114882136e-05,0.9991523768158095
arguana,Qwen3,893,1.3607828770113096e-05,0.9991659846445796
arguana,Qwen3,894,1.3383642096744292e-05,0.9991793682866764
arguana,Qwen3,895,1.3127447019304378e-05,0.9991924957336957
arguana,Qwen3,896,1.3090012227075297e-05,0.9992055857459228
arguana,Qwen3,897,1.2942401517754728e-05,0.9992185281474405
arguana,Qwen3,898,1.283203082530674e-05,0.9992313601782659
arguana,Qwen3,899,1.2725608925242683e-05,0.9992440857871911
arguana,Qwen3,900,1.2588134771664669e-05,0.9992566739219628
arguana,Qwen3,901,1.2532912467890022e-05,0.9992692068344308
arguana,Qwen3,902,1.2403139921496303e-05,0.9992816099743522
arguana,Qwen3,903,1.2132449443910958e-05,0.9992937424237961
arguana,Qwen3,904,1.2024038461530519e-05,0.9993057664622577
arguana,Qwen3,905,1.1906429252667427e-05,0.9993176728915103
arguana,Qwen3,906,1.1740448309251466e-05,0.9993294133398195
arguana,Qwen3,907,1.1676196214185055e-05,0.9993410895360337
arguana,Qwen3,908,1.1637789043144027e-05,0.9993527273250769
arguana,Qwen3,909,1.1600017472978458e-05,0.9993643273425499
arguana,Qwen3,910,1.1312281578176158e-05,0.999375639624128
arguana,Qwen3,911,1.1231928171965937e-05,0.9993868715523
arguana,Qwen3,912,1.1037144763603595e-05,0.9993979086970636
arguana,Qwen3,913,1.0850846081643939e-05,0.9994087595431452
arguana,Qwen3,914,1.0778110104620975e-05,0.9994195376532499
arguana,Qwen3,915,1.0715554500450827e-05,0.9994302532077504
arguana,Qwen3,916,1.0645238385699038e-05,0.999440898446136
arguana,Qwen3,917,1.0459190122905848e-05,0.9994513576362589
arguana,Qwen3,918,1.0357332357123076e-05,0.999461714968616
arguana,Qwen3,919,1.0271461805592004e-05,0.9994719864304216
arguana,Qwen3,920,9.961964681265637e-06,0.9994819483951028
arguana,Qwen3,921,9.893221502689004e-06,0.9994918416166055
arguana,Qwen3,922,9.79822846855552e-06,0.9995016398450741
arguana,Qwen3,923,9.730204939787962e-06,0.9995113700500139
arguana,Qwen3,924,9.570418340151515e-06,0.999520940468354
arguana,Qwen3,925,9.42875459848655e-06,0.9995303692229526
arguana,Qwen3,926,9.2935040179831e-06,0.9995396627269706
arguana,Qwen3,927,9.249843012857667e-06,0.9995489125699835
arguana,Qwen3,928,9.15470446540661e-06,0.9995580672744488
arguana,Qwen3,929,9.085665554436808e-06,0.9995671529400033
arguana,Qwen3,930,8.878387445198944e-06,0.9995760313274485
arguana,Qwen3,931,8.752597828083956e-06,0.9995847839252766
arguana,Qwen3,932,8.63408329303452e-06,0.9995934180085696
arguana,Qwen3,933,8.4713204645737e-06,0.9996018893290342
arguana,Qwen3,934,8.428508371094168e-06,0.9996103178374053
arguana,Qwen3,935,8.333089214319195e-06,0.9996186509266196
arguana,Qwen3,936,8.230592725881232e-06,0.9996268815193455
arguana,Qwen3,937,7.97371696641682e-06,0.9996348552363119
arguana,Qwen3,938,7.869841530313812e-06,0.9996427250778422
arguana,Qwen3,939,7.829650635351938e-06,0.9996505547284776
arguana,Qwen3,940,7.725927172200225e-06,0.9996582806556499
arguana,Qwen3,941,7.681298758359001e-06,0.9996659619544083
arguana,Qwen3,942,7.516141564608724e-06,0.9996734780959728
arguana,Qwen3,943,7.4388556406775e-06,0.9996809169516135
arguana,Qwen3,944,7.268127618614726e-06,0.9996881850792322
arguana,Qwen3,945,7.216164553192977e-06,0.9996954012437854
arguana,Qwen3,946,7.102073173583168e-06,0.999702503316959
arguana,Qwen3,947,7.025168265634288e-06,0.9997095284852247
arguana,Qwen3,948,6.9697135078179724e-06,0.9997164981987324
arguana,Qwen3,949,6.8948321818807425e-06,0.9997233930309143
arguana,Qwen3,950,6.747131488159889e-06,0.9997301401624025
arguana,Qwen3,951,6.563752083437799e-06,0.9997367039144859
arguana,Qwen3,952,6.5492469445084925e-06,0.9997432531614304
arguana,Qwen3,953,6.379126210085784e-06,0.9997496322876405
arguana,Qwen3,954,6.333704904157651e-06,0.9997559659925446
arguana,Qwen3,955,6.200920417718658e-06,0.9997621669129623
arguana,Qwen3,956,6.1589358340543895e-06,0.9997683258487963
arguana,Qwen3,957,6.0965773399555746e-06,0.9997744224261362
arguana,Qwen3,958,5.967305946749006e-06,0.9997803897320829
arguana,Qwen3,959,5.840877586875739e-06,0.9997862306096699
arguana,Qwen3,960,5.7437731541331855e-06,0.999791974382824
arguana,Qwen3,961,5.63090566244638e-06,0.9997976052884864
arguana,Qwen3,962,5.517608856889162e-06,0.9998031228973433
arguana,Qwen3,963,5.469496010308529e-06,0.9998085923933536
arguana,Qwen3,964,5.445998293153409e-06,0.9998140383916467
arguana,Qwen3,965,5.314259088966239e-06,0.9998193526507357
arguana,Qwen3,966,5.2566089456088875e-06,0.9998246092596813
arguana,Qwen3,967,5.149125512460873e-06,0.9998297583851937
arguana,Qwen3,968,5.02626536075506e-06,0.9998347846505545
arguana,Qwen3,969,4.990922041612425e-06,0.9998397755725962
arguana,Qwen3,970,4.856536489004708e-06,0.9998446321090851
arguana,Qwen3,971,4.8027994485881285e-06,0.9998494349085337
arguana,Qwen3,972,4.744309538357969e-06,0.9998541792180721
arguana,Qwen3,973,4.679998755296839e-06,0.9998588592168274
arguana,Qwen3,974,4.605925618126568e-06,0.9998634651424455
arguana,Qwen3,975,4.527156428484649e-06,0.999867992298874
arguana,Qwen3,976,4.488947997208544e-06,0.9998724812468712
arguana,Qwen3,977,4.388374108316625e-06,0.9998768696209795
arguana,Qwen3,978,4.3511081873146735e-06,0.9998812207291669
arguana,Qwen3,979,4.1986844770559944e-06,0.999885419413644
arguana,Qwen3,980,4.161167185542312e-06,0.9998895805808294
arguana,Qwen3,981,4.101556032151993e-06,0.9998936821368616
arguana,Qwen3,982,3.977776554841951e-06,0.9998976599134164
arguana,Qwen3,983,3.948759602136339e-06,0.9999016086730186
arguana,Qwen3,984,3.9078050159301025e-06,0.9999055164780345
arguana,Qwen3,985,3.7588594969159147e-06,0.9999092753375314
arguana,Qwen3,986,3.6486784105678146e-06,0.9999129240159419
arguana,Qwen3,987,3.6008861774283537e-06,0.9999165249021194
arguana,Qwen3,988,3.581624551803861e-06,0.9999201065266712
arguana,Qwen3,989,3.505330792479401e-06,0.9999236118574637
arguana,Qwen3,990,3.435567836710372e-06,0.9999270474253004
arguana,Qwen3,991,3.3511822273297815e-06,0.9999303986075277
arguana,Qwen3,992,3.272819523203581e-06,0.9999336714270509
arguana,Qwen3,993,3.1703833886669004e-06,0.9999368418104396
arguana,Qwen3,994,3.0986513062189274e-06,0.9999399404617458
arguana,Qwen3,995,3.072560326308804e-06,0.9999430130220721
arguana,Qwen3,996,3.0455039090873045e-06,0.9999460585259812
arguana,Qwen3,997,2.8972393855494305e-06,0.9999489557653667
arguana,Qwen3,998,2.8850717811770842e-06,0.9999518408371478
arguana,Qwen3,999,2.78073093034736e-06,0.9999546215680781
arguana,Qwen3,1000,2.719948114011819e-06,0.9999573415161921
arguana,Qwen3,1001,2.667469738760695e-06,0.9999600089859308
arguana,Qwen3,1002,2.617980210896515e-06,0.9999626269661418
arguana,Qwen3,1003,2.6036790401749508e-06,0.999965230645182
arguana,Qwen3,1004,2.544354017071967e-06,0.999967774999199
arguana,Qwen3,1005,2.4391652648362147e-06,0.9999702141644639
arguana,Qwen3,1006,2.3574743485719853e-06,0.9999725716388125
arguana,Qwen3,1007,2.3085854228697183e-06,0.9999748802242353
arguana,Qwen3,1008,2.2556058849196286e-06,0.9999771358301203
arguana,Qwen3,1009,2.177076549892808e-06,0.9999793129066702
arguana,Qwen3,1010,2.067987024895503e-06,0.999981380893695
arguana,Qwen3,1011,2.01619666994072e-06,0.999983397090365
arguana,Qwen3,1012,1.9699570031596964e-06,0.9999853670473682
arguana,Qwen3,1013,1.904061784334407e-06,0.9999872711091525
arguana,Qwen3,1014,1.8603083449799752e-06,0.9999891314174975
arguana,Qwen3,1015,1.762412869826809e-06,0.9999908938303673
arguana,Qwen3,1016,1.706243028865494e-06,0.9999926000733962
arguana,Qwen3,1017,1.6114126414803907e-06,0.9999942114860376
arguana,Qwen3,1018,1.5544727782584563e-06,0.9999957659588159
arguana,Qwen3,1019,1.4626995183464824e-06,0.9999972286583343
arguana,Qwen3,1020,1.2496339342665997e-06,0.9999984782922685
arguana,Qwen3,1021,1.1007594099574453e-06,0.9999995790516785
arguana,Qwen3,1022,2.473720622234977e-07,0.9999998264237407
arguana,Qwen3,1023,1.00416708031408e-07,0.9999999268404488
arguana,Qwen3,1024,7.315955111620233e-08,0.9999999999999999
arguana,BGE-M3,1,0.0277604026514391,0.0277604026514391
arguana,BGE-M3,2,0.021352362869935276,0.04911276552137438
arguana,BGE-M3,3,0.014902937547337762,0.06401570306871214
arguana,BGE-M3,4,0.013278202545683297,0.07729390561439543
arguana,BGE-M3,5,0.012925824854939896,0.09021973046933533
arguana,BGE-M3,6,0.011698972878585595,0.10191870334792093
arguana,BGE-M3,7,0.011286727550634553,0.11320543089855548
arguana,BGE-M3,8,0.010658365282458214,0.12386379618101369
arguana,BGE-M3,9,0.010431738463023187,0.13429553464403687
arguana,BGE-M3,10,0.009984753858222608,0.1442802885022595
arguana,BGE-M3,11,0.00974602688902547,0.15402631539128497
arguana,BGE-M3,12,0.009412969760459357,0.16343928515174433
arguana,BGE-M3,13,0.009242289209516263,0.17268157436126058
arguana,BGE-M3,14,0.009021381495812962,0.18170295585707355
arguana,BGE-M3,15,0.008736666046744297,0.19043962190381786
arguana,BGE-M3,16,0.008597933463470613,0.19903755536728848
arguana,BGE-M3,17,0.008320572547103257,0.20735812791439173
arguana,BGE-M3,18,0.008131606752393133,0.21548973466678487
arguana,BGE-M3,19,0.007922878699154366,0.22341261336593923
arguana,BGE-M3,20,0.00782306773173659,0.2312356810976758
arguana,BGE-M3,21,0.0077411099847376295,0.23897679108241343
arguana,BGE-M3,22,0.007657763454673316,0.24663455453708674
arguana,BGE-M3,23,0.007553402851802332,0.25418795738888905
arguana,BGE-M3,24,0.0073786450855000225,0.26156660247438906
arguana,BGE-M3,25,0.0073031270414856,0.2688697295158747
arguana,BGE-M3,26,0.00712452891312444,0.2759942584289991
arguana,BGE-M3,27,0.007001092243172823,0.2829953506721719
arguana,BGE-M3,28,0.006961253814755457,0.28995660448692734
arguana,BGE-M3,29,0.006851574763151023,0.29680817925007835
arguana,BGE-M3,30,0.006787187077785329,0.30359536632786366
arguana,BGE-M3,31,0.006647750072164742,0.3102431164000284
arguana,BGE-M3,32,0.006545286767550461,0.31678840316757884
arguana,BGE-M3,33,0.0064311437402009225,0.32321954690777976
arguana,BGE-M3,34,0.006338430826699949,0.3295579777344797
arguana,BGE-M3,35,0.006231589221126628,0.33578956695560636
arguana,BGE-M3,36,0.006131629721465919,0.34192119667707227
arguana,BGE-M3,37,0.006107680951464997,0.3480288776285373
arguana,BGE-M3,38,0.005900714793227894,0.3539295924217652
arguana,BGE-M3,39,0.005785077085200219,0.3597146695069654
arguana,BGE-M3,40,0.0057256467299511265,0.36544031623691653
arguana,BGE-M3,41,0.005686962782992692,0.3711272790199092
arguana,BGE-M3,42,0.005582824951150682,0.3767101039710599
arguana,BGE-M3,43,0.005535111213712524,0.38224521518477245
arguana,BGE-M3,44,0.0054964482098669755,0.38774166339463945
arguana,BGE-M3,45,0.0053883997315888514,0.3931300631262283
arguana,BGE-M3,46,0.005253486956888871,0.39838355008311715
arguana,BGE-M3,47,0.005217675340079079,0.4036012254231962
arguana,BGE-M3,48,0.005163881690748652,0.40876510711394487
arguana,BGE-M3,49,0.005087766295689233,0.4138528734096341
arguana,BGE-M3,50,0.005038035468243792,0.4188909088778779
arguana,BGE-M3,51,0.004947660364782973,0.42383856924266083
arguana,BGE-M3,52,0.004842201679937903,0.42868077092259876
arguana,BGE-M3,53,0.004833491143927086,0.4335142620665258
arguana,BGE-M3,54,0.004815168443827534,0.43832943051035334
arguana,BGE-M3,55,0.004726101736827992,0.4430555322471813
arguana,BGE-M3,56,0.004650058643185193,0.4477055908903665
arguana,BGE-M3,57,0.0046463956589885185,0.452351986549355
arguana,BGE-M3,58,0.0045894394378538945,0.4569414259872089
arguana,BGE-M3,59,0.004570017855834421,0.4615114438430433
arguana,BGE-M3,60,0.004509631788880448,0.4660210756319238
arguana,BGE-M3,61,0.00442124291996296,0.4704423185518868
arguana,BGE-M3,62,0.004362437712955057,0.47480475626484187
arguana,BGE-M3,63,0.004325708517087618,0.4791304647819295
arguana,BGE-M3,64,0.004256741543955612,0.4833872063258851
arguana,BGE-M3,65,0.0042072987472251515,0.48759450507311025
arguana,BGE-M3,66,0.004170692277644097,0.49176519735075436
arguana,BGE-M3,67,0.004160922807052655,0.495926120157807
arguana,BGE-M3,68,0.0041428507310238465,0.5000689708888308
arguana,BGE-M3,69,0.004064942772027169,0.504133913660858
arguana,BGE-M3,70,0.004043971818652848,0.5081778854795109
arguana,BGE-M3,71,0.003998040873999718,0.5121759263535106
arguana,BGE-M3,72,0.003931327319223973,0.5161072536727346
arguana,BGE-M3,73,0.003926670833418395,0.5200339245061529
arguana,BGE-M3,74,0.0038306942317223366,0.5238646187378753
arguana,BGE-M3,75,0.0038157002477719653,0.5276803189856473
arguana,BGE-M3,76,0.0037663228889653604,0.5314466418746127
arguana,BGE-M3,77,0.0037440701719923,0.535190712046605
arguana,BGE-M3,78,0.0037307969286005413,0.5389215089752055
arguana,BGE-M3,79,0.0037029905423218864,0.5426244995175274
arguana,BGE-M3,80,0.0036357499406926915,0.5462602494582202
arguana,BGE-M3,81,0.003582402127052787,0.5498426515852729
arguana,BGE-M3,82,0.0035573241985898127,0.5533999757838627
arguana,BGE-M3,83,0.003526640104433436,0.5569266158882962
arguana,BGE-M3,84,0.0035144369962885193,0.5604410528845847
arguana,BGE-M3,85,0.003483290415494825,0.5639243433000795
arguana,BGE-M3,86,0.003464226857407245,0.5673885701574867
arguana,BGE-M3,87,0.0034182314546538305,0.5708068016121405
arguana,BGE-M3,88,0.0033508801044290102,0.5741576817165694
arguana,BGE-M3,89,0.0033215265934584265,0.5774792083100279
arguana,BGE-M3,90,0.003306250215984247,0.5807854585260122
arguana,BGE-M3,91,0.003290893284910563,0.5840763518109228
arguana,BGE-M3,92,0.003241524021634794,0.5873178758325576
arguana,BGE-M3,93,0.0032130603815831277,0.5905309362141407
arguana,BGE-M3,94,0.003208013065489194,0.5937389492796299
arguana,BGE-M3,95,0.0031914383963436398,0.5969303876759735
arguana,BGE-M3,96,0.0031692742452653624,0.6000996619212389
arguana,BGE-M3,97,0.003138448153915474,0.6032381100751544
arguana,BGE-M3,98,0.00311681371787466,0.606354923793029
arguana,BGE-M3,99,0.0030779376463027745,0.6094328614393318
arguana,BGE-M3,100,0.003046179704132813,0.6124790411434646
arguana,BGE-M3,101,0.0030241054872706986,0.6155031466307354
arguana,BGE-M3,102,0.002998361631745935,0.6185015082624813
arguana,BGE-M3,103,0.0029866445950372474,0.6214881528575186
arguana,BGE-M3,104,0.0029458930368946377,0.6244340458944132
arguana,BGE-M3,105,0.0029052336209249114,0.6273392795153381
arguana,BGE-M3,106,0.0028989500650256107,0.6302382295803637
arguana,BGE-M3,107,0.0028908651277379733,0.6331290947081016
arguana,BGE-M3,108,0.002848751066559925,0.6359778457746615
arguana,BGE-M3,109,0.0028075506385960083,0.6387853964132576
arguana,BGE-M3,110,0.0027727119893848537,0.6415581084026425
arguana,BGE-M3,111,0.0027626900106038146,0.6443207984132463
arguana,BGE-M3,112,0.0027353448762368034,0.6470561432894831
arguana,BGE-M3,113,0.002718129188797243,0.6497742724782803
arguana,BGE-M3,114,0.002712094633806913,0.6524863671120873
arguana,BGE-M3,115,0.0026780767162254146,0.6551644438283127
arguana,BGE-M3,116,0.002662256796655542,0.6578267006249683
arguana,BGE-M3,117,0.0026400688344822743,0.6604667694594506
arguana,BGE-M3,118,0.002615670937112455,0.663082440396563
arguana,BGE-M3,119,0.002585806930492088,0.6656682473270551
arguana,BGE-M3,120,0.0025683430639748864,0.66823659039103
arguana,BGE-M3,121,0.002551060418117389,0.6707876508091474
arguana,BGE-M3,122,0.002530242185279964,0.6733178929944273
arguana,BGE-M3,123,0.002511780065210534,0.6758296730596379
arguana,BGE-M3,124,0.0025073696731195503,0.6783370427327575
arguana,BGE-M3,125,0.0024678189231389543,0.6808048616558965
arguana,BGE-M3,126,0.002455892846084029,0.6832607545019805
arguana,BGE-M3,127,0.00240247461796677,0.6856632291199473
arguana,BGE-M3,128,0.0023920030129102906,0.6880552321328576
arguana,BGE-M3,129,0.0023734538486182757,0.6904286859814759
arguana,BGE-M3,130,0.0023589880187787674,0.6927876740002546
arguana,BGE-M3,131,0.0023413073878687267,0.6951289813881234
arguana,BGE-M3,132,0.0023205837832630735,0.6974495651713865
arguana,BGE-M3,133,0.00231099194982848,0.699760557121215
arguana,BGE-M3,134,0.0022888619472400777,0.7020494190684551
arguana,BGE-M3,135,0.002258147775525145,0.7043075668439802
arguana,BGE-M3,136,0.0022405897765328344,0.7065481566205131
arguana,BGE-M3,137,0.0022268643631999526,0.708775020983713
arguana,BGE-M3,138,0.002197030985291093,0.7109720519690041
arguana,BGE-M3,139,0.0021739342054722098,0.7131459861744763
arguana,BGE-M3,140,0.002162118789564919,0.7153081049640413
arguana,BGE-M3,141,0.002150856046266604,0.7174589610103079
arguana,BGE-M3,142,0.002130339343054726,0.7195893003533627
arguana,BGE-M3,143,0.0021158193460922986,0.7217051196994549
arguana,BGE-M3,144,0.002110058339930373,0.7238151780393853
arguana,BGE-M3,145,0.0020993343695042913,0.7259145124088896
arguana,BGE-M3,146,0.0020806560553023423,0.727995168464192
arguana,BGE-M3,147,0.0020789393182497284,0.7300741077824418
arguana,BGE-M3,148,0.0020461530640316487,0.7321202608464734
arguana,BGE-M3,149,0.002039999611232056,0.7341602604577054
arguana,BGE-M3,150,0.0020107494343984743,0.7361710098921039
arguana,BGE-M3,151,0.0020022438395687543,0.7381732537316726
arguana,BGE-M3,152,0.001993184367607172,0.7401664380992798
arguana,BGE-M3,153,0.001987094095488334,0.7421535321947682
arguana,BGE-M3,154,0.0019732530579711018,0.7441267852527393
arguana,BGE-M3,155,0.0019508258011675533,0.7460776110539069
arguana,BGE-M3,156,0.0019368244955445312,0.7480144355494515
arguana,BGE-M3,157,0.001926953026040616,0.7499413885754921
arguana,BGE-M3,158,0.00190805368775348,0.7518494422632456
arguana,BGE-M3,159,0.0019025695523732144,0.7537520118156188
arguana,BGE-M3,160,0.0018631241491542795,0.755615135964773
arguana,BGE-M3,161,0.0018524590346274674,0.7574675949994005
arguana,BGE-M3,162,0.0018435901058469844,0.7593111851052475
arguana,BGE-M3,163,0.001836450108950353,0.7611476352141979
arguana,BGE-M3,164,0.0018170348669844987,0.7629646700811824
arguana,BGE-M3,165,0.0018131697380478868,0.7647778398192303
arguana,BGE-M3,166,0.001798087946593398,0.7665759277658237
arguana,BGE-M3,167,0.0017794053294394546,0.7683553330952632
arguana,BGE-M3,168,0.001772024991379212,0.7701273580866423
arguana,BGE-M3,169,0.0017544177548114482,0.7718817758414538
arguana,BGE-M3,170,0.001739541982027407,0.7736213178234812
arguana,BGE-M3,171,0.0017241967789483506,0.7753455146024295
arguana,BGE-M3,172,0.001712766703449488,0.777058281305879
arguana,BGE-M3,173,0.001698526184245275,0.7787568074901242
arguana,BGE-M3,174,0.0016740046419249667,0.7804308121320492
arguana,BGE-M3,175,0.0016715184843271213,0.7821023306163764
arguana,BGE-M3,176,0.0016650177440251804,0.7837673483604015
arguana,BGE-M3,177,0.0016477607635098283,0.7854151091239113
arguana,BGE-M3,178,0.0016272511608550057,0.7870423602847664
arguana,BGE-M3,179,0.0016152751930105138,0.7886576354777769
arguana,BGE-M3,180,0.0015930053332496544,0.7902506408110266
arguana,BGE-M3,181,0.0015924744240341114,0.7918431152350607
arguana,BGE-M3,182,0.0015877559239181203,0.7934308711589788
arguana,BGE-M3,183,0.0015708980236020605,0.7950017691825809
arguana,BGE-M3,184,0.0015641573151422138,0.7965659264977232
arguana,BGE-M3,185,0.0015483800213103587,0.7981143065190336
arguana,BGE-M3,186,0.0015475065323875695,0.7996618130514211
arguana,BGE-M3,187,0.0015301339612737394,0.8011919470126949
arguana,BGE-M3,188,0.0015169120496804926,0.8027088590623754
arguana,BGE-M3,189,0.0014878064727217597,0.8041966655350972
arguana,BGE-M3,190,0.0014862849932529263,0.80568295052835
arguana,BGE-M3,191,0.001477771346500405,0.8071607218748504
arguana,BGE-M3,192,0.0014737037624365462,0.8086344256372869
arguana,BGE-M3,193,0.001461065396122175,0.8100954910334092
arguana,BGE-M3,194,0.0014524243319888452,0.811547915365398
arguana,BGE-M3,195,0.0014450184470300087,0.8129929338124281
arguana,BGE-M3,196,0.0014287518251682907,0.8144216856375964
arguana,BGE-M3,197,0.001413080850058588,0.815834766487655
arguana,BGE-M3,198,0.0014040543011442867,0.8172388207887993
arguana,BGE-M3,199,0.0013986660502908542,0.8186374868390901
arguana,BGE-M3,200,0.0013869011099482975,0.8200243879490384
arguana,BGE-M3,201,0.0013737743694989645,0.8213981623185374
arguana,BGE-M3,202,0.001362855312844717,0.8227610176313821
arguana,BGE-M3,203,0.0013509963139556763,0.8241120139453377
arguana,BGE-M3,204,0.0013446795126866528,0.8254566934580244
arguana,BGE-M3,205,0.0013398533218618375,0.8267965467798862
arguana,BGE-M3,206,0.0013306679733434649,0.8281272147532297
arguana,BGE-M3,207,0.0013178386204447104,0.8294450533736744
arguana,BGE-M3,208,0.0013100071584191816,0.8307550605320936
arguana,BGE-M3,209,0.0013068337951291202,0.8320618943272227
arguana,BGE-M3,210,0.001293106161650474,0.8333550004888731
arguana,BGE-M3,211,0.0012802541899316262,0.8346352546788047
arguana,BGE-M3,212,0.0012740813780362263,0.8359093360568409
arguana,BGE-M3,213,0.0012606244714109312,0.8371699605282519
arguana,BGE-M3,214,0.0012551676835582577,0.8384251282118101
arguana,BGE-M3,215,0.0012391361109594795,0.8396642643227696
arguana,BGE-M3,216,0.0012334053484272752,0.840897669671197
arguana,BGE-M3,217,0.0012225863114593994,0.8421202559826564
arguana,BGE-M3,218,0.0012195430063017085,0.8433397989889581
arguana,BGE-M3,219,0.001199450460279267,0.8445392494492373
arguana,BGE-M3,220,0.0011926489286430645,0.8457318983778803
arguana,BGE-M3,221,0.0011825807142774958,0.8469144790921578
arguana,BGE-M3,222,0.0011796004147728311,0.8480940795069306
arguana,BGE-M3,223,0.0011738762596504386,0.8492679557665811
arguana,BGE-M3,224,0.001159925925751195,0.8504278816923323
arguana,BGE-M3,225,0.0011593347406843831,0.8515872164330167
arguana,BGE-M3,226,0.0011491827274259562,0.8527363991604426
arguana,BGE-M3,227,0.001138843362803789,0.8538752425232464
arguana,BGE-M3,228,0.0011353347995068455,0.8550105773227533
arguana,BGE-M3,229,0.0011276238641137928,0.8561382011868671
arguana,BGE-M3,230,0.0011145475860541623,0.8572527487729212
arguana,BGE-M3,231,0.0011096558905002239,0.8583624046634215
arguana,BGE-M3,232,0.0010997495339810722,0.8594621541974026
arguana,BGE-M3,233,0.001091382770105591,0.8605535369675081
arguana,BGE-M3,234,0.001082553019691575,0.8616360899871998
arguana,BGE-M3,235,0.0010778383620518802,0.8627139283492516
arguana,BGE-M3,236,0.0010673188230764697,0.8637812471723281
arguana,BGE-M3,237,0.0010614475153554225,0.8648426946876835
arguana,BGE-M3,238,0.001058509360647773,0.8659012040483313
arguana,BGE-M3,239,0.001040178739547213,0.8669413827878785
arguana,BGE-M3,240,0.0010383033128418748,0.8679796861007203
arguana,BGE-M3,241,0.0010324555514828991,0.8690121416522032
arguana,BGE-M3,242,0.0010259578076840224,0.8700380994598872
arguana,BGE-M3,243,0.0010185151104179747,0.8710566145703051
arguana,BGE-M3,244,0.0010120929191947522,0.8720687074894999
arguana,BGE-M3,245,0.0010096763613410735,0.873078383850841
arguana,BGE-M3,246,0.0009938176649253246,0.8740722015157664
arguana,BGE-M3,247,0.0009881528113829651,0.8750603543271493
arguana,BGE-M3,248,0.0009725181751610616,0.8760328725023104
arguana,BGE-M3,249,0.0009711892941015141,0.877004061796412
arguana,BGE-M3,250,0.0009669109008159213,0.8779709726972279
arguana,BGE-M3,251,0.0009530091476293273,0.8789239818448572
arguana,BGE-M3,252,0.0009507293147755592,0.8798747111596328
arguana,BGE-M3,253,0.0009413002130728563,0.8808160113727056
arguana,BGE-M3,254,0.0009362430992019317,0.8817522544719075
arguana,BGE-M3,255,0.0009281965931343727,0.8826804510650419
arguana,BGE-M3,256,0.0009248004947064926,0.8836052515597483
arguana,BGE-M3,257,0.0009205712558617793,0.8845258228156101
arguana,BGE-M3,258,0.0009096097892232576,0.8854354326048334
arguana,BGE-M3,259,0.0009015267984002353,0.8863369594032336
arguana,BGE-M3,260,0.0008965191731928468,0.8872334785764265
arguana,BGE-M3,261,0.000889839904302433,0.888123318480729
arguana,BGE-M3,262,0.0008844832937151923,0.8890078017744442
arguana,BGE-M3,263,0.0008798766984995741,0.8898876784729437
arguana,BGE-M3,264,0.0008722646478688448,0.8907599431208125
arguana,BGE-M3,265,0.000862845073952552,0.891622788194765
arguana,BGE-M3,266,0.0008597941838103226,0.8924825823785754
arguana,BGE-M3,267,0.0008532692984584538,0.8933358516770338
arguana,BGE-M3,268,0.0008484134236798951,0.8941842651007137
arguana,BGE-M3,269,0.0008355624634790528,0.8950198275641927
arguana,BGE-M3,270,0.0008314608775602129,0.895851288441753
arguana,BGE-M3,271,0.0008278269388436128,0.8966791153805966
arguana,BGE-M3,272,0.0008209752398461814,0.8975000906204428
arguana,BGE-M3,273,0.0008146500660580638,0.8983147406865009
arguana,BGE-M3,274,0.0008096117227333014,0.8991243524092342
arguana,BGE-M3,275,0.0008045064911561458,0.8999288589003903
arguana,BGE-M3,276,0.0008020263775768839,0.9007308852779672
arguana,BGE-M3,277,0.0007977804310494021,0.9015286657090166
arguana,BGE-M3,278,0.0007941883045177961,0.9023228540135344
arguana,BGE-M3,279,0.0007811755311579231,0.9031040295446924
arguana,BGE-M3,280,0.0007751113054692,0.9038791408501615
arguana,BGE-M3,281,0.0007718169900502866,0.9046509578402118
arguana,BGE-M3,282,0.0007654356505873487,0.9054163934907992
arguana,BGE-M3,283,0.0007632516813711005,0.9061796451721703
arguana,BGE-M3,284,0.0007542979148066971,0.9069339430869771
arguana,BGE-M3,285,0.0007474852718085537,0.9076814283587856
arguana,BGE-M3,286,0.0007415788529840673,0.9084230072117697
arguana,BGE-M3,287,0.0007376158315026355,0.9091606230432724
arguana,BGE-M3,288,0.0007327078478089261,0.9098933308910813
arguana,BGE-M3,289,0.0007265028261480651,0.9106198337172293
arguana,BGE-M3,290,0.0007246686058965524,0.9113445023231259
arguana,BGE-M3,291,0.0007160974691468218,0.9120605997922727
arguana,BGE-M3,292,0.0007106920101138266,0.9127712918023866
arguana,BGE-M3,293,0.0007017595685964244,0.913473051370983
arguana,BGE-M3,294,0.0006931233222385369,0.9141661746932216
arguana,BGE-M3,295,0.0006904564860440301,0.9148566311792656
arguana,BGE-M3,296,0.0006884874864275947,0.9155451186656932
arguana,BGE-M3,297,0.0006834748888952767,0.9162285935545885
arguana,BGE-M3,298,0.0006805904815397405,0.9169091840361283
arguana,BGE-M3,299,0.0006720311198054352,0.9175812151559337
arguana,BGE-M3,300,0.0006642666083227643,0.9182454817642565
arguana,BGE-M3,301,0.0006627378232409261,0.9189082195874974
arguana,BGE-M3,302,0.000657072862287021,0.9195652924497844
arguana,BGE-M3,303,0.0006521038424194625,0.9202173962922038
arguana,BGE-M3,304,0.0006447291718339089,0.9208621254640377
arguana,BGE-M3,305,0.0006427959331873455,0.9215049213972251
arguana,BGE-M3,306,0.0006367333237488759,0.922141654720974
arguana,BGE-M3,307,0.000632726641382309,0.9227743813623563
arguana,BGE-M3,308,0.0006277615032442539,0.9234021428656006
arguana,BGE-M3,309,0.0006211101933171658,0.9240232530589177
arguana,BGE-M3,310,0.0006177533968062845,0.924641006455724
arguana,BGE-M3,311,0.000613128323035179,0.9252541347787592
arguana,BGE-M3,312,0.0006060322729257534,0.925860167051685
arguana,BGE-M3,313,0.000602487761231994,0.9264626548129169
arguana,BGE-M3,314,0.0006009307223241888,0.927063585535241
arguana,BGE-M3,315,0.0005974795551929488,0.927661065090434
arguana,BGE-M3,316,0.0005923005925814158,0.9282533656830154
arguana,BGE-M3,317,0.0005850410525152447,0.9288384067355306
arguana,BGE-M3,318,0.0005806599356637335,0.9294190666711943
arguana,BGE-M3,319,0.00057608592424005,0.9299951525954344
arguana,BGE-M3,320,0.0005667525653128214,0.9305619051607472
arguana,BGE-M3,321,0.0005633911565036071,0.9311252963172508
arguana,BGE-M3,322,0.000560678420545913,0.9316859747377968
arguana,BGE-M3,323,0.000555170717570991,0.9322411454553677
arguana,BGE-M3,324,0.0005524137418448018,0.9327935591972125
arguana,BGE-M3,325,0.0005467802756062141,0.9333403394728187
arguana,BGE-M3,326,0.0005459581537294574,0.9338862976265482
arguana,BGE-M3,327,0.0005384128282884485,0.9344247104548367
arguana,BGE-M3,328,0.0005339640577849994,0.9349586745126217
arguana,BGE-M3,329,0.0005330644153390928,0.9354917389279608
arguana,BGE-M3,330,0.0005280273759019133,0.9360197663038627
arguana,BGE-M3,331,0.0005210813898979658,0.9365408476937607
arguana,BGE-M3,332,0.0005177975832411268,0.9370586452770018
arguana,BGE-M3,333,0.0005161714840137918,0.9375748167610156
arguana,BGE-M3,334,0.0005123850172621474,0.9380872017782778
arguana,BGE-M3,335,0.0005052675598537463,0.9385924693381315
arguana,BGE-M3,336,0.0005043882023528264,0.9390968575404843
arguana,BGE-M3,337,0.0004997476495112351,0.9395966051899955
arguana,BGE-M3,338,0.0004972311131738056,0.9400938363031693
arguana,BGE-M3,339,0.0004886653416586369,0.9405825016448279
arguana,BGE-M3,340,0.000487364318163428,0.9410698659629914
arguana,BGE-M3,341,0.0004869906984578864,0.9415568566614493
arguana,BGE-M3,342,0.00048120095718736446,0.9420380576186367
arguana,BGE-M3,343,0.00047726227503628606,0.942515319893673
arguana,BGE-M3,344,0.0004765868914396978,0.9429919067851127
arguana,BGE-M3,345,0.00046843327406910474,0.9434603400591818
arguana,BGE-M3,346,0.0004668530332314041,0.9439271930924131
arguana,BGE-M3,347,0.00046272081417226743,0.9443899139065854
arguana,BGE-M3,348,0.00045564772993588343,0.9448455616365213
arguana,BGE-M3,349,0.00045488756542052015,0.9453004492019419
arguana,BGE-M3,350,0.00045211379845950676,0.9457525630004014
arguana,BGE-M3,351,0.0004479074153502926,0.9462004704157517
arguana,BGE-M3,352,0.00044330273495584533,0.9466437731507076
arguana,BGE-M3,353,0.0004375043383918244,0.9470812774890994
arguana,BGE-M3,354,0.00043541146916271245,0.9475166889582621
arguana,BGE-M3,355,0.00043415012683120565,0.9479508390850934
arguana,BGE-M3,356,0.00042515483526653456,0.9483759939203599
arguana,BGE-M3,357,0.00042357059213669586,0.9487995645124966
arguana,BGE-M3,358,0.00041941450636549994,0.9492189790188621
arguana,BGE-M3,359,0.00041683511720213927,0.9496358141360642
arguana,BGE-M3,360,0.00041616853648136944,0.9500519826725456
arguana,BGE-M3,361,0.00041144589134036916,0.950463428563886
arguana,BGE-M3,362,0.00040994322658213713,0.9508733717904682
arguana,BGE-M3,363,0.000407797575749072,0.9512811693662172
arguana,BGE-M3,364,0.0004038952522145428,0.9516850646184317
arguana,BGE-M3,365,0.00040070489801755473,0.9520857695164493
arguana,BGE-M3,366,0.00039683471416643773,0.9524826042306157
arguana,BGE-M3,367,0.0003936029140071818,0.9528762071446228
arguana,BGE-M3,368,0.00039055116059493594,0.9532667583052178
arguana,BGE-M3,369,0.00038668019307783413,0.9536534384982956
arguana,BGE-M3,370,0.00038361274857579025,0.9540370512468714
arguana,BGE-M3,371,0.000380449971661909,0.9544175012185333
arguana,BGE-M3,372,0.0003796360062672944,0.9547971372248006
arguana,BGE-M3,373,0.000376913759506815,0.9551740509843074
arguana,BGE-M3,374,0.0003728827980937146,0.9555469337824011
arguana,BGE-M3,375,0.000369002830134147,0.9559159366125353
arguana,BGE-M3,376,0.0003657769777132223,0.9562817135902485
arguana,BGE-M3,377,0.00036170982437690955,0.9566434234146254
arguana,BGE-M3,378,0.0003557693219229431,0.9569991927365483
arguana,BGE-M3,379,0.0003554936622774869,0.9573546863988258
arguana,BGE-M3,380,0.00035376533438287244,0.9577084517332087
arguana,BGE-M3,381,0.0003492211710840878,0.9580576729042928
arguana,BGE-M3,382,0.0003446154762521417,0.958402288380545
arguana,BGE-M3,383,0.00034251038237859355,0.9587447987629236
arguana,BGE-M3,384,0.00034043611322378425,0.9590852348761474
arguana,BGE-M3,385,0.0003389540359243764,0.9594241889120717
arguana,BGE-M3,386,0.00033275605303633566,0.959756944965108
arguana,BGE-M3,387,0.00033159071655454404,0.9600885356816625
arguana,BGE-M3,388,0.0003305496206586243,0.9604190853023211
arguana,BGE-M3,389,0.000325602625060982,0.9607446879273821
arguana,BGE-M3,390,0.000320646065996116,0.9610653339933782
arguana,BGE-M3,391,0.00031652980723677235,0.961381863800615
arguana,BGE-M3,392,0.00031478797198654964,0.9616966517726016
arguana,BGE-M3,393,0.0003135497305527623,0.9620102015031543
arguana,BGE-M3,394,0.0003114554107412688,0.9623216569138956
arguana,BGE-M3,395,0.0003083355366294979,0.962629992450525
arguana,BGE-M3,396,0.0003065234229008013,0.9629365158734259
arguana,BGE-M3,397,0.0003041801984233257,0.9632406960718493
arguana,BGE-M3,398,0.00030267167814854813,0.9635433677499978
arguana,BGE-M3,399,0.00030089606630058594,0.9638442638162984
arguana,BGE-M3,400,0.0002948827580505552,0.964139146574349
arguana,BGE-M3,401,0.0002944149335696776,0.9644335615079186
arguana,BGE-M3,402,0.0002918718721690381,0.9647254333800876
arguana,BGE-M3,403,0.00029082182334446067,0.9650162552034321
arguana,BGE-M3,404,0.00028779470708601844,0.9653040499105182
arguana,BGE-M3,405,0.00028242680831396243,0.9655864767188321
arguana,BGE-M3,406,0.00027970714932868264,0.9658661838681608
arguana,BGE-M3,407,0.000278280934586144,0.966144464802747
arguana,BGE-M3,408,0.0002773774694611994,0.9664218422722082
arguana,BGE-M3,409,0.00027519008284222356,0.9666970323550504
arguana,BGE-M3,410,0.00027276156642142756,0.9669697939214719
arguana,BGE-M3,411,0.0002702343348736123,0.9672400282563455
arguana,BGE-M3,412,0.0002684950139403537,0.9675085232702858
arguana,BGE-M3,413,0.0002680618760017099,0.9677765851462875
arguana,BGE-M3,414,0.00026227496093056727,0.9680388601072181
arguana,BGE-M3,415,0.0002598966202376734,0.9682987567274557
arguana,BGE-M3,416,0.0002591379002647014,0.9685578946277204
arguana,BGE-M3,417,0.00025648010089890735,0.9688143747286193
arguana,BGE-M3,418,0.00025568958311637054,0.9690700643117357
arguana,BGE-M3,419,0.0002529376353648908,0.9693230019471006
arguana,BGE-M3,420,0.00025098879229627064,0.9695739907393969
arguana,BGE-M3,421,0.0002490662550407794,0.9698230569944376
arguana,BGE-M3,422,0.00024693176453570583,0.9700699887589733
arguana,BGE-M3,423,0.00024471184539851876,0.9703147006043719
arguana,BGE-M3,424,0.0002416893504385604,0.9705563899548104
arguana,BGE-M3,425,0.0002398023400871214,0.9707961922948976
arguana,BGE-M3,426,0.00023790447999456289,0.9710340967748922
arguana,BGE-M3,427,0.0002336068816920317,0.9712677036565842
arguana,BGE-M3,428,0.00023313392443593582,0.9715008375810201
arguana,BGE-M3,429,0.00023034008850223367,0.9717311776695223
arguana,BGE-M3,430,0.0002288472975647451,0.9719600249670871
arguana,BGE-M3,431,0.0002267524320300601,0.9721867773991172
arguana,BGE-M3,432,0.00022573133470068883,0.9724125087338179
arguana,BGE-M3,433,0.00022316103768195292,0.9726356697714998
arguana,BGE-M3,434,0.00022085068336868673,0.9728565204548685
arguana,BGE-M3,435,0.0002197891276439642,0.9730763095825125
arguana,BGE-M3,436,0.0002191497709648369,0.9732954593534773
arguana,BGE-M3,437,0.00021677231907054394,0.9735122316725479
arguana,BGE-M3,438,0.0002149536954061867,0.973727185367954
arguana,BGE-M3,439,0.00021303817222113487,0.9739402235401752
arguana,BGE-M3,440,0.00021138725093542646,0.9741516107911106
arguana,BGE-M3,441,0.0002095779926892431,0.9743611887837998
arguana,BGE-M3,442,0.00020788514672234434,0.9745690739305222
arguana,BGE-M3,443,0.0002066482884900452,0.9747757222190122
arguana,BGE-M3,444,0.00020409366177657288,0.9749798158807887
arguana,BGE-M3,445,0.00020220440161796782,0.9751820202824067
arguana,BGE-M3,446,0.0002009316926241363,0.9753829519750309
arguana,BGE-M3,447,0.00019889842421040373,0.9755818503992413
arguana,BGE-M3,448,0.0001973215676529115,0.9757791719668942
arguana,BGE-M3,449,0.00019487709060885035,0.9759740490575031
arguana,BGE-M3,450,0.00019299360321204236,0.9761670426607151
arguana,BGE-M3,451,0.00019231383454637585,0.9763593564952614
arguana,BGE-M3,452,0.0001900587635220738,0.9765494152587835
arguana,BGE-M3,453,0.00018923010467583807,0.9767386453634593
arguana,BGE-M3,454,0.00018743432444033185,0.9769260796878997
arguana,BGE-M3,455,0.00018536513718390312,0.9771114448250836
arguana,BGE-M3,456,0.00018363652390797417,0.9772950813489916
arguana,BGE-M3,457,0.00018105626805000162,0.9774761376170416
arguana,BGE-M3,458,0.00018035706409969614,0.9776564946811412
arguana,BGE-M3,459,0.0001796064388213062,0.9778361011199626
arguana,BGE-M3,460,0.00017754636538191783,0.9780136474853445
arguana,BGE-M3,461,0.0001750009386076581,0.9781886484239521
arguana,BGE-M3,462,0.00017404443218165135,0.9783626928561338
arguana,BGE-M3,463,0.00017142724638825348,0.978534120102522
arguana,BGE-M3,464,0.00017094334835652964,0.9787050634508786
arguana,BGE-M3,465,0.00016795959439393646,0.9788730230452726
arguana,BGE-M3,466,0.0001677267894423732,0.9790407498347149
arguana,BGE-M3,467,0.00016709845257021876,0.9792078482872851
arguana,BGE-M3,468,0.00016453269940633488,0.9793723809866914
arguana,BGE-M3,469,0.00016420189819934928,0.9795365828848908
arguana,BGE-M3,470,0.00016348255585743392,0.9797000654407482
arguana,BGE-M3,471,0.00016236334967937717,0.9798624287904275
arguana,BGE-M3,472,0.00016045186887903248,0.9800228806593065
arguana,BGE-M3,473,0.00015920770139328294,0.9801820883606999
arguana,BGE-M3,474,0.00015766703778602822,0.980339755398486
arguana,BGE-M3,475,0.00015510074744382198,0.9804948561459298
arguana,BGE-M3,476,0.00015328882183465037,0.9806481449677644
arguana,BGE-M3,477,0.00015287635718077511,0.9808010213249452
arguana,BGE-M3,478,0.00015171427553563156,0.9809527356004808
arguana,BGE-M3,479,0.0001489501715305762,0.9811016857720114
arguana,BGE-M3,480,0.00014832819778527097,0.9812500139697967
arguana,BGE-M3,481,0.0001474768200053074,0.981397490789802
arguana,BGE-M3,482,0.00014561539775368397,0.9815431061875557
arguana,BGE-M3,483,0.0001451429868307406,0.9816882491743865
arguana,BGE-M3,484,0.00014288274363866054,0.9818311319180251
arguana,BGE-M3,485,0.00014125490248311257,0.9819723868205081
arguana,BGE-M3,486,0.00014024146315613198,0.9821126282836643
arguana,BGE-M3,487,0.00013871800183371636,0.982251346285498
arguana,BGE-M3,488,0.00013824519122937216,0.9823895914767274
arguana,BGE-M3,489,0.0001377511950709685,0.9825273426717984
arguana,BGE-M3,490,0.00013681940831548458,0.9826641620801139
arguana,BGE-M3,491,0.0001350762679028442,0.9827992383480167
arguana,BGE-M3,492,0.00013305714843746567,0.9829322954964542
arguana,BGE-M3,493,0.00013215554158763995,0.9830644510380419
arguana,BGE-M3,494,0.0001320892573882718,0.9831965402954301
arguana,BGE-M3,495,0.00013111273915906286,0.9833276530345892
arguana,BGE-M3,496,0.0001296672123631091,0.9834573202469523
arguana,BGE-M3,497,0.00012794009189060079,0.983585260338843
arguana,BGE-M3,498,0.00012684584027031147,0.9837121061791133
arguana,BGE-M3,499,0.0001256416542743099,0.9838377478333876
arguana,BGE-M3,500,0.00012527763135636522,0.983963025464744
arguana,BGE-M3,501,0.00012402434733885842,0.9840870498120828
arguana,BGE-M3,502,0.00012364024421428795,0.9842106900562971
arguana,BGE-M3,503,0.0001231084051899828,0.9843337984614872
arguana,BGE-M3,504,0.00012207757805906487,0.9844558760395462
arguana,BGE-M3,505,0.00012131009371987315,0.9845771861332661
arguana,BGE-M3,506,0.00011994160533700205,0.9846971277386031
arguana,BGE-M3,507,0.00011825149241472406,0.9848153792310178
arguana,BGE-M3,508,0.0001173326461068283,0.9849327118771246
arguana,BGE-M3,509,0.00011687807431297342,0.9850495899514375
arguana,BGE-M3,510,0.00011490779670918267,0.9851644977481467
arguana,BGE-M3,511,0.00011462474752502832,0.9852791224956717
arguana,BGE-M3,512,0.00011429375027911021,0.9853934162459509
arguana,BGE-M3,513,0.00011263591530642554,0.9855060521612573
arguana,BGE-M3,514,0.00011180963489865351,0.985617861796156
arguana,BGE-M3,515,0.00011053429492643642,0.9857283960910824
arguana,BGE-M3,516,0.00010970272838779955,0.9858380988194703
arguana,BGE-M3,517,0.00010932728627001139,0.9859474261057403
arguana,BGE-M3,518,0.00010874996589585578,0.9860561760716361
arguana,BGE-M3,519,0.00010805007615977542,0.9861642261477959
arguana,BGE-M3,520,0.00010680982320932447,0.9862710359710052
arguana,BGE-M3,521,0.00010674671895388372,0.986377782689959
arguana,BGE-M3,522,0.0001054506594916513,0.9864832333494506
arguana,BGE-M3,523,0.00010489187273787136,0.9865881252221885
arguana,BGE-M3,524,0.00010334439003466867,0.9866914696122232
arguana,BGE-M3,525,0.00010279505933922595,0.9867942646715624
arguana,BGE-M3,526,0.00010225023423439793,0.9868965149057968
arguana,BGE-M3,527,0.00010187497324293696,0.9869983898790398
arguana,BGE-M3,528,0.0001010795083733581,0.9870994693874131
arguana,BGE-M3,529,9.956143144908848e-05,0.9871990308188622
arguana,BGE-M3,530,9.930207234012419e-05,0.9872983328912023
arguana,BGE-M3,531,9.832178091615292e-05,0.9873966546721185
arguana,BGE-M3,532,9.73956168303548e-05,0.9874940502889488
arguana,BGE-M3,533,9.689895669585282e-05,0.9875909492456446
arguana,BGE-M3,534,9.562823523719999e-05,0.9876865774808818
arguana,BGE-M3,535,9.519110621040961e-05,0.9877817685870922
arguana,BGE-M3,536,9.42451910156567e-05,0.9878760137781079
arguana,BGE-M3,537,9.358626621931215e-05,0.9879696000443272
arguana,BGE-M3,538,9.308253574751716e-05,0.9880626825800747
arguana,BGE-M3,539,9.157065166130912e-05,0.988154253231736
arguana,BGE-M3,540,9.114867828660394e-05,0.9882454019100226
arguana,BGE-M3,541,9.041148549390572e-05,0.9883358133955166
arguana,BGE-M3,542,8.994884791096787e-05,0.9884257622434275
arguana,BGE-M3,543,8.96809115427734e-05,0.9885154431549703
arguana,BGE-M3,544,8.903675838040109e-05,0.9886044799133508
arguana,BGE-M3,545,8.80331912204317e-05,0.9886925131045712
arguana,BGE-M3,546,8.726363359459814e-05,0.9887797767381657
arguana,BGE-M3,547,8.673934813558248e-05,0.9888665160863014
arguana,BGE-M3,548,8.63905930719327e-05,0.9889529066793733
arguana,BGE-M3,549,8.599911878780624e-05,0.9890389057981611
arguana,BGE-M3,550,8.563985795182453e-05,0.989124545656113
arguana,BGE-M3,551,8.416478486506585e-05,0.989208710440978
arguana,BGE-M3,552,8.362093757240723e-05,0.9892923313785504
arguana,BGE-M3,553,8.338790207900139e-05,0.9893757192806294
arguana,BGE-M3,554,8.259771607006331e-05,0.9894583169966995
arguana,BGE-M3,555,8.205312419890104e-05,0.9895403701208985
arguana,BGE-M3,556,8.180931748778051e-05,0.9896221794383863
arguana,BGE-M3,557,8.105576746169556e-05,0.9897032352058479
arguana,BGE-M3,558,8.04699169034825e-05,0.9897837051227514
arguana,BGE-M3,559,7.973092399710048e-05,0.9898634360467484
arguana,BGE-M3,560,7.951131328302931e-05,0.9899429473600314
arguana,BGE-M3,561,7.851324166380282e-05,0.9900214606016953
arguana,BGE-M3,562,7.839278586396592e-05,0.9900998533875592
arguana,BGE-M3,563,7.775383604491757e-05,0.9901776072236042
arguana,BGE-M3,564,7.65327270013684e-05,0.9902541399506055
arguana,BGE-M3,565,7.604448670482105e-05,0.9903301844373104
arguana,BGE-M3,566,7.548675071996845e-05,0.9904056711880304
arguana,BGE-M3,567,7.484020332827455e-05,0.9904805113913586
arguana,BGE-M3,568,7.445086520302348e-05,0.9905549622565616
arguana,BGE-M3,569,7.387001505401352e-05,0.9906288322716156
arguana,BGE-M3,570,7.312605714722004e-05,0.9907019583287628
arguana,BGE-M3,571,7.261506542892552e-05,0.9907745733941917
arguana,BGE-M3,572,7.166243443483356e-05,0.9908462358286265
arguana,BGE-M3,573,7.112283909776028e-05,0.9909173586677242
arguana,BGE-M3,574,7.077356872019001e-05,0.9909881322364444
arguana,BGE-M3,575,6.997856401623083e-05,0.9910581108004607
arguana,BGE-M3,576,6.967804117784219e-05,0.9911277888416385
arguana,BGE-M3,577,6.908549696315024e-05,0.9911968743386017
arguana,BGE-M3,578,6.870675930303693e-05,0.9912655810979047
arguana,BGE-M3,579,6.770336188569784e-05,0.9913332844597904
arguana,BGE-M3,580,6.727295370054137e-05,0.991400557413491
arguana,BGE-M3,581,6.689098002345953e-05,0.9914674483935144
arguana,BGE-M3,582,6.623230521912994e-05,0.9915336806987336
arguana,BGE-M3,583,6.585494155474175e-05,0.9915995356402884
arguana,BGE-M3,584,6.567903932121763e-05,0.9916652146796096
arguana,BGE-M3,585,6.508184050616519e-05,0.9917302965201157
arguana,BGE-M3,586,6.497291451127309e-05,0.9917952694346269
arguana,BGE-M3,587,6.401593058914507e-05,0.9918592853652161
arguana,BGE-M3,588,6.37897299602496e-05,0.9919230750951763
arguana,BGE-M3,589,6.323763711530948e-05,0.9919863127322917
arguana,BGE-M3,590,6.274028280891115e-05,0.9920490530151006
arguana,BGE-M3,591,6.19418525894596e-05,0.99211099486769
arguana,BGE-M3,592,6.170483068179718e-05,0.9921726996983719
arguana,BGE-M3,593,6.137531969514673e-05,0.992234075018067
arguana,BGE-M3,594,6.073925198907999e-05,0.9922948142700562
arguana,BGE-M3,595,6.0374416555836945e-05,0.992355188686612
arguana,BGE-M3,596,5.986202575383752e-05,0.9924150507123658
arguana,BGE-M3,597,5.966393077646622e-05,0.9924747146431423
arguana,BGE-M3,598,5.916538626042219e-05,0.9925338800294027
arguana,BGE-M3,599,5.8871784760982515e-05,0.9925927518141636
arguana,BGE-M3,600,5.858194766354297e-05,0.9926513337618271
arguana,BGE-M3,601,5.8464407976331925e-05,0.9927097981698034
arguana,BGE-M3,602,5.7186939699238566e-05,0.9927669851095027
arguana,BGE-M3,603,5.687647672031731e-05,0.992823861586223
arguana,BGE-M3,604,5.6076550378083206e-05,0.9928799381366011
arguana,BGE-M3,605,5.5892503229265305e-05,0.9929358306398304
arguana,BGE-M3,606,5.5148413514084195e-05,0.9929909790533444
arguana,BGE-M3,607,5.48844653850789e-05,0.9930458635187295
arguana,BGE-M3,608,5.477348872409671e-05,0.9931006370074535
arguana,BGE-M3,609,5.4100917492203204e-05,0.9931547379249458
arguana,BGE-M3,610,5.3990387185264064e-05,0.993208728312131
arguana,BGE-M3,611,5.357310285266532e-05,0.9932623014149837
arguana,BGE-M3,612,5.3430142301433334e-05,0.9933157315572851
arguana,BGE-M3,613,5.30735774990546e-05,0.9933688051347842
arguana,BGE-M3,614,5.2472882221030464e-05,0.9934212780170052
arguana,BGE-M3,615,5.227182448182347e-05,0.9934735498414871
arguana,BGE-M3,616,5.19157299664929e-05,0.9935254655714536
arguana,BGE-M3,617,5.114168074426166e-05,0.9935766072521979
arguana,BGE-M3,618,5.069493689294778e-05,0.9936273021890908
arguana,BGE-M3,619,5.0589346244134905e-05,0.9936778915353349
arguana,BGE-M3,620,5.0395466098197515e-05,0.9937282870014331
arguana,BGE-M3,621,4.9868331821650375e-05,0.9937781553332548
arguana,BGE-M3,622,4.9403933751921346e-05,0.9938275592670067
arguana,BGE-M3,623,4.916622013124931e-05,0.993876725487138
arguana,BGE-M3,624,4.8925721108756166e-05,0.9939256512082467
arguana,BGE-M3,625,4.849634391602529e-05,0.9939741475521627
arguana,BGE-M3,626,4.8153216746386374e-05,0.9940223007689091
arguana,BGE-M3,627,4.776232239868713e-05,0.9940700630913077
arguana,BGE-M3,628,4.7389810572625035e-05,0.9941174529018804
arguana,BGE-M3,629,4.705635580462016e-05,0.994164509257685
arguana,BGE-M3,630,4.6911334699699575e-05,0.9942114205923847
arguana,BGE-M3,631,4.665202011537043e-05,0.9942580726125
arguana,BGE-M3,632,4.635638281467833e-05,0.9943044289953147
arguana,BGE-M3,633,4.575976977183992e-05,0.9943501887650865
arguana,BGE-M3,634,4.543389012072365e-05,0.9943956226552072
arguana,BGE-M3,635,4.5222916061338366e-05,0.9944408455712686
arguana,BGE-M3,636,4.489811309254063e-05,0.994485743684361
arguana,BGE-M3,637,4.4698979010001293e-05,0.9945304426633711
arguana,BGE-M3,638,4.464860509878485e-05,0.9945750912684699
arguana,BGE-M3,639,4.430311469749608e-05,0.9946193943831674
arguana,BGE-M3,640,4.404459403217591e-05,0.9946634389771996
arguana,BGE-M3,641,4.349089589393384e-05,0.9947069298730935
arguana,BGE-M3,642,4.308700003184525e-05,0.9947500168731254
arguana,BGE-M3,643,4.285007291959065e-05,0.994792866946045
arguana,BGE-M3,644,4.242918625312901e-05,0.994835296132298
arguana,BGE-M3,645,4.208902766579647e-05,0.9948773851599638
arguana,BGE-M3,646,4.183058421348842e-05,0.9949192157441773
arguana,BGE-M3,647,4.1604732518884664e-05,0.9949608204766962
arguana,BGE-M3,648,4.140305895724896e-05,0.9950022235356535
arguana,BGE-M3,649,4.099488991076961e-05,0.9950432184255642
arguana,BGE-M3,650,4.066385265837003e-05,0.9950838822782225
arguana,BGE-M3,651,4.055062519429814e-05,0.9951244329034168
arguana,BGE-M3,652,4.047469624360198e-05,0.9951649075996604
arguana,BGE-M3,653,4.0253313287457116e-05,0.9952051609129479
arguana,BGE-M3,654,3.976624349749357e-05,0.9952449271564453
arguana,BGE-M3,655,3.949141254301054e-05,0.9952844185689883
arguana,BGE-M3,656,3.8841092650553214e-05,0.9953232596616388
arguana,BGE-M3,657,3.873520107905554e-05,0.9953619948627179
arguana,BGE-M3,658,3.843342697860859e-05,0.9954004282896965
arguana,BGE-M3,659,3.832836405850257e-05,0.995438756653755
arguana,BGE-M3,660,3.816656465275536e-05,0.9954769232184077
arguana,BGE-M3,661,3.780880382755256e-05,0.9955147320222353
arguana,BGE-M3,662,3.756246438291645e-05,0.9955522944866182
arguana,BGE-M3,663,3.711862433724017e-05,0.9955894131109554
arguana,BGE-M3,664,3.700055053734361e-05,0.9956264136614927
arguana,BGE-M3,665,3.6586005414208603e-05,0.995662999666907
arguana,BGE-M3,666,3.646357661261917e-05,0.9956994632435195
arguana,BGE-M3,667,3.59143549926123e-05,0.9957353775985122
arguana,BGE-M3,668,3.584199510855994e-05,0.9957712195936207
arguana,BGE-M3,669,3.552667258278777e-05,0.9958067462662035
arguana,BGE-M3,670,3.5191298615883264e-05,0.9958419375648193
arguana,BGE-M3,671,3.495815573177811e-05,0.995876895720551
arguana,BGE-M3,672,3.452895165537081e-05,0.9959114246722064
arguana,BGE-M3,673,3.4428970951543345e-05,0.9959458536431579
arguana,BGE-M3,674,3.413603330494284e-05,0.9959799896764628
arguana,BGE-M3,675,3.3792416294893595e-05,0.9960137820927577
arguana,BGE-M3,676,3.365063120850151e-05,0.9960474327239662
arguana,BGE-M3,677,3.347364807498737e-05,0.9960809063720412
arguana,BGE-M3,678,3.300360359641753e-05,0.9961139099756375
arguana,BGE-M3,679,3.271416436148422e-05,0.996146624139999
arguana,BGE-M3,680,3.2555185987510016e-05,0.9961791793259865
arguana,BGE-M3,681,3.226635072619605e-05,0.9962114456767127
arguana,BGE-M3,682,3.211917796772954e-05,0.9962435648546805
arguana,BGE-M3,683,3.2062966205584215e-05,0.9962756278208861
arguana,BGE-M3,684,3.169998316157679e-05,0.9963073278040476
arguana,BGE-M3,685,3.152374384692746e-05,0.9963388515478946
arguana,BGE-M3,686,3.1330305385480236e-05,0.9963701818532801
arguana,BGE-M3,687,3.1080077290385125e-05,0.9964012619305704
arguana,BGE-M3,688,3.0957542765594746e-05,0.996432219473336
arguana,BGE-M3,689,3.064583926033746e-05,0.9964628653125964
arguana,BGE-M3,690,3.0477317591916934e-05,0.9964933426301883
arguana,BGE-M3,691,3.0337893437655185e-05,0.9965236805236259
arguana,BGE-M3,692,3.027999762144799e-05,0.9965539605212473
arguana,BGE-M3,693,3.0202855310277546e-05,0.9965841633765576
arguana,BGE-M3,694,2.9696138337052972e-05,0.9966138595148947
arguana,BGE-M3,695,2.942691644422304e-05,0.9966432864313389
arguana,BGE-M3,696,2.9083826944672717e-05,0.9966723702582836
arguana,BGE-M3,697,2.902182506460058e-05,0.9967013920833482
arguana,BGE-M3,698,2.8661272844080454e-05,0.9967300533561922
arguana,BGE-M3,699,2.8396729428375435e-05,0.9967584500856206
arguana,BGE-M3,700,2.8382675130326034e-05,0.9967868327607509
arguana,BGE-M3,701,2.804374179977961e-05,0.9968148765025506
arguana,BGE-M3,702,2.7981855427048022e-05,0.9968428583579777
arguana,BGE-M3,703,2.7916330468183622e-05,0.9968707746884459
arguana,BGE-M3,704,2.7637567208214238e-05,0.9968984122556541
arguana,BGE-M3,705,2.7420210117602447e-05,0.9969258324657717
arguana,BGE-M3,706,2.730029633713137e-05,0.9969531327621088
arguana,BGE-M3,707,2.7047005029268913e-05,0.9969801797671382
arguana,BGE-M3,708,2.6988300797716514e-05,0.9970071680679359
arguana,BGE-M3,709,2.6813769786868227e-05,0.9970339818377227
arguana,BGE-M3,710,2.6628686745881557e-05,0.9970606105244686
arguana,BGE-M3,711,2.6267654135417803e-05,0.997086878178604
arguana,BGE-M3,712,2.6151324394212163e-05,0.9971130295029982
arguana,BGE-M3,713,2.599794481452125e-05,0.9971390274478127
arguana,BGE-M3,714,2.5789178050505797e-05,0.9971648166258632
arguana,BGE-M3,715,2.5420553266910798e-05,0.9971902371791301
arguana,BGE-M3,716,2.5317989586630276e-05,0.9972155551687167
arguana,BGE-M3,717,2.5122245159946297e-05,0.9972406774138767
arguana,BGE-M3,718,2.4819314723032355e-05,0.9972654967285997
arguana,BGE-M3,719,2.459186931225638e-05,0.9972900885979119
arguana,BGE-M3,720,2.4495353864667344e-05,0.9973145839517765
arguana,BGE-M3,721,2.4338855555101645e-05,0.9973389228073316
arguana,BGE-M3,722,2.4252363310462038e-05,0.9973631751706421
arguana,BGE-M3,723,2.4088541229101186e-05,0.9973872637118713
arguana,BGE-M3,724,2.3896415629182133e-05,0.9974111601275004
arguana,BGE-M3,725,2.3851469056873325e-05,0.9974350115965573
arguana,BGE-M3,726,2.3646410116919775e-05,0.9974586580066742
arguana,BGE-M3,727,2.3522174649494305e-05,0.9974821801813237
arguana,BGE-M3,728,2.3380310283876842e-05,0.9975055604916077
arguana,BGE-M3,729,2.293726220834796e-05,0.997528497753816
arguana,BGE-M3,730,2.2851410442244874e-05,0.9975513491642582
arguana,BGE-M3,731,2.260275603187145e-05,0.9975739519202901
arguana,BGE-M3,732,2.2505700116553438e-05,0.9975964576204066
arguana,BGE-M3,733,2.213818099363374e-05,0.9976185958014002
arguana,BGE-M3,734,2.2089248839508184e-05,0.9976406850502397
arguana,BGE-M3,735,2.19421227708019e-05,0.9976626271730106
arguana,BGE-M3,736,2.1856174161390945e-05,0.997684483347172
arguana,BGE-M3,737,2.1704565272054517e-05,0.997706187912444
arguana,BGE-M3,738,2.159322314578116e-05,0.9977277811355898
arguana,BGE-M3,739,2.1331314119800357e-05,0.9977491124497097
arguana,BGE-M3,740,2.119078940018071e-05,0.9977703032391099
arguana,BGE-M3,741,2.1037695842766717e-05,0.9977913409349526
arguana,BGE-M3,742,2.0872926503109533e-05,0.9978122138614557
arguana,BGE-M3,743,2.079733415660256e-05,0.9978330111956123
arguana,BGE-M3,744,2.061672905505009e-05,0.9978536279246674
arguana,BGE-M3,745,2.0463925903376343e-05,0.9978740918505707
arguana,BGE-M3,746,2.0212904907800868e-05,0.9978943047554786
arguana,BGE-M3,747,2.0066967302813468e-05,0.9979143717227814
arguana,BGE-M3,748,1.994734007591024e-05,0.9979343190628573
arguana,BGE-M3,749,1.9935108159153964e-05,0.9979542541710165
arguana,BGE-M3,750,1.983943348216513e-05,0.9979740936044986
arguana,BGE-M3,751,1.952390526523469e-05,0.9979936175097639
arguana,BGE-M3,752,1.9408447822115194e-05,0.998013025957586
arguana,BGE-M3,753,1.9173152361863747e-05,0.9980321991099479
arguana,BGE-M3,754,1.89697726935906e-05,0.9980511688826414
arguana,BGE-M3,755,1.8827671860068127e-05,0.9980699965545016
arguana,BGE-M3,756,1.8757152353509034e-05,0.9980887537068551
arguana,BGE-M3,757,1.860616878266357e-05,0.9981073598756378
arguana,BGE-M3,758,1.8516204416225758e-05,0.998125876080054
arguana,BGE-M3,759,1.8469059546728367e-05,0.9981443451396007
arguana,BGE-M3,760,1.8294382011031404e-05,0.9981626395216118
arguana,BGE-M3,761,1.8197805272207825e-05,0.998180837326884
arguana,BGE-M3,762,1.812596265857891e-05,0.9981989632895426
arguana,BGE-M3,763,1.8014162891681508e-05,0.9982169774524343
arguana,BGE-M3,764,1.7818289794007426e-05,0.9982347957422283
arguana,BGE-M3,765,1.7505295489309673e-05,0.9982523010377176
arguana,BGE-M3,766,1.7424781382288006e-05,0.9982697258190999
arguana,BGE-M3,767,1.7117446576121543e-05,0.9982868432656761
arguana,BGE-M3,768,1.6983280764225738e-05,0.9983038265464403
arguana,BGE-M3,769,1.6902922205895143e-05,0.9983207294686463
arguana,BGE-M3,770,1.6774094646441925e-05,0.9983375035632926
arguana,BGE-M3,771,1.6682074878466712e-05,0.9983541856381711
arguana,BGE-M3,772,1.656724165988903e-05,0.998370752879831
arguana,BGE-M3,773,1.6377937908591676e-05,0.9983871308177396
arguana,BGE-M3,774,1.63303807089777e-05,0.9984034611984486
arguana,BGE-M3,775,1.6307800980725646e-05,0.9984197689994293
arguana,BGE-M3,776,1.609863294838261e-05,0.9984358676323777
arguana,BGE-M3,777,1.584819649998719e-05,0.9984517158288777
arguana,BGE-M3,778,1.565098290001998e-05,0.9984673668117777
arguana,BGE-M3,779,1.554697892909279e-05,0.9984829137907069
arguana,BGE-M3,780,1.544115548293907e-05,0.9984983549461898
arguana,BGE-M3,781,1.5365356271262854e-05,0.998513720302461
arguana,BGE-M3,782,1.5244892925141872e-05,0.9985289651953861
arguana,BGE-M3,783,1.5132851537228407e-05,0.9985440980469233
arguana,BGE-M3,784,1.5122359567158014e-05,0.9985592204064905
arguana,BGE-M3,785,1.497575164803749e-05,0.9985741961581385
arguana,BGE-M3,786,1.4915359978721574e-05,0.9985891115181172
arguana,BGE-M3,787,1.4727594265707298e-05,0.9986038391123829
arguana,BGE-M3,788,1.4435089030897389e-05,0.9986182742014138
arguana,BGE-M3,789,1.4360023308084605e-05,0.9986326342247219
arguana,BGE-M3,790,1.4289150633965994e-05,0.9986469233753559
arguana,BGE-M3,791,1.4187688363155305e-05,0.998661111063719
arguana,BGE-M3,792,1.4132441673614943e-05,0.9986752435053926
arguana,BGE-M3,793,1.4064267600296083e-05,0.9986893077729929
arguana,BGE-M3,794,1.3918558618287879e-05,0.9987032263316112
arguana,BGE-M3,795,1.3834812610241918e-05,0.9987170611442214
arguana,BGE-M3,796,1.3654299880498128e-05,0.998730715444102
arguana,BGE-M3,797,1.3544925391133909e-05,0.9987442603694932
arguana,BGE-M3,798,1.3436269439097352e-05,0.9987576966389322
arguana,BGE-M3,799,1.3316257374489313e-05,0.9987710128963067
arguana,BGE-M3,800,1.3197477080964194e-05,0.9987842103733876
arguana,BGE-M3,801,1.3146938199384517e-05,0.998797357311587
arguana,BGE-M3,802,1.3002630620183389e-05,0.9988103599422072
arguana,BGE-M3,803,1.297531830518941e-05,0.9988233352605125
arguana,BGE-M3,804,1.2750140659810727e-05,0.9988360854011723
arguana,BGE-M3,805,1.2667983254238247e-05,0.9988487533844266
arguana,BGE-M3,806,1.2589284374246025e-05,0.9988613426688008
arguana,BGE-M3,807,1.243691250327094e-05,0.9988737795813041
arguana,BGE-M3,808,1.2355148561673847e-05,0.9988861347298658
arguana,BGE-M3,809,1.230481630411541e-05,0.9988984395461699
arguana,BGE-M3,810,1.2192216206648873e-05,0.9989106317623765
arguana,BGE-M3,811,1.21326112013054e-05,0.9989227643735777
arguana,BGE-M3,812,1.2079962503769885e-05,0.9989348443360815
arguana,BGE-M3,813,1.1990058589577758e-05,0.998946834394671
arguana,BGE-M3,814,1.1884719155310823e-05,0.9989587191138264
arguana,BGE-M3,815,1.1824836953973016e-05,0.9989705439507803
arguana,BGE-M3,816,1.1677705091751277e-05,0.9989822216558721
arguana,BGE-M3,817,1.1503378807873801e-05,0.99899372503468
arguana,BGE-M3,818,1.1395157407861561e-05,0.9990051201920879
arguana,BGE-M3,819,1.1277531258077083e-05,0.9990163977233459
arguana,BGE-M3,820,1.1206441880244994e-05,0.9990276041652262
arguana,BGE-M3,821,1.1129579411689773e-05,0.9990387337446379
arguana,BGE-M3,822,1.1028449160827016e-05,0.9990497621937987
arguana,BGE-M3,823,1.0994457652432396e-05,0.9990607566514511
arguana,BGE-M3,824,1.0924125705107808e-05,0.9990716807771562
arguana,BGE-M3,825,1.0871239696765352e-05,0.999082552016853
arguana,BGE-M3,826,1.0820253364766296e-05,0.9990933722702178
arguana,BGE-M3,827,1.0661148140045802e-05,0.9991040334183579
arguana,BGE-M3,828,1.0537767128063137e-05,0.999114571185486
arguana,BGE-M3,829,1.0489555667951177e-05,0.9991250607411539
arguana,BGE-M3,830,1.0425029622947476e-05,0.9991354857707768
arguana,BGE-M3,831,1.0373012427557546e-05,0.9991458587832044
arguana,BGE-M3,832,1.0196213196020274e-05,0.9991560549964004
arguana,BGE-M3,833,1.0176446827415343e-05,0.9991662314432278
arguana,BGE-M3,834,1.0143526541877754e-05,0.9991763749697696
arguana,BGE-M3,835,1.0005785748409925e-05,0.999186380755518
arguana,BGE-M3,836,9.812521364275591e-06,0.9991961932768822
arguana,BGE-M3,837,9.787179332801331e-06,0.999205980456215
arguana,BGE-M3,838,9.746174241980226e-06,0.999215726630457
arguana,BGE-M3,839,9.61759286579682e-06,0.9992253442233228
arguana,BGE-M3,840,9.513273443201162e-06,0.999234857496766
arguana,BGE-M3,841,9.48279160204405e-06,0.9992443402883681
arguana,BGE-M3,842,9.401015328145224e-06,0.9992537413036962
arguana,BGE-M3,843,9.307251485761888e-06,0.9992630485551819
arguana,BGE-M3,844,9.226099495686247e-06,0.9992722746546776
arguana,BGE-M3,845,9.160922463449292e-06,0.9992814355771411
arguana,BGE-M3,846,9.124249123324837e-06,0.9992905598262645
arguana,BGE-M3,847,9.011903227527577e-06,0.999299571729492
arguana,BGE-M3,848,8.852147595286087e-06,0.9993084238770873
arguana,BGE-M3,849,8.796154021870587e-06,0.9993172200311091
arguana,BGE-M3,850,8.758261654123359e-06,0.9993259782927633
arguana,BGE-M3,851,8.740855253521174e-06,0.9993347191480167
arguana,BGE-M3,852,8.63693995767676e-06,0.9993433560879744
arguana,BGE-M3,853,8.568975064391088e-06,0.9993519250630388
arguana,BGE-M3,854,8.464063821803462e-06,0.9993603891268606
arguana,BGE-M3,855,8.422445154767946e-06,0.9993688115720154
arguana,BGE-M3,856,8.26163385430643e-06,0.9993770732058697
arguana,BGE-M3,857,8.17804129720787e-06,0.9993852512471668
arguana,BGE-M3,858,8.130516407273353e-06,0.9993933817635741
arguana,BGE-M3,859,8.068459920814301e-06,0.9994014502234949
arguana,BGE-M3,860,7.968695458801224e-06,0.9994094189189537
arguana,BGE-M3,861,7.894456874871336e-06,0.9994173133758286
arguana,BGE-M3,862,7.796965791184361e-06,0.9994251103416198
arguana,BGE-M3,863,7.737729650403784e-06,0.9994328480712703
arguana,BGE-M3,864,7.653847842603947e-06,0.9994405019191129
arguana,BGE-M3,865,7.5623253250425395e-06,0.999448064244438
arguana,BGE-M3,866,7.450259295860659e-06,0.9994555145037338
arguana,BGE-M3,867,7.400125537192504e-06,0.9994629146292711
arguana,BGE-M3,868,7.340560399163325e-06,0.9994702551896703
arguana,BGE-M3,869,7.320462568649868e-06,0.9994775756522389
arguana,BGE-M3,870,7.243384995421861e-06,0.9994848190372344
arguana,BGE-M3,871,7.204202957209186e-06,0.9994920232401916
arguana,BGE-M3,872,7.132558074841839e-06,0.9994991557982664
arguana,BGE-M3,873,7.023231776241022e-06,0.9995061790300427
arguana,BGE-M3,874,6.981231297588366e-06,0.9995131602613403
arguana,BGE-M3,875,6.90112382274158e-06,0.999520061385163
arguana,BGE-M3,876,6.846289689610207e-06,0.9995269076748526
arguana,BGE-M3,877,6.819033561067527e-06,0.9995337267084137
arguana,BGE-M3,878,6.768600281747805e-06,0.9995404953086954
arguana,BGE-M3,879,6.733222766943549e-06,0.9995472285314623
arguana,BGE-M3,880,6.569545506038967e-06,0.9995537980769683
arguana,BGE-M3,881,6.5095577696261334e-06,0.9995603076347379
arguana,BGE-M3,882,6.469659992502361e-06,0.9995667772947304
arguana,BGE-M3,883,6.407524108439219e-06,0.9995731848188388
arguana,BGE-M3,884,6.389442011815637e-06,0.9995795742608506
arguana,BGE-M3,885,6.315265786442589e-06,0.9995858895266371
arguana,BGE-M3,886,6.2778222168963705e-06,0.9995921673488539
arguana,BGE-M3,887,6.128503265168905e-06,0.9995982958521191
arguana,BGE-M3,888,6.112891506312269e-06,0.9996044087436254
arguana,BGE-M3,889,6.089593463215092e-06,0.9996104983370887
arguana,BGE-M3,890,5.986411125624199e-06,0.9996164847482143
arguana,BGE-M3,891,5.9295663455333785e-06,0.9996224143145598
arguana,BGE-M3,892,5.882687255928654e-06,0.9996282970018157
arguana,BGE-M3,893,5.854294006730506e-06,0.9996341512958223
arguana,BGE-M3,894,5.719295625025918e-06,0.9996398705914473
arguana,BGE-M3,895,5.637000742197336e-06,0.9996455075921895
arguana,BGE-M3,896,5.617646861824046e-06,0.9996511252390513
arguana,BGE-M3,897,5.569536479463419e-06,0.9996566947755308
arguana,BGE-M3,898,5.529503332411224e-06,0.9996622242788632
arguana,BGE-M3,899,5.512072464637126e-06,0.9996677363513279
arguana,BGE-M3,900,5.468961557319137e-06,0.9996732053128852
arguana,BGE-M3,901,5.4422660201893936e-06,0.9996786475789053
arguana,BGE-M3,902,5.29316908767614e-06,0.999683940747993
arguana,BGE-M3,903,5.285208194608046e-06,0.9996892259561877
arguana,BGE-M3,904,5.174984082177173e-06,0.9996944009402698
arguana,BGE-M3,905,5.128590209270904e-06,0.9996995295304791
arguana,BGE-M3,906,4.9996614802912055e-06,0.9997045291919594
arguana,BGE-M3,907,4.982611067655035e-06,0.999709511803027
arguana,BGE-M3,908,4.93522644989916e-06,0.999714447029477
arguana,BGE-M3,909,4.9006199991448845e-06,0.9997193476494761
arguana,BGE-M3,910,4.785043370345993e-06,0.9997241326928464
arguana,BGE-M3,911,4.76444738711401e-06,0.9997288971402335
arguana,BGE-M3,912,4.752205012336849e-06,0.9997336493452458
arguana,BGE-M3,913,4.678905051002921e-06,0.9997383282502967
arguana,BGE-M3,914,4.579377959067463e-06,0.9997429076282558
arguana,BGE-M3,915,4.5407405639264595e-06,0.9997474483688197
arguana,BGE-M3,916,4.461538303621396e-06,0.9997519099071233
arguana,BGE-M3,917,4.42223608453542e-06,0.9997563321432078
arguana,BGE-M3,918,4.389687639914168e-06,0.9997607218308477
arguana,BGE-M3,919,4.3514928083650305e-06,0.9997650733236562
arguana,BGE-M3,920,4.334836588300217e-06,0.9997694081602445
arguana,BGE-M3,921,4.308147205040559e-06,0.9997737163074496
arguana,BGE-M3,922,4.264755133051579e-06,0.9997779810625826
arguana,BGE-M3,923,4.152477597975705e-06,0.9997821335401806
arguana,BGE-M3,924,4.113316337437062e-06,0.9997862468565181
arguana,BGE-M3,925,4.060197744367399e-06,0.9997903070542624
arguana,BGE-M3,926,4.018934505219898e-06,0.9997943259887676
arguana,BGE-M3,927,3.979925163416477e-06,0.999798305913931
arguana,BGE-M3,928,3.918424770958452e-06,0.999802224338702
arguana,BGE-M3,929,3.878072111891066e-06,0.9998061024108139
arguana,BGE-M3,930,3.8540224080064246e-06,0.9998099564332219
arguana,BGE-M3,931,3.7768519252789197e-06,0.9998137332851472
arguana,BGE-M3,932,3.771526210239434e-06,0.9998175048113574
arguana,BGE-M3,933,3.6757220693380705e-06,0.9998211805334268
arguana,BGE-M3,934,3.6089420678862676e-06,0.9998247894754947
arguana,BGE-M3,935,3.578905903970901e-06,0.9998283683813987
arguana,BGE-M3,936,3.5347823565079144e-06,0.9998319031637551
arguana,BGE-M3,937,3.5128466061486788e-06,0.9998354160103613
arguana,BGE-M3,938,3.4656980012712364e-06,0.9998388817083625
arguana,BGE-M3,939,3.4360911187723045e-06,0.9998423177994813
arguana,BGE-M3,940,3.3840364012599526e-06,0.9998457018358825
arguana,BGE-M3,941,3.3568138336664602e-06,0.9998490586497162
arguana,BGE-M3,942,3.2954730884868244e-06,0.9998523541228047
arguana,BGE-M3,943,3.287683819432314e-06,0.9998556418066241
arguana,BGE-M3,944,3.215406095394527e-06,0.9998588572127195
arguana,BGE-M3,945,3.1647497230437154e-06,0.9998620219624426
arguana,BGE-M3,946,3.1565085547616373e-06,0.9998651784709973
arguana,BGE-M3,947,3.10629659184548e-06,0.9998682847675892
arguana,BGE-M3,948,3.0644837787304116e-06,0.9998713492513679
arguana,BGE-M3,949,3.031133293810102e-06,0.9998743803846617
arguana,BGE-M3,950,2.969732923309003e-06,0.999877350117585
arguana,BGE-M3,951,2.951461615785648e-06,0.9998803015792008
arguana,BGE-M3,952,2.854124809355359e-06,0.9998831557040102
arguana,BGE-M3,953,2.8309622664955416e-06,0.9998859866662767
arguana,BGE-M3,954,2.8116823993976014e-06,0.9998887983486761
arguana,BGE-M3,955,2.779252475394587e-06,0.9998915776011514
arguana,BGE-M3,956,2.7613042232666484e-06,0.9998943389053747
arguana,BGE-M3,957,2.6784676368369454e-06,0.9998970173730115
arguana,BGE-M3,958,2.657763360798173e-06,0.9998996751363723
arguana,BGE-M3,959,2.5934705221078343e-06,0.9999022686068945
arguana,BGE-M3,960,2.550701352923509e-06,0.9999048193082474
arguana,BGE-M3,961,2.509903902032019e-06,0.9999073292121494
arguana,BGE-M3,962,2.4879424924962236e-06,0.9999098171546419
arguana,BGE-M3,963,2.4703801417984577e-06,0.9999122875347837
arguana,BGE-M3,964,2.4002745446892338e-06,0.9999146878093284
arguana,BGE-M3,965,2.3692282915772508e-06,0.9999170570376199
arguana,BGE-M3,966,2.3328746380109405e-06,0.9999193899122579
arguana,BGE-M3,967,2.307666732247327e-06,0.9999216975789902
arguana,BGE-M3,968,2.294504735922943e-06,0.9999239920837261
arguana,BGE-M3,969,2.2427996105207487e-06,0.9999262348833365
arguana,BGE-M3,970,2.224023066332733e-06,0.9999284589064029
arguana,BGE-M3,971,2.1599864126469633e-06,0.9999306188928155
arguana,BGE-M3,972,2.153727864636647e-06,0.9999327726206801
arguana,BGE-M3,973,2.092797669404816e-06,0.9999348654183495
arguana,BGE-M3,974,2.04522114617549e-06,0.9999369106394957
arguana,BGE-M3,975,2.035643688570403e-06,0.9999389462831844
arguana,BGE-M3,976,2.014861637301978e-06,0.9999409611448217
arguana,BGE-M3,977,1.9819580808548674e-06,0.9999429431029025
arguana,BGE-M3,978,1.9408325427182617e-06,0.9999448839354452
arguana,BGE-M3,979,1.9139902776413755e-06,0.9999467979257228
arguana,BGE-M3,980,1.878641290178999e-06,0.999948676567013
arguana,BGE-M3,981,1.8667950010167804e-06,0.999950543362014
arguana,BGE-M3,982,1.8069894785946097e-06,0.9999523503514927
arguana,BGE-M3,983,1.7914333369716384e-06,0.9999541417848297
arguana,BGE-M3,984,1.7797927367431863e-06,0.9999559215775664
arguana,BGE-M3,985,1.7085483165108227e-06,0.9999576301258829
arguana,BGE-M3,986,1.652735019331604e-06,0.9999592828609022
arguana,BGE-M3,987,1.6323893928668542e-06,0.9999609152502951
arguana,BGE-M3,988,1.6110669822935505e-06,0.9999625263172773
arguana,BGE-M3,989,1.5600034474106458e-06,0.9999640863207248
arguana,BGE-M3,990,1.5242274950495259e-06,0.9999656105482198
arguana,BGE-M3,991,1.5100181018457479e-06,0.9999671205663216
arguana,BGE-M3,992,1.4815693187565531e-06,0.9999686021356404
arguana,BGE-M3,993,1.476742832839319e-06,0.9999700788784732
arguana,BGE-M3,994,1.4556361036088472e-06,0.9999715345145769
arguana,BGE-M3,995,1.4137697560758633e-06,0.9999729482843329
arguana,BGE-M3,996,1.3609977697182243e-06,0.9999743092821026
arguana,BGE-M3,997,1.3276213665176297e-06,0.9999756369034691
arguana,BGE-M3,998,1.3129240989882098e-06,0.9999769498275681
arguana,BGE-M3,999,1.2822426385052832e-06,0.9999782320702066
arguana,BGE-M3,1000,1.248173678280971e-06,0.9999794802438849
arguana,BGE-M3,1001,1.2293905084694412e-06,0.9999807096343934
arguana,BGE-M3,1002,1.2038246453402779e-06,0.9999819134590388
arguana,BGE-M3,1003,1.168275052433041e-06,0.9999830817340912
arguana,BGE-M3,1004,1.1233475545097553e-06,0.9999842050816458
arguana,BGE-M3,1005,1.1003449505112863e-06,0.9999853054265962
arguana,BGE-M3,1006,1.07377917510773e-06,0.9999863792057714
arguana,BGE-M3,1007,1.0296635666198162e-06,0.999987408869338
arguana,BGE-M3,1008,1.0271265876633008e-06,0.9999884359959257
arguana,BGE-M3,1009,1.0135905344369287e-06,0.9999894495864601
arguana,BGE-M3,1010,9.96330186192909e-07,0.9999904459166463
arguana,BGE-M3,1011,9.337174598602248e-07,0.9999913796341062
arguana,BGE-M3,1012,8.890452131121127e-07,0.9999922686793193
arguana,BGE-M3,1013,8.618340515630047e-07,0.9999931305133709
arguana,BGE-M3,1014,8.235139319278341e-07,0.9999939540273028
arguana,BGE-M3,1015,8.041981014684964e-07,0.9999947582254043
arguana,BGE-M3,1016,7.747982095406473e-07,0.9999955330236139
arguana,BGE-M3,1017,7.521258718445191e-07,0.9999962851494857
arguana,BGE-M3,1018,7.388002403171543e-07,0.999997023949726
arguana,BGE-M3,1019,6.502680762924452e-07,0.9999976742178023
arguana,BGE-M3,1020,6.164531981414785e-07,0.9999982906710004
arguana,BGE-M3,1021,5.817547347746961e-07,0.9999988724257353
arguana,BGE-M3,1022,5.764625615017467e-07,0.9999994488882967
arguana,BGE-M3,1023,5.469721832152802e-07,0.9999999958604799
arguana,BGE-M3,1024,4.1395201611512725e-09,1.0
arguana,E5,1,0.022665401173513317,0.022665401173513317
arguana,E5,2,0.02019538571721558,0.04286078689072889
arguana,E5,3,0.01597224795267499,0.05883303484340388
arguana,E5,4,0.015115372563888004,0.07394840740729189
arguana,E5,5,0.012488651891969623,0.08643705929926151
arguana,E5,6,0.011774164757858002,0.09821122405711952
arguana,E5,7,0.01097901058607856,0.10919023464319808
arguana,E5,8,0.010151069617855847,0.11934130426105392
arguana,E5,9,0.009759430754150419,0.12910073501520433
arguana,E5,10,0.009368644082856046,0.13846937909806037
arguana,E5,11,0.009089126570653798,0.14755850566871417
arguana,E5,12,0.008588337807920945,0.15614684347663513
arguana,E5,13,0.008444599973142295,0.1645914434497774
arguana,E5,14,0.008259223373044034,0.17285066682282144
arguana,E5,15,0.008184864714161898,0.18103553153698335
arguana,E5,16,0.007851442970903724,0.18888697450788708
arguana,E5,17,0.007556475424658549,0.19644344993254562
arguana,E5,18,0.007535589353409791,0.2039790392859554
arguana,E5,19,0.007270867909090205,0.2112499071950456
arguana,E5,20,0.007112877319285528,0.21836278451433114
arguana,E5,21,0.006920172694961398,0.22528295720929253
arguana,E5,22,0.006907003371131276,0.23218996058042382
arguana,E5,23,0.006689453697855626,0.23887941427827944
arguana,E5,24,0.006659381104497022,0.24553879538277645
arguana,E5,25,0.006409240347653511,0.25194803573042995
arguana,E5,26,0.006335227590951453,0.2582832633213814
arguana,E5,27,0.006299992600024574,0.26458325592140597
arguana,E5,28,0.006035788265608006,0.270619044187014
arguana,E5,29,0.006022391759250442,0.27664143594626445
arguana,E5,30,0.005935061217826448,0.2825764971640909
arguana,E5,31,0.005894229179547406,0.2884707263436383
arguana,E5,32,0.005836320507929128,0.29430704685156744
arguana,E5,33,0.0055991602051818435,0.2999062070567493
arguana,E5,34,0.005585251013940717,0.30549145807069
arguana,E5,35,0.00549977289031165,0.3109912309610017
arguana,E5,36,0.0054592116577583056,0.31645044261876
arguana,E5,37,0.005390494804623266,0.32184093742338327
arguana,E5,38,0.005249012956764036,0.3270899503801473
arguana,E5,39,0.005172763028394417,0.33226271340854174
arguana,E5,40,0.005105605046794815,0.33736831845533655
arguana,E5,41,0.005083755129912505,0.34245207358524904
arguana,E5,42,0.004960156959597718,0.34741223054484677
arguana,E5,43,0.004941172986439697,0.35235340353128647
arguana,E5,44,0.004910518370474004,0.3572639219017605
arguana,E5,45,0.00487906153631032,0.36214298343807083
arguana,E5,46,0.0047984891931531,0.36694147263122395
arguana,E5,47,0.004786060993929344,0.3717275336251533
arguana,E5,48,0.004685719709463614,0.37641325333461695
arguana,E5,49,0.004617908544189799,0.38103116187880676
arguana,E5,50,0.004546554559439131,0.3855777164382459
arguana,E5,51,0.004497522389990256,0.39007523882823614
arguana,E5,52,0.004474554121664475,0.3945497929499006
arguana,E5,53,0.004406114297521979,0.3989559072474226
arguana,E5,54,0.004372246880284266,0.40332815412770684
arguana,E5,55,0.004366910677135597,0.4076950648048424
arguana,E5,56,0.004278594464458007,0.4119736592693004
arguana,E5,57,0.004244778353999584,0.4162184376233
arguana,E5,58,0.004194249427728738,0.42041268705102874
arguana,E5,59,0.004157824330587327,0.42457051138161606
arguana,E5,60,0.004130478554632848,0.4287009899362489
arguana,E5,61,0.004065569323519072,0.432766559259768
arguana,E5,62,0.004058066580331932,0.4368246258400999
arguana,E5,63,0.004018374141425832,0.4408429999815257
arguana,E5,64,0.0040041475739767554,0.4448471475555025
arguana,E5,65,0.003953267433388857,0.44880041498889134
arguana,E5,66,0.0038812167925643525,0.4526816317814557
arguana,E5,67,0.0038590279592656553,0.4565406597407214
arguana,E5,68,0.003802185932471871,0.4603428456731933
arguana,E5,69,0.003780667358159238,0.4641235130313525
arguana,E5,70,0.003768174508552664,0.4678916875399052
arguana,E5,71,0.0037136597963147054,0.4716053473362199
arguana,E5,72,0.0036748282742355073,0.4752801756104554
arguana,E5,73,0.003621917954604859,0.47890209356506025
arguana,E5,74,0.0036069002075704787,0.48250899377263073
arguana,E5,75,0.003575245772698623,0.48608423954532937
arguana,E5,76,0.003568005711841887,0.48965224525717127
arguana,E5,77,0.00353025602287107,0.4931825012800423
arguana,E5,78,0.003513380965967003,0.4966958822460093
arguana,E5,79,0.003454228828380699,0.50015011107439
arguana,E5,80,0.003419394797725287,0.5035695058721152
arguana,E5,81,0.0033857228916809893,0.5069552287637963
arguana,E5,82,0.0033499177107004473,0.5103051464744968
arguana,E5,83,0.003329833564038785,0.5136349800385356
arguana,E5,84,0.003288001749387949,0.5169229817879235
arguana,E5,85,0.0032695625557264386,0.5201925443436499
arguana,E5,86,0.003247022368199321,0.5234395667118492
arguana,E5,87,0.003223487577759972,0.5266630542896091
arguana,E5,88,0.003196277797383259,0.5298593320869924
arguana,E5,89,0.003193200623144721,0.5330525327101372
arguana,E5,90,0.0031804473916231192,0.5362329801017603
arguana,E5,91,0.0031599748019568888,0.5393929549037172
arguana,E5,92,0.003140433054386381,0.5425333879581036
arguana,E5,93,0.0031029255519346172,0.5456363135100382
arguana,E5,94,0.0030777415661267286,0.5487140550761649
arguana,E5,95,0.00306533096660326,0.5517793860427681
arguana,E5,96,0.003035874251246412,0.5548152602940145
arguana,E5,97,0.002990758402533553,0.5578060186965481
arguana,E5,98,0.0029782471901621957,0.5607842658867103
arguana,E5,99,0.002957162329852904,0.5637414282165631
arguana,E5,100,0.0029458040971542736,0.5666872323137174
arguana,E5,101,0.0029141684815579766,0.5696014007952754
arguana,E5,102,0.002903455218709258,0.5725048560139847
arguana,E5,103,0.002876090807599714,0.5753809468215845
arguana,E5,104,0.0028630634321320137,0.5782440102537165
arguana,E5,105,0.002838613472917049,0.5810826237266336
arguana,E5,106,0.002812859342350769,0.5838954830689843
arguana,E5,107,0.0028018748979994563,0.5866973579669837
arguana,E5,108,0.00277247520612742,0.5894698331731112
arguana,E5,109,0.002760738151901427,0.5922305713250127
arguana,E5,110,0.002723643275501799,0.5949542146005145
arguana,E5,111,0.0027131746098643917,0.5976673892103789
arguana,E5,112,0.0026846050858716007,0.6003519942962505
arguana,E5,113,0.002665988145123024,0.6030179824413735
arguana,E5,114,0.002624891281137098,0.6056428737225106
arguana,E5,115,0.0026020490699895887,0.6082449227925002
arguana,E5,116,0.002585573714529229,0.6108304965070295
arguana,E5,117,0.0025641749123846386,0.6133946714194141
arguana,E5,118,0.0025470200741530445,0.6159416914935671
arguana,E5,119,0.0025292511918302792,0.6184709426853974
arguana,E5,120,0.0025099113385951624,0.6209808540239925
arguana,E5,121,0.0024961559469308817,0.6234770099709234
arguana,E5,122,0.0024926408920947635,0.6259696508630181
arguana,E5,123,0.002473186511701913,0.6284428373747201
arguana,E5,124,0.0024371224270887688,0.6308799598018089
arguana,E5,125,0.0024187215003619467,0.6332986813021708
arguana,E5,126,0.002411524036430084,0.6357102053386009
arguana,E5,127,0.002392972740790224,0.6381031780793911
arguana,E5,128,0.0023818979645508043,0.6404850760439419
arguana,E5,129,0.0023635841791530723,0.642848660223095
arguana,E5,130,0.002351054024277285,0.6451997142473722
arguana,E5,131,0.002336859130169647,0.6475365733775419
arguana,E5,132,0.0023236462498706536,0.6498602196274126
arguana,E5,133,0.0023089873313089735,0.6521692069587216
arguana,E5,134,0.0022874902170454477,0.654456697175767
arguana,E5,135,0.0022724436560086526,0.6567291408317757
arguana,E5,136,0.0022698966062498025,0.6589990374380255
arguana,E5,137,0.0022587125943985056,0.6612577500324239
arguana,E5,138,0.0022490376084072046,0.6635067876408312
arguana,E5,139,0.0022339265936349465,0.6657407142344661
arguana,E5,140,0.0022046575655922844,0.6679453718000584
arguana,E5,141,0.0021980884825113017,0.6701434602825698
arguana,E5,142,0.0021747228668192423,0.672318183149389
arguana,E5,143,0.0021686698114952974,0.6744868529608843
arguana,E5,144,0.0021596600432457103,0.67664651300413
arguana,E5,145,0.002146414111183407,0.6787929271153135
arguana,E5,146,0.0021373276678296705,0.6809302547831432
arguana,E5,147,0.0021089922398831317,0.6830392470230263
arguana,E5,148,0.002103174887895705,0.685142421910922
arguana,E5,149,0.0020923866004976615,0.6872348085114197
arguana,E5,150,0.0020757387315548156,0.6893105472429746
arguana,E5,151,0.0020637122560251877,0.6913742594989998
arguana,E5,152,0.0020466563471241025,0.6934209158461239
arguana,E5,153,0.002032969301655365,0.6954538851477793
arguana,E5,154,0.0020131717267020113,0.6974670568744813
arguana,E5,155,0.0020029645510057565,0.6994700214254871
arguana,E5,156,0.0019875303144023483,0.7014575517398894
arguana,E5,157,0.0019778905981552935,0.7034354423380448
arguana,E5,158,0.0019593059898229273,0.7053947483278677
arguana,E5,159,0.0019486748851236528,0.7073434232129914
arguana,E5,160,0.001933835349784376,0.7092772585627758
arguana,E5,161,0.0019276886306512267,0.711204947193427
arguana,E5,162,0.0019146804994284964,0.7131196276928554
arguana,E5,163,0.0019023088165656887,0.7150219365094211
arguana,E5,164,0.0018983048879902637,0.7169202413974114
arguana,E5,165,0.001886754232135154,0.7188069956295465
arguana,E5,166,0.001873513424709305,0.7206805090542558
arguana,E5,167,0.0018544207455481307,0.7225349297998039
arguana,E5,168,0.001834020052563792,0.7243689498523678
arguana,E5,169,0.0018332085772098752,0.7262021584295777
arguana,E5,170,0.0018225385246222138,0.7280246969541999
arguana,E5,171,0.0018092956034946393,0.7298339925576945
arguana,E5,172,0.0018035143085273055,0.7316375068662219
arguana,E5,173,0.0017958891562576517,0.7334333960224795
arguana,E5,174,0.0017822819723778596,0.7352156779948573
arguana,E5,175,0.001772209345234089,0.7369878873400915
arguana,E5,176,0.0017639615470855328,0.738751848887177
arguana,E5,177,0.0017446564624093862,0.7404965053495864
arguana,E5,178,0.0017354416333609831,0.7422319469829475
arguana,E5,179,0.001718813776729003,0.7439507607596765
arguana,E5,180,0.001714571210025325,0.7456653319697018
arguana,E5,181,0.001701837166619935,0.7473671691363217
arguana,E5,182,0.0016959097819578633,0.7490630789182796
arguana,E5,183,0.001695179489630194,0.7507582584079098
arguana,E5,184,0.0016807530001919492,0.7524390114081018
arguana,E5,185,0.0016743915408645176,0.7541134029489663
arguana,E5,186,0.0016552430046393278,0.7557686459536057
arguana,E5,187,0.0016461073864996,0.7574147533401053
arguana,E5,188,0.0016378635129757689,0.7590526168530811
arguana,E5,189,0.0016305232837939881,0.7606831401368751
arguana,E5,190,0.0016219877284698989,0.762305127865345
arguana,E5,191,0.0016172925840450402,0.7639224204493901
arguana,E5,192,0.0016057710632835717,0.7655281915126736
arguana,E5,193,0.0016003465737983325,0.767128538086472
arguana,E5,194,0.0015902569533550212,0.768718795039827
arguana,E5,195,0.0015786588191002214,0.7702974538589272
arguana,E5,196,0.0015597150823167824,0.771857168941244
arguana,E5,197,0.0015546022253008385,0.7734117711665448
arguana,E5,198,0.0015525722727537266,0.7749643434392985
arguana,E5,199,0.001541315141589013,0.7765056585808876
arguana,E5,200,0.001528930438356164,0.7780345890192437
arguana,E5,201,0.0015184564628642184,0.7795530454821079
arguana,E5,202,0.0015136053426633603,0.7810666508247712
arguana,E5,203,0.0015032283756640748,0.7825698792004353
arguana,E5,204,0.0014938319824320426,0.7840637111828673
arguana,E5,205,0.0014850614215972725,0.7855487726044647
arguana,E5,206,0.0014764870065923327,0.787025259611057
arguana,E5,207,0.0014598584182735745,0.7884851180293305
arguana,E5,208,0.0014476445033395006,0.78993276253267
arguana,E5,209,0.0014360331115082696,0.7913687956441783
arguana,E5,210,0.001431490340169631,0.7928002859843479
arguana,E5,211,0.0014207776484389078,0.7942210636327869
arguana,E5,212,0.0014159291650026177,0.7956369927977895
arguana,E5,213,0.001409080736940544,0.7970460735347301
arguana,E5,214,0.0014084990649378569,0.798454572599668
arguana,E5,215,0.0013950962735085172,0.7998496688731765
arguana,E5,216,0.0013854758033452707,0.8012351446765218
arguana,E5,217,0.0013790554416235694,0.8026142001181453
arguana,E5,218,0.0013745798422736685,0.803988779960419
arguana,E5,219,0.0013617481998097487,0.8053505281602287
arguana,E5,220,0.001347211096487379,0.8066977392567161
arguana,E5,221,0.001344963455020601,0.8080427027117366
arguana,E5,222,0.0013362844087159373,0.8093789871204525
arguana,E5,223,0.001332630916660137,0.8107116180371127
arguana,E5,224,0.001317604618263625,0.8120292226553762
arguana,E5,225,0.001316394627681691,0.813345617283058
arguana,E5,226,0.0013050085242558465,0.8146506258073138
arguana,E5,227,0.0013030736339020598,0.8159536994412159
arguana,E5,228,0.0012981899457347882,0.8172518893869507
arguana,E5,229,0.0012852250348380544,0.8185371144217888
arguana,E5,230,0.0012753138277846173,0.8198124282495733
arguana,E5,231,0.001266015642092301,0.8210784438916656
arguana,E5,232,0.001259843638200406,0.822338287529866
arguana,E5,233,0.0012537273062377216,0.8235920148361038
arguana,E5,234,0.0012472692738753053,0.8248392841099791
arguana,E5,235,0.0012397883396660582,0.8260790724496452
arguana,E5,236,0.0012346349359614998,0.8273137073856067
arguana,E5,237,0.0012288421321047169,0.8285425495177114
arguana,E5,238,0.0012231814323708367,0.8297657309500823
arguana,E5,239,0.0012116870060635398,0.8309774179561459
arguana,E5,240,0.001199728469290304,0.8321771464254362
arguana,E5,241,0.0011961635501158256,0.833373309975552
arguana,E5,242,0.001189062308739706,0.8345623722842918
arguana,E5,243,0.001177276034885733,0.8357396483191775
arguana,E5,244,0.001169445468617828,0.8369090937877953
arguana,E5,245,0.0011598877833070612,0.8380689815711024
arguana,E5,246,0.0011586926615452745,0.8392276742326477
arguana,E5,247,0.001147096644627591,0.8403747708772753
arguana,E5,248,0.001141693833602127,0.8415164647108774
arguana,E5,249,0.0011314700543041338,0.8426479347651815
arguana,E5,250,0.0011289478254721522,0.8437768825906536
arguana,E5,251,0.0011278405829277076,0.8449047231735813
arguana,E5,252,0.0011234081775789444,0.8460281313511603
arguana,E5,253,0.001118762904300771,0.8471468942554611
arguana,E5,254,0.0011083931050640304,0.8482552873605251
arguana,E5,255,0.001097287479528411,0.8493525748400536
arguana,E5,256,0.001095256758717771,0.8504478315987714
arguana,E5,257,0.001085590974518944,0.8515334225732903
arguana,E5,258,0.0010848421511346921,0.852618264724425
arguana,E5,259,0.0010756432292940716,0.8536939079537191
arguana,E5,260,0.0010734573696261724,0.8547673653233453
arguana,E5,261,0.0010633185310225182,0.8558306838543678
arguana,E5,262,0.0010588768998083635,0.8568895607541761
arguana,E5,263,0.0010530941923321683,0.8579426549465082
arguana,E5,264,0.001044577225038839,0.858987232171547
arguana,E5,265,0.0010335263613319113,0.860020758532879
arguana,E5,266,0.0010328271518033206,0.8610535856846823
arguana,E5,267,0.0010257746338249729,0.8620793603185073
arguana,E5,268,0.0010193534426814607,0.8630987137611887
arguana,E5,269,0.0010176847024759874,0.8641163984636647
arguana,E5,270,0.0010118888527778922,0.8651282873164426
arguana,E5,271,0.0009985338386620372,0.8661268211551046
arguana,E5,272,0.0009919403920409132,0.8671187615471455
arguana,E5,273,0.000986158339752542,0.8681049198868981
arguana,E5,274,0.000982828631081139,0.8690877485179792
arguana,E5,275,0.000975600356720099,0.8700633488746993
arguana,E5,276,0.0009709302306417154,0.871034279105341
arguana,E5,277,0.0009587821967661626,0.8719930613021072
arguana,E5,278,0.0009530893636515385,0.8729461506657588
arguana,E5,279,0.0009478271503797737,0.8738939778161385
arguana,E5,280,0.000941320123513991,0.8748352979396525
arguana,E5,281,0.0009379455717894626,0.875773243511442
arguana,E5,282,0.0009335075795196186,0.8767067510909616
arguana,E5,283,0.0009303946730604425,0.8776371457640221
arguana,E5,284,0.0009269040932096992,0.8785640498572318
arguana,E5,285,0.0009218496360471862,0.8794858994932789
arguana,E5,286,0.000907698193072497,0.8803935976863514
arguana,E5,287,0.0009068032082589226,0.8813004008946104
arguana,E5,288,0.0009000064269246321,0.882200407321535
arguana,E5,289,0.0008979285827901012,0.8830983359043252
arguana,E5,290,0.0008907566878945305,0.8839890925922197
arguana,E5,291,0.0008881177390981327,0.8848772103313178
arguana,E5,292,0.000881239000036249,0.8857584493313541
arguana,E5,293,0.0008775238078442347,0.8866359731391983
arguana,E5,294,0.0008725678768903484,0.8875085410160887
arguana,E5,295,0.0008649046328356369,0.8883734456489243
arguana,E5,296,0.0008563643178392562,0.8892298099667636
arguana,E5,297,0.0008522800867726773,0.8900820900535362
arguana,E5,298,0.0008472914942108992,0.8909293815477471
arguana,E5,299,0.0008433976059136762,0.8917727791536608
arguana,E5,300,0.0008414938483589314,0.8926142730020198
arguana,E5,301,0.0008379290368927144,0.8934522020389125
arguana,E5,302,0.0008354551203217661,0.8942876571592343
arguana,E5,303,0.0008282082787685806,0.8951158654380029
arguana,E5,304,0.00081392747705554,0.8959297929150585
arguana,E5,305,0.0008043177923281907,0.8967341107073866
arguana,E5,306,0.0008035199649074806,0.8975376306722941
arguana,E5,307,0.0007996091257450338,0.8983372397980391
arguana,E5,308,0.0007927942293039353,0.899130034027343
arguana,E5,309,0.0007908445151853156,0.8999208785425283
arguana,E5,310,0.0007873805397567445,0.9007082590822851
arguana,E5,311,0.0007845903742582078,0.9014928494565433
arguana,E5,312,0.0007793777894233266,0.9022722272459666
arguana,E5,313,0.0007745745837530474,0.9030468018297196
arguana,E5,314,0.0007706585258539491,0.9038174603555735
arguana,E5,315,0.0007681282865670268,0.9045855886421406
arguana,E5,316,0.0007656587472940963,0.9053512473894346
arguana,E5,317,0.0007636678847960767,0.9061149152742307
arguana,E5,318,0.0007544547519155772,0.9068693700261463
arguana,E5,319,0.0007458532155999631,0.9076152232417463
arguana,E5,320,0.0007443486219498339,0.9083595718636961
arguana,E5,321,0.0007397389922050825,0.9090993108559011
arguana,E5,322,0.0007314738704412793,0.9098307847263424
arguana,E5,323,0.0007261122359362732,0.9105568969622787
arguana,E5,324,0.0007249102656534161,0.9112818072279322
arguana,E5,325,0.00072422361439231,0.9120060308423245
arguana,E5,326,0.0007183771434577155,0.9127244079857821
arguana,E5,327,0.0007167272843160777,0.9134411352700982
arguana,E5,328,0.0007071731668675771,0.9141483084369657
arguana,E5,329,0.0007019120458986478,0.9148502204828644
arguana,E5,330,0.0006987750497440706,0.9155489955326084
arguana,E5,331,0.000693756464148056,0.9162427519967564
arguana,E5,332,0.0006916398415914754,0.9169343918383479
arguana,E5,333,0.0006856474334291727,0.917620039271777
arguana,E5,334,0.0006794718253874023,0.9182995110971645
arguana,E5,335,0.0006754747198544799,0.918974985817019
arguana,E5,336,0.0006728117416083232,0.9196477975586272
arguana,E5,337,0.0006653301769438692,0.9203131277355712
arguana,E5,338,0.000663871047189493,0.9209769987827606
arguana,E5,339,0.0006584189879354928,0.9216354177706961
arguana,E5,340,0.0006555708618711016,0.9222909886325672
arguana,E5,341,0.0006552471528392691,0.9229462357854065
arguana,E5,342,0.0006499315656157942,0.9235961673510222
arguana,E5,343,0.0006469646013894834,0.9242431319524117
arguana,E5,344,0.0006399503535117426,0.9248830823059234
arguana,E5,345,0.0006388966595834142,0.9255219789655068
arguana,E5,346,0.0006318043578012238,0.926153783323308
arguana,E5,347,0.0006254251294878542,0.9267792084527958
arguana,E5,348,0.0006233528379499668,0.9274025612907458
arguana,E5,349,0.0006165458500234989,0.9280191071407693
arguana,E5,350,0.0006144573845927173,0.928633564525362
arguana,E5,351,0.0006109283517642459,0.9292444928771263
arguana,E5,352,0.0006090200356312827,0.9298535129127575
arguana,E5,353,0.0006031855826745251,0.930456698495432
arguana,E5,354,0.0006008935061913641,0.9310575920016234
arguana,E5,355,0.0005938059786144615,0.9316513979802379
arguana,E5,356,0.0005878035262967957,0.9322392015065347
arguana,E5,357,0.0005867785615866266,0.9328259800681213
arguana,E5,358,0.0005810135562772385,0.9334069936243986
arguana,E5,359,0.0005791692803095609,0.9339861629047082
arguana,E5,360,0.0005739982284967041,0.9345601611332048
arguana,E5,361,0.0005702387434715986,0.9351303998766765
arguana,E5,362,0.0005698788311573117,0.9357002787078338
arguana,E5,363,0.0005654059297976111,0.9362656846376314
arguana,E5,364,0.0005609277477684423,0.9368266123853998
arguana,E5,365,0.0005569841290770765,0.9373835965144769
arguana,E5,366,0.0005514670585468585,0.9379350635730237
arguana,E5,367,0.0005488515899184444,0.9384839151629422
arguana,E5,368,0.0005462246685118198,0.939030139831454
arguana,E5,369,0.0005404342954554714,0.9395705741269095
arguana,E5,370,0.0005366446601388964,0.9401072187870484
arguana,E5,371,0.0005319419382345913,0.940639160725283
arguana,E5,372,0.0005303957326739347,0.9411695564579569
arguana,E5,373,0.0005226642485100833,0.941692220706467
arguana,E5,374,0.0005214575052199258,0.9422136782116869
arguana,E5,375,0.0005181447421848061,0.9427318229538717
arguana,E5,376,0.0005132276658399046,0.9432450506197116
arguana,E5,377,0.0005094638435807353,0.9437545144632924
arguana,E5,378,0.000508134745113811,0.9442626492084062
arguana,E5,379,0.000507278063698815,0.944769927272105
arguana,E5,380,0.0004988801167268612,0.9452688073888318
arguana,E5,381,0.0004968368192069636,0.9457656442080388
arguana,E5,382,0.0004931171779176079,0.9462587613859563
arguana,E5,383,0.0004889657432604214,0.9467477271292167
arguana,E5,384,0.00048658545398269214,0.9472343125831995
arguana,E5,385,0.00048580253082257635,0.947720115114022
arguana,E5,386,0.00048253550221392043,0.9482026506162359
arguana,E5,387,0.0004751566677545211,0.9486778072839904
arguana,E5,388,0.00047325423963288476,0.9491510615236233
arguana,E5,389,0.0004682386459032821,0.9496193001695266
arguana,E5,390,0.00046456155789178935,0.9500838617274183
arguana,E5,391,0.00046179833583369454,0.950545660063252
arguana,E5,392,0.0004575147241382809,0.9510031747873903
arguana,E5,393,0.0004543512392205731,0.9514575260266108
arguana,E5,394,0.0004522138315981507,0.9519097398582089
arguana,E5,395,0.00045057749049871464,0.9523603173487076
arguana,E5,396,0.00044519982122528717,0.9528055171699329
arguana,E5,397,0.00044436084734786243,0.9532498780172808
arguana,E5,398,0.0004406452578380504,0.9536905232751188
arguana,E5,399,0.0004383071557432447,0.954128830430862
arguana,E5,400,0.0004344645668618536,0.9545632949977239
arguana,E5,401,0.0004330937497331831,0.9549963887474571
arguana,E5,402,0.0004314325388558496,0.9554278212863129
arguana,E5,403,0.00042823212309165564,0.9558560534094045
arguana,E5,404,0.0004234279727854254,0.9562794813821899
arguana,E5,405,0.0004202788517682417,0.9566997602339581
arguana,E5,406,0.00041613923729871035,0.9571158994712567
arguana,E5,407,0.00041362647301281723,0.9575295259442695
arguana,E5,408,0.00041095466394225973,0.9579404806082118
arguana,E5,409,0.0004095617603853568,0.9583500423685971
arguana,E5,410,0.00040187735424129204,0.9587519197228384
arguana,E5,411,0.0003997936601189528,0.9591517133829573
arguana,E5,412,0.000397741802081319,0.9595494551850386
arguana,E5,413,0.00039437095546308496,0.9599438261405018
arguana,E5,414,0.0003912610166996317,0.9603350871572014
arguana,E5,415,0.00038830438491957827,0.9607233915421209
arguana,E5,416,0.00038687656489566434,0.9611102681070166
arguana,E5,417,0.00038218039750236217,0.961492448504519
arguana,E5,418,0.00037969340513420864,0.9618721419096532
arguana,E5,419,0.0003776343034231376,0.9622497762130764
arguana,E5,420,0.0003736085022835913,0.96262338471536
arguana,E5,421,0.00037163468438481854,0.9629950193997449
arguana,E5,422,0.00036844836455661337,0.9633634677643015
arguana,E5,423,0.00036734478523609855,0.9637308125495376
arguana,E5,424,0.0003651312809389294,0.9640959438304766
arguana,E5,425,0.00036136849212810643,0.9644573123226047
arguana,E5,426,0.00036048283093775146,0.9648177951535424
arguana,E5,427,0.00035962103417629284,0.9651774161877187
arguana,E5,428,0.00035396360038447683,0.9655313797881031
arguana,E5,429,0.0003489422953163183,0.9658803220834195
arguana,E5,430,0.0003468714517319403,0.9662271935351514
arguana,E5,431,0.00034492304102558225,0.966572116576177
arguana,E5,432,0.0003440038421999515,0.9669161204183769
arguana,E5,433,0.0003412295784439176,0.9672573499968209
arguana,E5,434,0.00033913880899486893,0.9675964888058157
arguana,E5,435,0.00033731592688343364,0.9679338047326992
arguana,E5,436,0.00033357099919305354,0.9682673757318923
arguana,E5,437,0.00032982632824915596,0.9685972020601414
arguana,E5,438,0.00032359891780719946,0.9689208009779486
arguana,E5,439,0.0003224266063496301,0.9692432275842983
arguana,E5,440,0.00032025172074284363,0.969563479305041
arguana,E5,441,0.00031892184053435615,0.9698824011455754
arguana,E5,442,0.0003162280409270539,0.9701986291865025
arguana,E5,443,0.00031154125234562647,0.9705101704388481
arguana,E5,444,0.0003105558658483328,0.9708207263046965
arguana,E5,445,0.00030750822861511627,0.9711282345333117
arguana,E5,446,0.0003065658187984293,0.97143480035211
arguana,E5,447,0.00030389224590605707,0.9717386925980162
arguana,E5,448,0.00030112315133425674,0.9720398157493504
arguana,E5,449,0.00029777162416664643,0.972337587373517
arguana,E5,450,0.00029634668064649014,0.9726339340541635
arguana,E5,451,0.0002927568014619854,0.9729266908556256
arguana,E5,452,0.0002903893027540687,0.9732170801583796
arguana,E5,453,0.0002892197136804304,0.97350629987206
arguana,E5,454,0.00028618886068006047,0.9737924887327402
arguana,E5,455,0.0002847727929926914,0.9740772615257328
arguana,E5,456,0.0002815654746701033,0.9743588270004029
arguana,E5,457,0.00028068376710696123,0.9746395107675099
arguana,E5,458,0.0002796550902992981,0.9749191658578091
arguana,E5,459,0.00027599843785280947,0.975195164295662
arguana,E5,460,0.00027441175210039435,0.9754695760477624
arguana,E5,461,0.0002719408692664704,0.9757415169170289
arguana,E5,462,0.00026914840065573947,0.9760106653176847
arguana,E5,463,0.00026799092071834533,0.976278656238403
arguana,E5,464,0.0002643287599744842,0.9765429849983776
arguana,E5,465,0.0002616930418067579,0.9768046780401843
arguana,E5,466,0.0002606047179956976,0.97706528275818
arguana,E5,467,0.00025861767620321115,0.9773239004343832
arguana,E5,468,0.00025688447502240675,0.9775807849094056
arguana,E5,469,0.00025518227655213174,0.9778359671859577
arguana,E5,470,0.00025343166875851084,0.9780893988547161
arguana,E5,471,0.0002509865633403118,0.9783403854180565
arguana,E5,472,0.00024788446845426374,0.9785882698865107
arguana,E5,473,0.00024709223738557135,0.9788353621238963
arguana,E5,474,0.0002440651012258813,0.9790794272251222
arguana,E5,475,0.0002438531206155176,0.9793232803457377
arguana,E5,476,0.00024052369601117393,0.9795638040417488
arguana,E5,477,0.0002394347708373629,0.9798032388125861
arguana,E5,478,0.0002367726635150643,0.9800400114761012
arguana,E5,479,0.0002332926477740656,0.9802733041238753
arguana,E5,480,0.00023177402368177756,0.980505078147557
arguana,E5,481,0.00023013933584448197,0.9807352174834015
arguana,E5,482,0.00022922735961236198,0.9809644448430139
arguana,E5,483,0.0002268700595510377,0.981191314902565
arguana,E5,484,0.0002249567223756351,0.9814162716249406
arguana,E5,485,0.00022146232696615604,0.9816377339519068
arguana,E5,486,0.00021989564749073877,0.9818576295993975
arguana,E5,487,0.00021698080826692079,0.9820746104076644
arguana,E5,488,0.00021459220991260522,0.982289202617577
arguana,E5,489,0.00021301746646335454,0.9825022200840404
arguana,E5,490,0.00021149850899249105,0.9827137185930329
arguana,E5,491,0.00020768765825973526,0.9829214062512927
arguana,E5,492,0.0002066104773963491,0.983128016728689
arguana,E5,493,0.0002046817605955962,0.9833326984892846
arguana,E5,494,0.00020352996298533357,0.98353622845227
arguana,E5,495,0.00020231495529575284,0.9837385434075657
arguana,E5,496,0.00020001624810965976,0.9839385596556753
arguana,E5,497,0.0001960895758360343,0.9841346492315114
arguana,E5,498,0.0001952590749196855,0.9843299083064311
arguana,E5,499,0.00019242885191844637,0.9845223371583495
arguana,E5,500,0.00019137975088681517,0.9847137169092363
arguana,E5,501,0.00019107608544050334,0.9849047929946768
arguana,E5,502,0.0001895649867302154,0.985094357981407
arguana,E5,503,0.00018589897647179515,0.9852802569578788
arguana,E5,504,0.00018325359552921606,0.985463510553408
arguana,E5,505,0.000181539678732086,0.9856450502321401
arguana,E5,506,0.00018024174900052695,0.9858252919811407
arguana,E5,507,0.00017810802696812092,0.9860034000081088
arguana,E5,508,0.00017692891304587347,0.9861803289211547
arguana,E5,509,0.00017475754648077485,0.9863550864676355
arguana,E5,510,0.0001728332600717847,0.9865279197277073
arguana,E5,511,0.00017181197653384184,0.9866997317042411
arguana,E5,512,0.00016858716988263069,0.9868683188741237
arguana,E5,513,0.00016730870561711144,0.9870356275797408
arguana,E5,514,0.0001647553728628697,0.9872003829526037
arguana,E5,515,0.00016444184456836526,0.987364824797172
arguana,E5,516,0.00016188251840639837,0.9875267073155785
arguana,E5,517,0.00016127157854092594,0.9876879788941194
arguana,E5,518,0.00015901966430016833,0.9878469985584196
arguana,E5,519,0.00015547060730504176,0.9880024691657247
arguana,E5,520,0.00015432730535439355,0.988156796471079
arguana,E5,521,0.00015313358251817547,0.9883099300535972
arguana,E5,522,0.00015087617675323071,0.9884608062303505
arguana,E5,523,0.00015021863048540106,0.9886110248608359
arguana,E5,524,0.00014914819592769436,0.9887601730567636
arguana,E5,525,0.0001479136544305357,0.9889080867111941
arguana,E5,526,0.00014466096250450995,0.9890527476736987
arguana,E5,527,0.00014263769279436355,0.989195385366493
arguana,E5,528,0.0001418290035132865,0.9893372143700063
arguana,E5,529,0.00013920185038465157,0.989476416220391
arguana,E5,530,0.0001374547190747703,0.9896138709394657
arguana,E5,531,0.00013686497686256281,0.9897507359163283
arguana,E5,532,0.00013581298362240664,0.9898865488999508
arguana,E5,533,0.0001347155249162748,0.990021264424867
arguana,E5,534,0.0001337045022922548,0.9901549689271593
arguana,E5,535,0.00013237405094637992,0.9902873429781056
arguana,E5,536,0.00013024373999383042,0.9904175867180994
arguana,E5,537,0.00012716875625777614,0.9905447554743572
arguana,E5,538,0.00012603923042578684,0.9906707947047829
arguana,E5,539,0.00012494749651889922,0.9907957422013018
arguana,E5,540,0.00012332020689878926,0.9909190624082006
arguana,E5,541,0.00012152775033979478,0.9910405901585404
arguana,E5,542,0.00012033055754584603,0.9911609207160863
arguana,E5,543,0.00011876597664678159,0.991279686692733
arguana,E5,544,0.000118487654105895,0.991398174346839
arguana,E5,545,0.00011711781581142874,0.9915152921626504
arguana,E5,546,0.00011572807204090356,0.9916310202346913
arguana,E5,547,0.00011474927953386176,0.9917457695142251
arguana,E5,548,0.0001135046188229752,0.9918592741330481
arguana,E5,549,0.00011114865959119054,0.9919704227926393
arguana,E5,550,0.00011007702228465808,0.9920804998149239
arguana,E5,551,0.00010913321445257026,0.9921896330293765
arguana,E5,552,0.00010867519932855007,0.992298308228705
arguana,E5,553,0.0001083843406115767,0.9924066925693166
arguana,E5,554,0.00010658386417280041,0.9925132764334894
arguana,E5,555,0.00010516110742265349,0.9926184375409121
arguana,E5,556,0.00010302124784670152,0.9927214587887587
arguana,E5,557,0.00010245506002822833,0.992823913848787
arguana,E5,558,0.00010025167504001275,0.992924165523827
arguana,E5,559,9.853761194348103e-05,0.9930227031357705
arguana,E5,560,9.789526693179345e-05,0.9931205984027023
arguana,E5,561,9.636641444638428e-05,0.9932169648171487
arguana,E5,562,9.487387805424136e-05,0.993311838695203
arguana,E5,563,9.444033579977034e-05,0.9934062790310028
arguana,E5,564,9.225154444264476e-05,0.9934985305754453
arguana,E5,565,9.158537514089616e-05,0.9935901159505862
arguana,E5,566,8.99575557490259e-05,0.9936800735063352
arguana,E5,567,8.962031103332977e-05,0.9937696938173686
arguana,E5,568,8.780207934859751e-05,0.9938574958967171
arguana,E5,569,8.756292387498891e-05,0.9939450588205921
arguana,E5,570,8.640459915804579e-05,0.9940314634197502
arguana,E5,571,8.607711219576862e-05,0.994117540531946
arguana,E5,572,8.306221430830693e-05,0.9942006027462543
arguana,E5,573,8.272632724030627e-05,0.9942833290734946
arguana,E5,574,8.135044961871169e-05,0.9943646795231134
arguana,E5,575,8.089182742211984e-05,0.9944455713505355
arguana,E5,576,7.932887542847787e-05,0.994524900225964
arguana,E5,577,7.874947130725923e-05,0.9946036496972712
arguana,E5,578,7.829664412739882e-05,0.9946819463413986
arguana,E5,579,7.631022564437902e-05,0.994758256567043
arguana,E5,580,7.563932220122416e-05,0.9948338958892442
arguana,E5,581,7.529691402557232e-05,0.9949091928032697
arguana,E5,582,7.471108831262818e-05,0.9949839038915823
arguana,E5,583,7.380823501304916e-05,0.9950577121265953
arguana,E5,584,7.214438960727477e-05,0.9951298565162026
arguana,E5,585,7.18672851122604e-05,0.9952017238013148
arguana,E5,586,7.067289038216626e-05,0.995272396691697
arguana,E5,587,7.020135330912767e-05,0.9953425980450061
arguana,E5,588,6.932884795581773e-05,0.995411926892962
arguana,E5,589,6.899859506660692e-05,0.9954809254880286
arguana,E5,590,6.715873522017278e-05,0.9955480842232487
arguana,E5,591,6.598841760878899e-05,0.9956140726408574
arguana,E5,592,6.55465468777697e-05,0.9956796191877352
arguana,E5,593,6.499415259015927e-05,0.9957446133403254
arguana,E5,594,6.458191333629808e-05,0.9958091952536616
arguana,E5,595,6.27673980321509e-05,0.9958719626516938
arguana,E5,596,6.190999419109485e-05,0.9959338726458848
arguana,E5,597,6.024969471918799e-05,0.995994122340604
arguana,E5,598,5.994205946354834e-05,0.9960540644000676
arguana,E5,599,5.900672265685199e-05,0.9961130711227245
arguana,E5,600,5.849898792177008e-05,0.9961715701106463
arguana,E5,601,5.769388088091633e-05,0.9962292639915272
arguana,E5,602,5.689029828718709e-05,0.9962861542898144
arguana,E5,603,5.654517130136943e-05,0.9963426994611158
arguana,E5,604,5.634681137544399e-05,0.9963990462724912
arguana,E5,605,5.572578623364413e-05,0.9964547720587249
arguana,E5,606,5.455944863733015e-05,0.9965093315073622
arguana,E5,607,5.3971620130833486e-05,0.9965633031274931
arguana,E5,608,5.34070410930227e-05,0.9966167101685861
arguana,E5,609,5.267909652456659e-05,0.9966693892651107
arguana,E5,610,5.156607350969758e-05,0.9967209553386204
arguana,E5,611,5.0778954498872506e-05,0.9967717342931193
arguana,E5,612,5.034895692933217e-05,0.9968220832500486
arguana,E5,613,4.9621189969412276e-05,0.996871704440018
arguana,E5,614,4.867811242647991e-05,0.9969203825524445
arguana,E5,615,4.780374090578605e-05,0.9969681862933503
arguana,E5,616,4.7624259631964416e-05,0.9970158105529823
arguana,E5,617,4.708881243144465e-05,0.9970628993654137
arguana,E5,618,4.561571729596114e-05,0.9971085150827097
arguana,E5,619,4.477501675550034e-05,0.9971532900994652
arguana,E5,620,4.4394000318401686e-05,0.9971976840997836
arguana,E5,621,4.4247534890994194e-05,0.9972419316346746
arguana,E5,622,4.383209309998601e-05,0.9972857637277746
arguana,E5,623,4.2732811240575655e-05,0.9973284965390151
arguana,E5,624,4.195748278861162e-05,0.9973704540218037
arguana,E5,625,4.1632970808987647e-05,0.9974120869926126
arguana,E5,626,4.114324481688431e-05,0.9974532302374295
arguana,E5,627,4.081930669471591e-05,0.9974940495441242
arguana,E5,628,4.013020088166552e-05,0.9975341797450059
arguana,E5,629,3.9584561407360764e-05,0.9975737643064133
arguana,E5,630,3.9055445387557637e-05,0.9976128197518008
arguana,E5,631,3.8645517471175725e-05,0.997651465269272
arguana,E5,632,3.800440841680178e-05,0.9976894696776888
arguana,E5,633,3.786243021786754e-05,0.9977273321079067
arguana,E5,634,3.7461340582142505e-05,0.9977647934484888
arguana,E5,635,3.673822555179706e-05,0.9978015316740406
arguana,E5,636,3.634620987038513e-05,0.997837877883911
arguana,E5,637,3.61543634702516e-05,0.9978740322473812
arguana,E5,638,3.537279138331504e-05,0.9979094050387646
arguana,E5,639,3.5025872017342115e-05,0.9979444309107819
arguana,E5,640,3.486809029214923e-05,0.9979792990010741
arguana,E5,641,3.443605308217273e-05,0.9980137350541562
arguana,E5,642,3.384969522908738e-05,0.9980475847493854
arguana,E5,643,3.370121731489277e-05,0.9980812859667003
arguana,E5,644,3.325511961346061e-05,0.9981145410863138
arguana,E5,645,3.223607851011925e-05,0.9981467771648239
arguana,E5,646,3.190979748265926e-05,0.9981786869623066
arguana,E5,647,3.151797395453256e-05,0.9982102049362611
arguana,E5,648,3.1301723596284356e-05,0.9982415066598574
arguana,E5,649,3.0356513433870044e-05,0.9982718631732913
arguana,E5,650,3.0302894777248855e-05,0.9983021660680685
arguana,E5,651,2.9527004092434037e-05,0.998331693072161
arguana,E5,652,2.9347122250837358e-05,0.9983610401944119
arguana,E5,653,2.8910563475383248e-05,0.9983899507578873
arguana,E5,654,2.842961751566121e-05,0.998418380375403
arguana,E5,655,2.8393672742720954e-05,0.9984467740481457
arguana,E5,656,2.749222225367486e-05,0.9984742662703994
arguana,E5,657,2.7404625219333158e-05,0.9985016708956187
arguana,E5,658,2.700037484630267e-05,0.998528671270465
arguana,E5,659,2.6898373840575313e-05,0.9985555696443056
arguana,E5,660,2.6187702788980815e-05,0.9985817573470945
arguana,E5,661,2.612674319706909e-05,0.9986078840902916
arguana,E5,662,2.5815668059788207e-05,0.9986336997583514
arguana,E5,663,2.5375078983766373e-05,0.9986590748373352
arguana,E5,664,2.52744523085757e-05,0.9986843492896438
arguana,E5,665,2.491028621317944e-05,0.998709259575857
arguana,E5,666,2.416721136657204e-05,0.9987334267872235
arguana,E5,667,2.3858793128424883e-05,0.9987572855803519
arguana,E5,668,2.3699632288522847e-05,0.9987809852126405
arguana,E5,669,2.327918512943662e-05,0.9988042643977699
arguana,E5,670,2.3147321771754248e-05,0.9988274117195417
arguana,E5,671,2.303132785072285e-05,0.9988504430473925
arguana,E5,672,2.2455779193572868e-05,0.998872898826586
arguana,E5,673,2.1922187212207323e-05,0.9988948210137982
arguana,E5,674,2.1481948002404462e-05,0.9989163029618007
arguana,E5,675,2.145744840816803e-05,0.9989377604102089
arguana,E5,676,2.1096586420845242e-05,0.9989588569966297
arguana,E5,677,2.0923207595551005e-05,0.9989797802042252
arguana,E5,678,2.0525547890959863e-05,0.9990003057521162
arguana,E5,679,2.035948759922842e-05,0.9990206652397154
arguana,E5,680,2.0071405948421987e-05,0.9990407366456638
arguana,E5,681,1.978122371533583e-05,0.9990605178693792
arguana,E5,682,1.9491065704851252e-05,0.9990800089350841
arguana,E5,683,1.9270617674150756e-05,0.9990992795527582
arguana,E5,684,1.8755370873068536e-05,0.9991180349236313
arguana,E5,685,1.843609721336465e-05,0.9991364710208447
arguana,E5,686,1.8338750038841337e-05,0.9991548097708836
arguana,E5,687,1.8125448569065335e-05,0.9991729352194526
arguana,E5,688,1.7881570829438663e-05,0.9991908167902821
arguana,E5,689,1.7565158594221572e-05,0.9992083819488763
arguana,E5,690,1.743012380988583e-05,0.9992258120726861
arguana,E5,691,1.699180869471909e-05,0.9992428038813809
arguana,E5,692,1.6793236948766214e-05,0.9992595971183297
arguana,E5,693,1.6671930735931512e-05,0.9992762690490656
arguana,E5,694,1.6403830138520288e-05,0.9992926728792042
arguana,E5,695,1.629314723449576e-05,0.9993089660264387
arguana,E5,696,1.5901074514870313e-05,0.9993248671009536
arguana,E5,697,1.564280007966829e-05,0.9993405099010333
arguana,E5,698,1.554841135543773e-05,0.9993560583123887
arguana,E5,699,1.548560867845695e-05,0.9993715439210672
arguana,E5,700,1.4799361751842757e-05,0.9993863432828191
arguana,E5,701,1.4651975867736292e-05,0.9994009952586868
arguana,E5,702,1.4651541700767392e-05,0.9994156468003875
arguana,E5,703,1.4416575034455393e-05,0.999430063375422
arguana,E5,704,1.425242002697815e-05,0.9994443157954489
arguana,E5,705,1.411361648360179e-05,0.9994584294119325
arguana,E5,706,1.386511821718083e-05,0.9994722945301497
arguana,E5,707,1.375322559363779e-05,0.9994860477557433
arguana,E5,708,1.3452415223657472e-05,0.999499500170967
arguana,E5,709,1.3208307884794323e-05,0.9995127084788518
arguana,E5,710,1.3184624297367768e-05,0.9995258931031491
arguana,E5,711,1.3068962113843655e-05,0.9995389620652629
arguana,E5,712,1.274403374780645e-05,0.9995517060990108
arguana,E5,713,1.2481197526112777e-05,0.9995641872965368
arguana,E5,714,1.2405986383905514e-05,0.9995765932829207
arguana,E5,715,1.2228536167066654e-05,0.9995888218190878
arguana,E5,716,1.2133678031357263e-05,0.9996009554971191
arguana,E5,717,1.2102790993152785e-05,0.9996130582881123
arguana,E5,718,1.1877164023060557e-05,0.9996249354521354
arguana,E5,719,1.1686960288047222e-05,0.9996366224124235
arguana,E5,720,1.1460457407311855e-05,0.9996480828698308
arguana,E5,721,1.1292816563706544e-05,0.9996593756863945
arguana,E5,722,1.0914133519553067e-05,0.999670289819914
arguana,E5,723,1.0771149668066414e-05,0.9996810609695821
arguana,E5,724,1.0517053726228613e-05,0.9996915780233083
arguana,E5,725,1.0405012506859209e-05,0.9997019830358151
arguana,E5,726,1.0311647823407784e-05,0.9997122946836385
arguana,E5,727,1.01312766101122e-05,0.9997224259602486
arguana,E5,728,9.914920782288283e-06,0.9997323408810309
arguana,E5,729,9.903005561585931e-06,0.9997422438865925
arguana,E5,730,9.637518713337109e-06,0.9997518814053058
arguana,E5,731,9.475307540607127e-06,0.9997613567128464
arguana,E5,732,9.413278059066198e-06,0.9997707699909054
arguana,E5,733,9.25781229729452e-06,0.9997800278032027
arguana,E5,734,8.97391246671972e-06,0.9997890017156694
arguana,E5,735,8.796274995348597e-06,0.9997977979906648
arguana,E5,736,8.68435470675382e-06,0.9998064823453716
arguana,E5,737,8.651243663092684e-06,0.9998151335890347
arguana,E5,738,8.56591139555102e-06,0.9998236995004303
arguana,E5,739,8.414985208163936e-06,0.9998321144856385
arguana,E5,740,8.11820432889493e-06,0.9998402326899674
arguana,E5,741,8.008382243610257e-06,0.9998482410722109
arguana,E5,742,7.727160110450322e-06,0.9998559682323214
arguana,E5,743,7.626512549461029e-06,0.9998635947448709
arguana,E5,744,7.413750555563834e-06,0.9998710084954264
arguana,E5,745,7.343060833569506e-06,0.99987835155626
arguana,E5,746,7.20005975727015e-06,0.9998855516160173
arguana,E5,747,7.008858844874886e-06,0.9998925604748622
arguana,E5,748,6.832902961028573e-06,0.9998993933778232
arguana,E5,749,6.749799002280822e-06,0.9999061431768255
arguana,E5,750,6.528135704675214e-06,0.9999126713125301
arguana,E5,751,6.4483160914574e-06,0.9999191196286216
arguana,E5,752,6.395476223988555e-06,0.9999255151048455
arguana,E5,753,6.214521581150399e-06,0.9999317296264266
arguana,E5,754,6.071605216132489e-06,0.9999378012316428
arguana,E5,755,5.935366716184302e-06,0.999943736598359
arguana,E5,756,5.848322769636687e-06,0.9999495849211286
arguana,E5,757,5.657776055222383e-06,0.9999552426971838
arguana,E5,758,5.415039553539547e-06,0.9999606577367374
arguana,E5,759,5.336082291150061e-06,0.9999659938190285
arguana,E5,760,5.172214219310237e-06,0.9999711660332479
arguana,E5,761,5.07142938352211e-06,0.9999762374626314
arguana,E5,762,4.9584587850892535e-06,0.9999811959214165
arguana,E5,763,4.552833190237634e-06,0.9999857487546068
arguana,E5,764,4.447973698683009e-06,0.9999901967283055
arguana,E5,765,4.355033103988429e-06,0.9999945517614095
arguana,E5,766,4.170267566579302e-06,0.9999987220289761
arguana,E5,767,1.2562483208931404e-06,0.999999978277297
arguana,E5,768,2.1722703837718245e-08,1.0000000000000009
