dataset,model,lambda,method,metric,value,baseline,full_oracle,subspace_oracle,retention_vs_full_oracle,retention_vs_subspace_oracle
arguana,BGE-M3,0.0,subspace_oracle_r128,HitRate@5,0.6255924170616114,0.6255924170616114,0.6255924170616114,0.6255924170616114,,
arguana,BGE-M3,0.0,subspace_oracle_r128,HitRate@10,0.7819905213270142,0.7819905213270142,0.7819905213270142,0.7819905213270142,,
arguana,BGE-M3,0.0,subspace_oracle_r128,Recall@5,0.6255924170616114,0.6255924170616114,0.6255924170616114,0.6255924170616114,,
arguana,BGE-M3,0.0,subspace_oracle_r128,Recall@10,0.7819905213270142,0.7819905213270142,0.7819905213270142,0.7819905213270142,,
arguana,BGE-M3,0.0,subspace_oracle_r128,MRR@10,0.270456255171895,0.270456255171895,0.270456255171895,0.270456255171895,,
arguana,BGE-M3,0.0,subspace_oracle_r128,NDCG@10,0.3949765089104899,0.3949765089104899,0.3949765089104899,0.3949765089104899,,
arguana,BGE-M3,0.0,predicted_subspace_r128,HitRate@5,0.6255924170616114,0.6255924170616114,0.6255924170616114,0.6255924170616114,,
arguana,BGE-M3,0.0,predicted_subspace_r128,HitRate@10,0.7819905213270142,0.7819905213270142,0.7819905213270142,0.7819905213270142,,
arguana,BGE-M3,0.0,predicted_subspace_r128,Recall@5,0.6255924170616114,0.6255924170616114,0.6255924170616114,0.6255924170616114,,
arguana,BGE-M3,0.0,predicted_subspace_r128,Recall@10,0.7819905213270142,0.7819905213270142,0.7819905213270142,0.7819905213270142,,
arguana,BGE-M3,0.0,predicted_subspace_r128,MRR@10,0.270456255171895,0.270456255171895,0.270456255171895,0.270456255171895,,
arguana,BGE-M3,0.0,predicted_subspace_r128,NDCG@10,0.3949765089104899,0.3949765089104899,0.3949765089104899,0.3949765089104899,,
arguana,BGE-M3,0.01,subspace_oracle_r128,HitRate@5,0.6303317535545023,0.6255924170616114,0.6303317535545023,0.6303317535545023,1.0,1.0
arguana,BGE-M3,0.01,subspace_oracle_r128,HitRate@10,0.7914691943127962,0.7819905213270142,0.7962085308056872,0.7914691943127962,0.6666666666666641,1.0
arguana,BGE-M3,0.01,subspace_oracle_r128,Recall@5,0.6303317535545023,0.6255924170616114,0.6303317535545023,0.6303317535545023,1.0,1.0
arguana,BGE-M3,0.01,subspace_oracle_r128,Recall@10,0.7914691943127962,0.7819905213270142,0.7962085308056872,0.7914691943127962,0.6666666666666641,1.0
arguana,BGE-M3,0.01,subspace_oracle_r128,MRR@10,0.27407658165952004,0.270456255171895,0.2762205672158279,0.27407658165952004,0.6280587275693289,1.0
arguana,BGE-M3,0.01,subspace_oracle_r128,NDCG@10,0.40000929997035245,0.3949765089104899,0.402815922224861,0.40000929997035245,0.6419856764837872,1.0
arguana,BGE-M3,0.01,predicted_subspace_r128,HitRate@5,0.6255924170616114,0.6255924170616114,0.6303317535545023,0.6303317535545023,0.0,0.0
arguana,BGE-M3,0.01,predicted_subspace_r128,HitRate@10,0.7819905213270142,0.7819905213270142,0.7962085308056872,0.7914691943127962,0.0,0.0
arguana,BGE-M3,0.01,predicted_subspace_r128,Recall@5,0.6255924170616114,0.6255924170616114,0.6303317535545023,0.6303317535545023,0.0,0.0
arguana,BGE-M3,0.01,predicted_subspace_r128,Recall@10,0.7819905213270142,0.7819905213270142,0.7962085308056872,0.7914691943127962,0.0,0.0
arguana,BGE-M3,0.01,predicted_subspace_r128,MRR@10,0.27108816670428043,0.270456255171895,0.2762205672158279,0.27407658165952004,0.10962479608482645,0.1745454545454516
arguana,BGE-M3,0.01,predicted_subspace_r128,NDCG@10,0.39551275153023147,0.3949765089104899,0.402815922224861,0.40000929997035245,0.06840341212250202,0.10654974811455857
arguana,BGE-M3,0.02,subspace_oracle_r128,HitRate@5,0.6350710900473934,0.6255924170616114,0.6445497630331753,0.6350710900473934,0.5,1.0
arguana,BGE-M3,0.02,subspace_oracle_r128,HitRate@10,0.7962085308056872,0.7819905213270142,0.8056872037914692,0.7962085308056872,0.600000000000001,1.0
arguana,BGE-M3,0.02,subspace_oracle_r128,Recall@5,0.6350710900473934,0.6255924170616114,0.6445497630331753,0.6350710900473934,0.5,1.0
arguana,BGE-M3,0.02,subspace_oracle_r128,Recall@10,0.7962085308056872,0.7819905213270142,0.8056872037914692,0.7962085308056872,0.600000000000001,1.0
arguana,BGE-M3,0.02,subspace_oracle_r128,MRR@10,0.2770762807492665,0.270456255171895,0.28745768449559916,0.2770762807492665,0.38938053097344966,1.0
arguana,BGE-M3,0.02,subspace_oracle_r128,NDCG@10,0.4035717843757084,0.3949765089104899,0.414091691854684,0.4035717843757084,0.4496569815895572,1.0
arguana,BGE-M3,0.02,predicted_subspace_r128,HitRate@5,0.6255924170616114,0.6255924170616114,0.6445497630331753,0.6350710900473934,0.0,0.0
arguana,BGE-M3,0.02,predicted_subspace_r128,HitRate@10,0.7819905213270142,0.7819905213270142,0.8056872037914692,0.7962085308056872,0.0,0.0
arguana,BGE-M3,0.02,predicted_subspace_r128,Recall@5,0.6255924170616114,0.6255924170616114,0.6445497630331753,0.6350710900473934,0.0,0.0
arguana,BGE-M3,0.02,predicted_subspace_r128,Recall@10,0.7819905213270142,0.7819905213270142,0.8056872037914692,0.7962085308056872,0.0,0.0
arguana,BGE-M3,0.02,predicted_subspace_r128,MRR@10,0.2702982772887986,0.270456255171895,0.28745768449559916,0.2770762807492665,-0.009292035398229107,-0.023863636363633943
arguana,BGE-M3,0.02,predicted_subspace_r128,NDCG@10,0.394892231371125,0.3949765089104899,0.414091691854684,0.4035717843757084,-0.004408931874256821,-0.009805100453841623
arguana,BGE-M3,0.05,subspace_oracle_r128,HitRate@5,0.6635071090047393,0.6255924170616114,0.7109004739336493,0.6635071090047393,0.44444444444444386,1.0
arguana,BGE-M3,0.05,subspace_oracle_r128,HitRate@10,0.8199052132701422,0.7819905213270142,0.8483412322274881,0.8199052132701422,0.5714285714285722,1.0
arguana,BGE-M3,0.05,subspace_oracle_r128,Recall@5,0.6635071090047393,0.6255924170616114,0.7109004739336493,0.6635071090047393,0.44444444444444386,1.0
arguana,BGE-M3,0.05,subspace_oracle_r128,Recall@10,0.8199052132701422,0.7819905213270142,0.8483412322274881,0.8199052132701422,0.5714285714285722,1.0
arguana,BGE-M3,0.05,subspace_oracle_r128,MRR@10,0.2986665914391033,0.270456255171895,0.3149759271797187,0.2986665914391033,0.6336600202771204,1.0
arguana,BGE-M3,0.05,subspace_oracle_r128,NDCG@10,0.4263789166203784,0.3949765089104899,0.44597997834309594,0.4263789166203784,0.6156916001838346,1.0
arguana,BGE-M3,0.05,predicted_subspace_r128,HitRate@5,0.6303317535545023,0.6255924170616114,0.7109004739336493,0.6635071090047393,0.05555555555555483,0.12499999999999853
arguana,BGE-M3,0.05,predicted_subspace_r128,HitRate@10,0.7819905213270142,0.7819905213270142,0.8483412322274881,0.8199052132701422,0.0,0.0
arguana,BGE-M3,0.05,predicted_subspace_r128,Recall@5,0.6303317535545023,0.6255924170616114,0.7109004739336493,0.6635071090047393,0.05555555555555483,0.12499999999999853
arguana,BGE-M3,0.05,predicted_subspace_r128,Recall@10,0.7819905213270142,0.7819905213270142,0.8483412322274881,0.8199052132701422,0.0,0.0
arguana,BGE-M3,0.05,predicted_subspace_r128,MRR@10,0.2713119687053336,0.270456255171895,0.3149759271797187,0.2986665914391033,0.019221020615071634,0.030333333333331724
arguana,BGE-M3,0.05,predicted_subspace_r128,NDCG@10,0.39578403911300986,0.3949765089104899,0.44597997834309594,0.4263789166203784,0.015832848461161737,0.025715550539319242
arguana,BGE-M3,0.1,subspace_oracle_r128,HitRate@5,0.7345971563981043,0.6255924170616114,0.7914691943127962,0.7345971563981043,0.6571428571428575,1.0
arguana,BGE-M3,0.1,subspace_oracle_r128,HitRate@10,0.8530805687203792,0.7819905213270142,0.9146919431279621,0.8530805687203792,0.535714285714286,1.0
arguana,BGE-M3,0.1,subspace_oracle_r128,Recall@5,0.7345971563981043,0.6255924170616114,0.7914691943127962,0.7345971563981043,0.6571428571428575,1.0
arguana,BGE-M3,0.1,subspace_oracle_r128,Recall@10,0.8530805687203792,0.7819905213270142,0.9146919431279621,0.8530805687203792,0.535714285714286,1.0
arguana,BGE-M3,0.1,subspace_oracle_r128,MRR@10,0.32147746934476795,0.270456255171895,0.3517339953358911,0.32147746934476795,0.6277390841566977,1.0
arguana,BGE-M3,0.1,subspace_oracle_r128,NDCG@10,0.4527109500079911,0.3949765089104899,0.4911138676589402,0.4527109500079911,0.6005411616161325,1.0
arguana,BGE-M3,0.1,predicted_subspace_r128,HitRate@5,0.6303317535545023,0.6255924170616114,0.7914691943127962,0.7345971563981043,0.02857142857142821,0.04347826086956464
arguana,BGE-M3,0.1,predicted_subspace_r128,HitRate@10,0.7914691943127962,0.7819905213270142,0.9146919431279621,0.8530805687203792,0.07142857142857131,0.13333333333333303
arguana,BGE-M3,0.1,predicted_subspace_r128,Recall@5,0.6303317535545023,0.6255924170616114,0.7914691943127962,0.7345971563981043,0.02857142857142821,0.04347826086956464
arguana,BGE-M3,0.1,predicted_subspace_r128,Recall@10,0.7914691943127962,0.7819905213270142,0.9146919431279621,0.8530805687203792,0.07142857142857131,0.13333333333333303
arguana,BGE-M3,0.1,predicted_subspace_r128,MRR@10,0.27484578349507255,0.270456255171895,0.3517339953358911,0.32147746934476795,0.05400652520998628,0.08603339599690282
arguana,BGE-M3,0.1,predicted_subspace_r128,NDCG@10,0.40064363277378234,0.3949765089104899,0.4911138676589402,0.4527109500079911,0.0589481959674057,0.09815846062702618
arguana,BGE-M3,0.2,subspace_oracle_r128,HitRate@5,0.8293838862559242,0.6255924170616114,0.9383886255924171,0.8293838862559242,0.6515151515151515,1.0
arguana,BGE-M3,0.2,subspace_oracle_r128,HitRate@10,0.9289099526066351,0.7819905213270142,0.976303317535545,0.9289099526066351,0.7560975609756101,1.0
arguana,BGE-M3,0.2,subspace_oracle_r128,Recall@5,0.8293838862559242,0.6255924170616114,0.9383886255924171,0.8293838862559242,0.6515151515151515,1.0
arguana,BGE-M3,0.2,subspace_oracle_r128,Recall@10,0.9289099526066351,0.7819905213270142,0.976303317535545,0.9289099526066351,0.7560975609756101,1.0
arguana,BGE-M3,0.2,subspace_oracle_r128,MRR@10,0.36470134657338443,0.270456255171895,0.4230760550665764,0.36470134657338443,0.6175154958041178,1.0
arguana,BGE-M3,0.2,subspace_oracle_r128,NDCG@10,0.5051657325770235,0.3949765089104899,0.563862554121156,0.5051657325770235,0.652447178386379,1.0
arguana,BGE-M3,0.2,predicted_subspace_r128,HitRate@5,0.6398104265402843,0.6255924170616114,0.9383886255924171,0.8293838862559242,0.04545454545454521,0.06976744186046475
arguana,BGE-M3,0.2,predicted_subspace_r128,HitRate@10,0.8009478672985783,0.7819905213270142,0.976303317535545,0.9289099526066351,0.09756097560975653,0.12903225806451665
arguana,BGE-M3,0.2,predicted_subspace_r128,Recall@5,0.6398104265402843,0.6255924170616114,0.9383886255924171,0.8293838862559242,0.04545454545454521,0.06976744186046475
arguana,BGE-M3,0.2,predicted_subspace_r128,Recall@10,0.8009478672985783,0.7819905213270142,0.976303317535545,0.9289099526066351,0.09756097560975653,0.12903225806451665
arguana,BGE-M3,0.2,predicted_subspace_r128,MRR@10,0.2795192958700068,0.270456255171895,0.4230760550665764,0.36470134657338443,0.05938312528496275,0.0961645913154537
arguana,BGE-M3,0.2,predicted_subspace_r128,NDCG@10,0.40646138783075597,0.3949765089104899,0.563862554121156,0.5051657325770235,0.06800371757145465,0.10422869440502489
arguana,BGE-M3,0.3,subspace_oracle_r128,HitRate@5,0.9052132701421801,0.6255924170616114,0.981042654028436,0.9052132701421801,0.7866666666666666,1.0
arguana,BGE-M3,0.3,subspace_oracle_r128,HitRate@10,0.966824644549763,0.7819905213270142,0.995260663507109,0.966824644549763,0.8666666666666668,1.0
arguana,BGE-M3,0.3,subspace_oracle_r128,Recall@5,0.9052132701421801,0.6255924170616114,0.981042654028436,0.9052132701421801,0.7866666666666666,1.0
arguana,BGE-M3,0.3,subspace_oracle_r128,Recall@10,0.966824644549763,0.7819905213270142,0.995260663507109,0.966824644549763,0.8666666666666668,1.0
arguana,BGE-M3,0.3,subspace_oracle_r128,MRR@10,0.4066651621153991,0.270456255171895,0.4685624012638231,0.4066651621153991,0.6875551800412011,1.0
arguana,BGE-M3,0.3,subspace_oracle_r128,NDCG@10,0.5482785125177376,0.3949765089104899,0.6048451356418239,0.5482785125177376,0.7304665113356809,1.0
arguana,BGE-M3,0.3,predicted_subspace_r128,HitRate@5,0.6635071090047393,0.6255924170616114,0.981042654028436,0.9052132701421801,0.10666666666666652,0.13559322033898286
arguana,BGE-M3,0.3,predicted_subspace_r128,HitRate@10,0.8151658767772512,0.7819905213270142,0.995260663507109,0.966824644549763,0.1555555555555556,0.17948717948717952
arguana,BGE-M3,0.3,predicted_subspace_r128,Recall@5,0.6635071090047393,0.6255924170616114,0.981042654028436,0.9052132701421801,0.10666666666666652,0.13559322033898286
arguana,BGE-M3,0.3,predicted_subspace_r128,Recall@10,0.8151658767772512,0.7819905213270142,0.995260663507109,0.966824644549763,0.1555555555555556,0.17948717948717952
arguana,BGE-M3,0.3,predicted_subspace_r128,MRR@10,0.2870044384262394,0.270456255171895,0.4685624012638231,0.4066651621153991,0.08353190237048727,0.12149119779081834
arguana,BGE-M3,0.3,predicted_subspace_r128,NDCG@10,0.4158566076593138,0.3949765089104899,0.6048451356418239,0.5482785125177376,0.09949128211313756,0.13620238651490624
arguana,BGE-M3,0.5,subspace_oracle_r128,HitRate@5,0.990521327014218,0.6255924170616114,1.0,0.990521327014218,0.9746835443037976,1.0
arguana,BGE-M3,0.5,subspace_oracle_r128,HitRate@10,0.995260663507109,0.7819905213270142,1.0,0.995260663507109,0.9782608695652172,1.0
arguana,BGE-M3,0.5,subspace_oracle_r128,Recall@5,0.990521327014218,0.6255924170616114,1.0,0.990521327014218,0.9746835443037976,1.0
arguana,BGE-M3,0.5,subspace_oracle_r128,Recall@10,0.995260663507109,0.7819905213270142,1.0,0.995260663507109,0.9782608695652172,1.0
arguana,BGE-M3,0.5,subspace_oracle_r128,MRR@10,0.4691604603926879,0.270456255171895,0.5643759873617694,0.4691604603926879,0.6760492184050727,1.0
arguana,BGE-M3,0.5,subspace_oracle_r128,NDCG@10,0.605319181604493,0.3949765089104899,0.6782239001906227,0.605319181604493,0.7426111560758326,1.0
arguana,BGE-M3,0.5,predicted_subspace_r128,HitRate@5,0.6777251184834123,0.6255924170616114,1.0,0.990521327014218,0.1392405063291139,0.14285714285714282
arguana,BGE-M3,0.5,predicted_subspace_r128,HitRate@10,0.8246445497630331,0.7819905213270142,1.0,0.995260663507109,0.19565217391304343,0.2
arguana,BGE-M3,0.5,predicted_subspace_r128,Recall@5,0.6777251184834123,0.6255924170616114,1.0,0.990521327014218,0.1392405063291139,0.14285714285714282
arguana,BGE-M3,0.5,predicted_subspace_r128,Recall@10,0.8246445497630331,0.7819905213270142,1.0,0.995260663507109,0.19565217391304343,0.2
arguana,BGE-M3,0.5,predicted_subspace_r128,MRR@10,0.29251109606559844,0.270456255171895,0.5643759873617694,0.4691604603926879,0.0750369521956963,0.1109933273389807
arguana,BGE-M3,0.5,predicted_subspace_r128,NDCG@10,0.4227459853799829,0.3949765089104899,0.6782239001906227,0.605319181604493,0.09803965481902317,0.13202017504974264
arguana,BGE-M3,0.75,subspace_oracle_r128,HitRate@5,1.0,0.6255924170616114,1.0,1.0,1.0,1.0
arguana,BGE-M3,0.75,subspace_oracle_r128,HitRate@10,1.0,0.7819905213270142,1.0,1.0,1.0,1.0
arguana,BGE-M3,0.75,subspace_oracle_r128,Recall@5,1.0,0.6255924170616114,1.0,1.0,1.0,1.0
arguana,BGE-M3,0.75,subspace_oracle_r128,Recall@10,1.0,0.7819905213270142,1.0,1.0,1.0,1.0
arguana,BGE-M3,0.75,subspace_oracle_r128,MRR@10,0.514612954186414,0.270456255171895,0.990521327014218,0.514612954186414,0.339075881558637,1.0
arguana,BGE-M3,0.75,subspace_oracle_r128,NDCG@10,0.6412669655765418,0.3949765089104899,0.9930034076506437,0.6412669655765418,0.4118384259719839,1.0
arguana,BGE-M3,0.75,predicted_subspace_r128,HitRate@5,0.7061611374407583,0.6255924170616114,1.0,1.0,0.2151898734177214,0.2151898734177214
arguana,BGE-M3,0.75,predicted_subspace_r128,HitRate@10,0.8388625592417062,0.7819905213270142,1.0,1.0,0.2608695652173914,0.2608695652173914
arguana,BGE-M3,0.75,predicted_subspace_r128,Recall@5,0.7061611374407583,0.6255924170616114,1.0,1.0,0.2151898734177214,0.2151898734177214
arguana,BGE-M3,0.75,predicted_subspace_r128,Recall@10,0.8388625592417062,0.7819905213270142,1.0,1.0,0.2608695652173914,0.2608695652173914
arguana,BGE-M3,0.75,predicted_subspace_r128,MRR@10,0.30204618972391484,0.270456255171895,0.990521327014218,0.514612954186414,0.04387094415119374,0.12938385340039898
arguana,BGE-M3,0.75,predicted_subspace_r128,NDCG@10,0.4337836037408016,0.3949765089104899,0.9930034076506437,0.6412669655765418,0.06489188849542636,0.15756637652806288
arguana,BGE-M3,1.0,subspace_oracle_r128,HitRate@5,1.0,0.6255924170616114,1.0,1.0,1.0,1.0
arguana,BGE-M3,1.0,subspace_oracle_r128,HitRate@10,1.0,0.7819905213270142,1.0,1.0,1.0,1.0
arguana,BGE-M3,1.0,subspace_oracle_r128,Recall@5,1.0,0.6255924170616114,1.0,1.0,1.0,1.0
arguana,BGE-M3,1.0,subspace_oracle_r128,Recall@10,1.0,0.7819905213270142,1.0,1.0,1.0,1.0
arguana,BGE-M3,1.0,subspace_oracle_r128,MRR@10,0.8507109004739336,0.270456255171895,0.9976303317535545,0.8507109004739336,0.7979583761150177,1.0
arguana,BGE-M3,1.0,subspace_oracle_r128,NDCG@10,0.8896912581076588,0.3949765089104899,0.9982508519126609,0.8896912581076588,0.8200493770963977,1.0
arguana,BGE-M3,1.0,predicted_subspace_r128,HitRate@5,0.7109004739336493,0.6255924170616114,1.0,1.0,0.22784810126582278,0.22784810126582278
arguana,BGE-M3,1.0,predicted_subspace_r128,HitRate@10,0.8436018957345972,0.7819905213270142,1.0,1.0,0.2826086956521742,0.2826086956521742
arguana,BGE-M3,1.0,predicted_subspace_r128,Recall@5,0.7109004739336493,0.6255924170616114,1.0,1.0,0.22784810126582278,0.22784810126582278
arguana,BGE-M3,1.0,predicted_subspace_r128,Recall@10,0.8436018957345972,0.7819905213270142,1.0,1.0,0.2826086956521742,0.2826086956521742
arguana,BGE-M3,1.0,predicted_subspace_r128,MRR@10,0.30495749642669073,0.270456255171895,0.9976303317535545,0.8507109004739336,0.04744564247529438,0.05945879371088344
arguana,BGE-M3,1.0,predicted_subspace_r128,NDCG@10,0.4373853231745722,0.3949765089104899,0.9982508519126609,0.8896912581076588,0.07029772566331345,0.08572377179557307
arguana,E5,0.0,subspace_oracle_r128,HitRate@5,0.4976303317535545,0.4976303317535545,0.4976303317535545,0.4976303317535545,,
arguana,E5,0.0,subspace_oracle_r128,HitRate@10,0.6635071090047393,0.6635071090047393,0.6635071090047393,0.6635071090047393,,
arguana,E5,0.0,subspace_oracle_r128,Recall@5,0.4976303317535545,0.4976303317535545,0.4976303317535545,0.4976303317535545,,
arguana,E5,0.0,subspace_oracle_r128,Recall@10,0.6635071090047393,0.6635071090047393,0.6635071090047393,0.6635071090047393,,
arguana,E5,0.0,subspace_oracle_r128,MRR@10,0.21666290528849771,0.21666290528849771,0.21666290528849771,0.21666290528849771,,
arguana,E5,0.0,subspace_oracle_r128,NDCG@10,0.32448432562968693,0.32448432562968693,0.32448432562968693,0.32448432562968693,,
arguana,E5,0.0,predicted_subspace_r128,HitRate@5,0.4976303317535545,0.4976303317535545,0.4976303317535545,0.4976303317535545,,
arguana,E5,0.0,predicted_subspace_r128,HitRate@10,0.6635071090047393,0.6635071090047393,0.6635071090047393,0.6635071090047393,,
arguana,E5,0.0,predicted_subspace_r128,Recall@5,0.4976303317535545,0.4976303317535545,0.4976303317535545,0.4976303317535545,,
arguana,E5,0.0,predicted_subspace_r128,Recall@10,0.6635071090047393,0.6635071090047393,0.6635071090047393,0.6635071090047393,,
arguana,E5,0.0,predicted_subspace_r128,MRR@10,0.21666290528849771,0.21666290528849771,0.21666290528849771,0.21666290528849771,,
arguana,E5,0.0,predicted_subspace_r128,NDCG@10,0.32448432562968693,0.32448432562968693,0.32448432562968693,0.32448432562968693,,
arguana,E5,0.01,subspace_oracle_r128,HitRate@5,0.5071090047393365,0.4976303317535545,0.5165876777251185,0.5071090047393365,0.5000000000000014,1.0
arguana,E5,0.01,subspace_oracle_r128,HitRate@10,0.6777251184834123,0.6635071090047393,0.6872037914691943,0.6777251184834123,0.600000000000001,1.0
arguana,E5,0.01,subspace_oracle_r128,Recall@5,0.5071090047393365,0.4976303317535545,0.5165876777251185,0.5071090047393365,0.5000000000000014,1.0
arguana,E5,0.01,subspace_oracle_r128,Recall@10,0.6777251184834123,0.6635071090047393,0.6872037914691943,0.6777251184834123,0.600000000000001,1.0
arguana,E5,0.01,subspace_oracle_r128,MRR@10,0.22165049274054016,0.21666290528849771,0.22493417588204317,0.22165049274054016,0.6030013642564835,1.0
arguana,E5,0.01,subspace_oracle_r128,NDCG@10,0.331721608881773,0.32448432562968693,0.3366220550490758,0.331721608881773,0.5962633538794497,1.0
arguana,E5,0.01,predicted_subspace_r128,HitRate@5,0.4976303317535545,0.4976303317535545,0.5165876777251185,0.5071090047393365,0.0,0.0
arguana,E5,0.01,predicted_subspace_r128,HitRate@10,0.6729857819905213,0.6635071090047393,0.6872037914691943,0.6777251184834123,0.3999999999999991,0.6666666666666641
arguana,E5,0.01,predicted_subspace_r128,Recall@5,0.4976303317535545,0.4976303317535545,0.5165876777251185,0.5071090047393365,0.0,0.0
arguana,E5,0.01,predicted_subspace_r128,Recall@10,0.6729857819905213,0.6635071090047393,0.6872037914691943,0.6777251184834123,0.3999999999999991,0.6666666666666641
arguana,E5,0.01,predicted_subspace_r128,MRR@10,0.21758444293989315,0.21666290528849771,0.22493417588204317,0.22165049274054016,0.11141427921782242,0.18476621417797146
arguana,E5,0.01,predicted_subspace_r128,NDCG@10,0.32724697582231826,0.32448432562968693,0.3366220550490758,0.331721608881773,0.2276084840232365,0.38172475726095606
arguana,E5,0.02,subspace_oracle_r128,HitRate@5,0.5260663507109005,0.4976303317535545,0.5545023696682464,0.5260663507109005,0.5000000000000004,1.0
arguana,E5,0.02,subspace_oracle_r128,HitRate@10,0.6966824644549763,0.6635071090047393,0.7251184834123223,0.6966824644549763,0.5384615384615379,1.0
arguana,E5,0.02,subspace_oracle_r128,Recall@5,0.5260663507109005,0.4976303317535545,0.5545023696682464,0.5260663507109005,0.5000000000000004,1.0
arguana,E5,0.02,subspace_oracle_r128,Recall@10,0.6966824644549763,0.6635071090047393,0.7251184834123223,0.6966824644549763,0.5384615384615379,1.0
arguana,E5,0.02,subspace_oracle_r128,MRR@10,0.2289832994809298,0.21666290528849771,0.2350127886857745,0.2289832994809298,0.671415394076046,1.0
arguana,E5,0.02,subspace_oracle_r128,NDCG@10,0.3419351345259489,0.32448432562968693,0.35317549094310585,0.3419351345259489,0.6082293523330756,1.0
arguana,E5,0.02,predicted_subspace_r128,HitRate@5,0.4976303317535545,0.4976303317535545,0.5545023696682464,0.5260663507109005,0.0,0.0
arguana,E5,0.02,predicted_subspace_r128,HitRate@10,0.6777251184834123,0.6635071090047393,0.7251184834123223,0.6966824644549763,0.23076923076923106,0.42857142857142955
arguana,E5,0.02,predicted_subspace_r128,Recall@5,0.4976303317535545,0.4976303317535545,0.5545023696682464,0.5260663507109005,0.0,0.0
arguana,E5,0.02,predicted_subspace_r128,Recall@10,0.6777251184834123,0.6635071090047393,0.7251184834123223,0.6966824644549763,0.23076923076923106,0.42857142857142955
arguana,E5,0.02,predicted_subspace_r128,MRR@10,0.22182915820356577,0.21666290528849771,0.2350127886857745,0.2289832994809298,0.28154145741518766,0.4193252938482665
arguana,E5,0.02,predicted_subspace_r128,NDCG@10,0.33179874236497015,0.32448432562968693,0.35317549094310585,0.3419351345259489,0.254936202673589,0.4191448533282592
arguana,E5,0.05,subspace_oracle_r128,HitRate@5,0.5829383886255924,0.4976303317535545,0.6540284360189573,0.5829383886255924,0.5454545454545457,1.0
arguana,E5,0.05,subspace_oracle_r128,HitRate@10,0.7440758293838863,0.6635071090047393,0.7867298578199052,0.7440758293838863,0.653846153846154,1.0
arguana,E5,0.05,subspace_oracle_r128,Recall@5,0.5829383886255924,0.4976303317535545,0.6540284360189573,0.5829383886255924,0.5454545454545457,1.0
arguana,E5,0.05,subspace_oracle_r128,Recall@10,0.7440758293838863,0.6635071090047393,0.7867298578199052,0.7440758293838863,0.653846153846154,1.0
arguana,E5,0.05,subspace_oracle_r128,MRR@10,0.24781651997291806,0.21666290528849771,0.27374934175882043,0.24781651997291806,0.5457270870395992,1.0
arguana,E5,0.05,subspace_oracle_r128,NDCG@10,0.3679500964832476,0.32448432562968693,0.3988405808047026,0.3679500964832476,0.5845610534211728,1.0
arguana,E5,0.05,predicted_subspace_r128,HitRate@5,0.5213270142180095,0.4976303317535545,0.6540284360189573,0.5829383886255924,0.15151515151515202,0.2777777777777785
arguana,E5,0.05,predicted_subspace_r128,HitRate@10,0.6966824644549763,0.6635071090047393,0.7867298578199052,0.7440758293838863,0.2692307692307692,0.41176470588235276
arguana,E5,0.05,predicted_subspace_r128,Recall@5,0.5213270142180095,0.4976303317535545,0.6540284360189573,0.5829383886255924,0.15151515151515202,0.2777777777777785
arguana,E5,0.05,predicted_subspace_r128,Recall@10,0.6966824644549763,0.6635071090047393,0.7867298578199052,0.7440758293838863,0.2692307692307692,0.41176470588235276
arguana,E5,0.05,predicted_subspace_r128,MRR@10,0.2283664334612202,0.21666290528849771,0.27374934175882043,0.24781651997291806,0.20501416617249804,0.37567159674011524
arguana,E5,0.05,predicted_subspace_r128,NDCG@10,0.3414894491572748,0.32448432562968693,0.3988405808047026,0.3679500964832476,0.22869795537123477,0.3912302299867029
arguana,E5,0.1,subspace_oracle_r128,HitRate@5,0.6682464454976303,0.4976303317535545,0.7914691943127962,0.6682464454976303,0.5806451612903227,1.0
arguana,E5,0.1,subspace_oracle_r128,HitRate@10,0.8056872037914692,0.6635071090047393,0.9052132701421801,0.8056872037914692,0.5882352941176471,1.0
arguana,E5,0.1,subspace_oracle_r128,Recall@5,0.6682464454976303,0.4976303317535545,0.7914691943127962,0.6682464454976303,0.5806451612903227,1.0
arguana,E5,0.1,subspace_oracle_r128,Recall@10,0.8056872037914692,0.6635071090047393,0.9052132701421801,0.8056872037914692,0.5882352941176471,1.0
arguana,E5,0.1,subspace_oracle_r128,MRR@10,0.28241179568193786,0.21666290528849771,0.34021853607161673,0.28241179568193786,0.5321399759501951,1.0
arguana,E5,0.1,subspace_oracle_r128,NDCG@10,0.41027951109812755,0.32448432562968693,0.47985518624452367,0.41027951109812755,0.5521961140520826,1.0
arguana,E5,0.1,predicted_subspace_r128,HitRate@5,0.5450236966824644,0.4976303317535545,0.7914691943127962,0.6682464454976303,0.16129032258064513,0.2777777777777776
arguana,E5,0.1,predicted_subspace_r128,HitRate@10,0.7298578199052133,0.6635071090047393,0.9052132701421801,0.8056872037914692,0.27450980392156865,0.46666666666666673
arguana,E5,0.1,predicted_subspace_r128,Recall@5,0.5450236966824644,0.4976303317535545,0.7914691943127962,0.6682464454976303,0.16129032258064513,0.2777777777777776
arguana,E5,0.1,predicted_subspace_r128,Recall@10,0.7298578199052133,0.6635071090047393,0.9052132701421801,0.8056872037914692,0.27450980392156865,0.46666666666666673
arguana,E5,0.1,predicted_subspace_r128,MRR@10,0.23569924020160987,0.21666290528849771,0.34021853607161673,0.28241179568193786,0.15407096214439,0.28953089244851254
arguana,E5,0.1,predicted_subspace_r128,NDCG@10,0.35467874259523235,0.32448432562968693,0.47985518624452367,0.41027951109812755,0.1943377081523489,0.3519360299844833
arguana,E5,0.2,subspace_oracle_r128,HitRate@5,0.8151658767772512,0.4976303317535545,0.957345971563981,0.8151658767772512,0.6907216494845361,1.0
arguana,E5,0.2,subspace_oracle_r128,HitRate@10,0.919431279620853,0.6635071090047393,0.990521327014218,0.919431279620853,0.7826086956521737,1.0
arguana,E5,0.2,subspace_oracle_r128,Recall@5,0.8151658767772512,0.4976303317535545,0.957345971563981,0.8151658767772512,0.6907216494845361,1.0
arguana,E5,0.2,subspace_oracle_r128,Recall@10,0.919431279620853,0.6635071090047393,0.990521327014218,0.919431279620853,0.7826086956521737,1.0
arguana,E5,0.2,subspace_oracle_r128,MRR@10,0.348935529978184,0.21666290528849771,0.4428496201008049,0.348935529978184,0.5847939601556523,1.0
arguana,E5,0.2,subspace_oracle_r128,NDCG@10,0.49024901285119277,0.32448432562968693,0.5827487964306561,0.49024901285119277,0.6418408490622465,1.0
arguana,E5,0.2,predicted_subspace_r128,HitRate@5,0.6113744075829384,0.4976303317535545,0.957345971563981,0.8151658767772512,0.24742268041237114,0.35820895522388063
arguana,E5,0.2,predicted_subspace_r128,HitRate@10,0.7677725118483413,0.6635071090047393,0.990521327014218,0.919431279620853,0.3188405797101451,0.4074074074074077
arguana,E5,0.2,predicted_subspace_r128,Recall@5,0.6113744075829384,0.4976303317535545,0.957345971563981,0.8151658767772512,0.24742268041237114,0.35820895522388063
arguana,E5,0.2,predicted_subspace_r128,Recall@10,0.7677725118483413,0.6635071090047393,0.990521327014218,0.919431279620853,0.3188405797101451,0.4074074074074077
arguana,E5,0.2,predicted_subspace_r128,MRR@10,0.25717859023546225,0.21666290528849771,0.4428496201008049,0.348935529978184,0.17912495426879954,0.3063043849172494
arguana,E5,0.2,predicted_subspace_r128,NDCG@10,0.3810710756270466,0.32448432562968693,0.5827487964306561,0.49024901285119277,0.21910388921040597,0.3413679411812523
arguana,E5,0.3,subspace_oracle_r128,HitRate@5,0.919431279620853,0.4976303317535545,1.0,0.919431279620853,0.8396226415094338,1.0
arguana,E5,0.3,subspace_oracle_r128,HitRate@10,0.985781990521327,0.6635071090047393,1.0,0.985781990521327,0.9577464788732394,1.0
arguana,E5,0.3,subspace_oracle_r128,Recall@5,0.919431279620853,0.4976303317535545,1.0,0.919431279620853,0.8396226415094338,1.0
arguana,E5,0.3,subspace_oracle_r128,Recall@10,0.985781990521327,0.6635071090047393,1.0,0.985781990521327,0.9577464788732394,1.0
arguana,E5,0.3,subspace_oracle_r128,MRR@10,0.40854961257804867,0.21666290528849771,0.48475513428120065,0.40854961257804867,0.7157488600491059,1.0
arguana,E5,0.3,subspace_oracle_r128,NDCG@10,0.5539172045922067,0.32448432562968693,0.6187466145025196,0.5539172045922067,0.7796883516449188,1.0
arguana,E5,0.3,predicted_subspace_r128,HitRate@5,0.6492890995260664,0.4976303317535545,1.0,0.919431279620853,0.3018867924528303,0.359550561797753
arguana,E5,0.3,predicted_subspace_r128,HitRate@10,0.8009478672985783,0.6635071090047393,1.0,0.985781990521327,0.40845070422535235,0.4264705882352944
arguana,E5,0.3,predicted_subspace_r128,Recall@5,0.6492890995260664,0.4976303317535545,1.0,0.919431279620853,0.3018867924528303,0.359550561797753
arguana,E5,0.3,predicted_subspace_r128,Recall@10,0.8009478672985783,0.6635071090047393,1.0,0.985781990521327,0.40845070422535235,0.4264705882352944
arguana,E5,0.3,predicted_subspace_r128,MRR@10,0.2749153689911984,0.21666290528849771,0.48475513428120065,0.40854961257804867,0.21728516310066648,0.3035773792021954
arguana,E5,0.3,predicted_subspace_r128,NDCG@10,0.40278580318547463,0.32448432562968693,0.6187466145025196,0.5539172045922067,0.26609416332524416,0.3412827224670752
arguana,E5,0.5,subspace_oracle_r128,HitRate@5,0.985781990521327,0.4976303317535545,1.0,0.985781990521327,0.971698113207547,1.0
arguana,E5,0.5,subspace_oracle_r128,HitRate@10,1.0,0.6635071090047393,1.0,1.0,1.0,1.0
arguana,E5,0.5,subspace_oracle_r128,Recall@5,0.985781990521327,0.4976303317535545,1.0,0.985781990521327,0.971698113207547,1.0
arguana,E5,0.5,subspace_oracle_r128,Recall@10,1.0,0.6635071090047393,1.0,1.0,1.0,1.0
arguana,E5,0.5,subspace_oracle_r128,MRR@10,0.4728672985781991,0.21666290528849771,0.812006319115324,0.4728672985781991,0.4303472371397162,1.0
arguana,E5,0.5,subspace_oracle_r128,NDCG@10,0.6092595234278094,0.32448432562968693,0.8611967809411075,0.6092595234278094,0.5305917442010644,1.0
arguana,E5,0.5,predicted_subspace_r128,HitRate@5,0.6824644549763034,0.4976303317535545,1.0,0.985781990521327,0.3679245283018869,0.3786407766990293
arguana,E5,0.5,predicted_subspace_r128,HitRate@10,0.8293838862559242,0.6635071090047393,1.0,1.0,0.49295774647887336,0.49295774647887336
arguana,E5,0.5,predicted_subspace_r128,Recall@5,0.6824644549763034,0.4976303317535545,1.0,0.985781990521327,0.3679245283018869,0.3786407766990293
arguana,E5,0.5,predicted_subspace_r128,Recall@10,0.8293838862559242,0.6635071090047393,1.0,1.0,0.49295774647887336,0.49295774647887336
arguana,E5,0.5,predicted_subspace_r128,MRR@10,0.29542616414654327,0.21666290528849771,0.812006319115324,0.4728672985781991,0.13229886655125783,0.30742352949812435
arguana,E5,0.5,predicted_subspace_r128,NDCG@10,0.42614124710222856,0.32448432562968693,0.8611967809411075,0.6092595234278094,0.18940667477812953,0.3569725252007598
arguana,E5,0.75,subspace_oracle_r128,HitRate@5,1.0,0.4976303317535545,1.0,1.0,1.0,1.0
arguana,E5,0.75,subspace_oracle_r128,HitRate@10,1.0,0.6635071090047393,1.0,1.0,1.0,1.0
arguana,E5,0.75,subspace_oracle_r128,Recall@5,1.0,0.4976303317535545,1.0,1.0,1.0,1.0
arguana,E5,0.75,subspace_oracle_r128,Recall@10,1.0,0.6635071090047393,1.0,1.0,1.0,1.0
arguana,E5,0.75,subspace_oracle_r128,MRR@10,0.5167456556082148,0.21666290528849771,0.9834123222748815,0.5167456556082148,0.39137004042227536,1.0
arguana,E5,0.75,subspace_oracle_r128,NDCG@10,0.642808418162275,0.32448432562968693,0.9877559633886265,0.642808418162275,0.4799302041741761,1.0
arguana,E5,0.75,predicted_subspace_r128,HitRate@5,0.6872037914691943,0.4976303317535545,1.0,1.0,0.3773584905660377,0.3773584905660377
arguana,E5,0.75,predicted_subspace_r128,HitRate@10,0.8672985781990521,0.6635071090047393,1.0,1.0,0.6056338028169014,0.6056338028169014
arguana,E5,0.75,predicted_subspace_r128,Recall@5,0.6872037914691943,0.4976303317535545,1.0,1.0,0.3773584905660377,0.3773584905660377
arguana,E5,0.75,predicted_subspace_r128,Recall@10,0.8672985781990521,0.6635071090047393,1.0,1.0,0.6056338028169014,0.6056338028169014
arguana,E5,0.75,predicted_subspace_r128,MRR@10,0.3079101782893252,0.21666290528849771,0.9834123222748815,0.5167456556082148,0.11900533731015266,0.30407370268237655
arguana,E5,0.75,predicted_subspace_r128,NDCG@10,0.4444373890699754,0.32448432562968693,0.9877559633886265,0.642808418162275,0.1808505846045001,0.3768268448861074
arguana,E5,1.0,subspace_oracle_r128,HitRate@5,1.0,0.4976303317535545,1.0,1.0,1.0,1.0
arguana,E5,1.0,subspace_oracle_r128,HitRate@10,1.0,0.6635071090047393,1.0,1.0,1.0,1.0
arguana,E5,1.0,subspace_oracle_r128,Recall@5,1.0,0.4976303317535545,1.0,1.0,1.0,1.0
arguana,E5,1.0,subspace_oracle_r128,Recall@10,1.0,0.6635071090047393,1.0,1.0,1.0,1.0
arguana,E5,1.0,subspace_oracle_r128,MRR@10,0.6899684044233808,0.21666290528849771,0.9786729857819905,0.6899684044233808,0.6211276087428674,1.0
arguana,E5,1.0,subspace_oracle_r128,NDCG@10,0.7710411612095733,0.32448432562968693,0.9842576672139484,0.7710411612095733,0.6768337055080231,1.0
arguana,E5,1.0,predicted_subspace_r128,HitRate@5,0.7109004739336493,0.4976303317535545,1.0,1.0,0.42452830188679247,0.42452830188679247
arguana,E5,1.0,predicted_subspace_r128,HitRate@10,0.8578199052132701,0.6635071090047393,1.0,1.0,0.5774647887323944,0.5774647887323944
arguana,E5,1.0,predicted_subspace_r128,Recall@5,0.7109004739336493,0.4976303317535545,1.0,1.0,0.42452830188679247,0.42452830188679247
arguana,E5,1.0,predicted_subspace_r128,Recall@10,0.8578199052132701,0.6635071090047393,1.0,1.0,0.5774647887323944,0.5774647887323944
arguana,E5,1.0,predicted_subspace_r128,MRR@10,0.3047092454675393,0.21666290528849771,0.9786729857819905,0.6899684044233808,0.11554484964558612,0.1860243338392949
arguana,E5,1.0,predicted_subspace_r128,NDCG@10,0.439893237041327,0.32448432562968693,0.9842576672139484,0.7710411612095733,0.17492205904306132,0.2584417082358021
arguana,Qwen3,0.0,subspace_oracle_r128,HitRate@5,0.8056872037914692,0.8056872037914692,0.8056872037914692,0.8056872037914692,,
arguana,Qwen3,0.0,subspace_oracle_r128,HitRate@10,0.9004739336492891,0.9004739336492891,0.9004739336492891,0.9004739336492891,,
arguana,Qwen3,0.0,subspace_oracle_r128,Recall@5,0.8056872037914692,0.8056872037914692,0.8056872037914692,0.8056872037914692,,
arguana,Qwen3,0.0,subspace_oracle_r128,Recall@10,0.9004739336492891,0.9004739336492891,0.9004739336492891,0.9004739336492891,,
arguana,Qwen3,0.0,subspace_oracle_r128,MRR@10,0.35211013315278716,0.35211013315278716,0.35211013315278716,0.35211013315278716,,
arguana,Qwen3,0.0,subspace_oracle_r128,NDCG@10,0.4885240580158425,0.4885240580158425,0.4885240580158425,0.4885240580158425,,
arguana,Qwen3,0.0,predicted_subspace_r128,HitRate@5,0.8056872037914692,0.8056872037914692,0.8056872037914692,0.8056872037914692,,
arguana,Qwen3,0.0,predicted_subspace_r128,HitRate@10,0.9004739336492891,0.9004739336492891,0.9004739336492891,0.9004739336492891,,
arguana,Qwen3,0.0,predicted_subspace_r128,Recall@5,0.8056872037914692,0.8056872037914692,0.8056872037914692,0.8056872037914692,,
arguana,Qwen3,0.0,predicted_subspace_r128,Recall@10,0.9004739336492891,0.9004739336492891,0.9004739336492891,0.9004739336492891,,
arguana,Qwen3,0.0,predicted_subspace_r128,MRR@10,0.35211013315278716,0.35211013315278716,0.35211013315278716,0.35211013315278716,,
arguana,Qwen3,0.0,predicted_subspace_r128,NDCG@10,0.4885240580158425,0.4885240580158425,0.4885240580158425,0.4885240580158425,,
arguana,Qwen3,0.01,subspace_oracle_r128,HitRate@5,0.8104265402843602,0.8056872037914692,0.8151658767772512,0.8104265402843602,0.5000000000000059,1.0
arguana,Qwen3,0.01,subspace_oracle_r128,HitRate@10,0.9052132701421801,0.9004739336492891,0.909952606635071,0.9052132701421801,0.5000000000000059,1.0
arguana,Qwen3,0.01,subspace_oracle_r128,Recall@5,0.8104265402843602,0.8056872037914692,0.8151658767772512,0.8104265402843602,0.5000000000000059,1.0
arguana,Qwen3,0.01,subspace_oracle_r128,Recall@10,0.9052132701421801,0.9004739336492891,0.909952606635071,0.9052132701421801,0.5000000000000059,1.0
arguana,Qwen3,0.01,subspace_oracle_r128,MRR@10,0.3551380425788008,0.35211013315278716,0.3590423531181825,0.3551380425788008,0.4367878459034134,1.0
arguana,Qwen3,0.01,subspace_oracle_r128,NDCG@10,0.49210429681651596,0.4885240580158425,0.49620999972886154,0.49210429681651596,0.46581654328824673,1.0
arguana,Qwen3,0.01,predicted_subspace_r128,HitRate@5,0.8009478672985783,0.8056872037914692,0.8151658767772512,0.8104265402843602,-0.4999999999999941,-0.9999999999999766
arguana,Qwen3,0.01,predicted_subspace_r128,HitRate@10,0.9004739336492891,0.9004739336492891,0.909952606635071,0.9052132701421801,0.0,0.0
arguana,Qwen3,0.01,predicted_subspace_r128,Recall@5,0.8009478672985783,0.8056872037914692,0.8151658767772512,0.8104265402843602,-0.4999999999999941,-0.9999999999999766
arguana,Qwen3,0.01,predicted_subspace_r128,Recall@10,0.9004739336492891,0.9004739336492891,0.909952606635071,0.9052132701421801,0.0,0.0
arguana,Qwen3,0.01,predicted_subspace_r128,MRR@10,0.3521891220943354,0.35211013315278716,0.3590423531181825,0.3551380425788008,0.01139446554531333,0.02608695652175491
arguana,Qwen3,0.01,predicted_subspace_r128,NDCG@10,0.48858651361163546,0.4885240580158425,0.49620999972886154,0.49210429681651596,0.00812595230681948,0.0174445335269923
arguana,Qwen3,0.02,subspace_oracle_r128,HitRate@5,0.8104265402843602,0.8056872037914692,0.8199052132701422,0.8104265402843602,0.3333333333333359,1.0
arguana,Qwen3,0.02,subspace_oracle_r128,HitRate@10,0.909952606635071,0.9004739336492891,0.9241706161137441,0.909952606635071,0.3999999999999991,1.0
arguana,Qwen3,0.02,subspace_oracle_r128,Recall@5,0.8104265402843602,0.8056872037914692,0.8199052132701422,0.8104265402843602,0.3333333333333359,1.0
arguana,Qwen3,0.02,subspace_oracle_r128,Recall@10,0.909952606635071,0.9004739336492891,0.9241706161137441,0.909952606635071,0.3999999999999991,1.0
arguana,Qwen3,0.02,subspace_oracle_r128,MRR@10,0.3613067027758971,0.35211013315278716,0.3638870081998044,0.3613067027758971,0.7809006707122342,1.0
arguana,Qwen3,0.02,subspace_oracle_r128,NDCG@10,0.4980196013412583,0.4885240580158425,0.503283463955401,0.4980196013412583,0.6433553873578067,1.0
arguana,Qwen3,0.02,predicted_subspace_r128,HitRate@5,0.8056872037914692,0.8056872037914692,0.8199052132701422,0.8104265402843602,0.0,0.0
arguana,Qwen3,0.02,predicted_subspace_r128,HitRate@10,0.9004739336492891,0.9004739336492891,0.9241706161137441,0.909952606635071,0.0,0.0
arguana,Qwen3,0.02,predicted_subspace_r128,Recall@5,0.8056872037914692,0.8056872037914692,0.8199052132701422,0.8104265402843602,0.0,0.0
arguana,Qwen3,0.02,predicted_subspace_r128,Recall@10,0.9004739336492891,0.9004739336492891,0.9241706161137441,0.909952606635071,0.0,0.0
arguana,Qwen3,0.02,predicted_subspace_r128,MRR@10,0.3501354096140826,0.35211013315278716,0.3638870081998044,0.3613067027758971,-0.16767805812838948,-0.2147239263803625
arguana,Qwen3,0.02,predicted_subspace_r128,NDCG@10,0.4869910446566587,0.4885240580158425,0.503283463955401,0.4980196013412583,-0.1038668741453166,-0.16144556521378797
arguana,Qwen3,0.05,subspace_oracle_r128,HitRate@5,0.8199052132701422,0.8056872037914692,0.8483412322274881,0.8199052132701422,0.3333333333333342,1.0
arguana,Qwen3,0.05,subspace_oracle_r128,HitRate@10,0.9241706161137441,0.9004739336492891,0.9383886255924171,0.9241706161137441,0.6249999999999997,1.0
arguana,Qwen3,0.05,subspace_oracle_r128,Recall@5,0.8199052132701422,0.8056872037914692,0.8483412322274881,0.8199052132701422,0.3333333333333342,1.0
arguana,Qwen3,0.05,subspace_oracle_r128,Recall@10,0.9241706161137441,0.9004739336492891,0.9383886255924171,0.9241706161137441,0.6249999999999997,1.0
arguana,Qwen3,0.05,subspace_oracle_r128,MRR@10,0.3686583164071316,0.35211013315278716,0.38182125930941097,0.3686583164071316,0.5569692366122304,1.0
arguana,Qwen3,0.05,subspace_oracle_r128,NDCG@10,0.507153611525741,0.4885240580158425,0.5212071655008353,0.507153611525741,0.5700055760748173,1.0
arguana,Qwen3,0.05,predicted_subspace_r128,HitRate@5,0.8151658767772512,0.8056872037914692,0.8483412322274881,0.8199052132701422,0.22222222222222193,0.6666666666666641
arguana,Qwen3,0.05,predicted_subspace_r128,HitRate@10,0.9004739336492891,0.9004739336492891,0.9383886255924171,0.9241706161137441,0.0,0.0
arguana,Qwen3,0.05,predicted_subspace_r128,Recall@5,0.8151658767772512,0.8056872037914692,0.8483412322274881,0.8199052132701422,0.22222222222222193,0.6666666666666641
arguana,Qwen3,0.05,predicted_subspace_r128,Recall@10,0.9004739336492891,0.9004739336492891,0.9383886255924171,0.9241706161137441,0.0,0.0
arguana,Qwen3,0.05,predicted_subspace_r128,MRR@10,0.35376325885804555,0.35211013315278716,0.38182125930941097,0.3686583164071316,0.05563995442460994,0.09989771564950407
arguana,Qwen3,0.05,predicted_subspace_r128,NDCG@10,0.4899442518962231,0.4885240580158425,0.5212071655008353,0.507153611525741,0.04345345316484142,0.07623338259964293
arguana,Qwen3,0.1,subspace_oracle_r128,HitRate@5,0.8578199052132701,0.8056872037914692,0.9052132701421801,0.8578199052132701,0.5238095238095235,1.0
arguana,Qwen3,0.1,subspace_oracle_r128,HitRate@10,0.9478672985781991,0.9004739336492891,0.966824644549763,0.9478672985781991,0.7142857142857147,1.0
arguana,Qwen3,0.1,subspace_oracle_r128,Recall@5,0.8578199052132701,0.8056872037914692,0.9052132701421801,0.8578199052132701,0.5238095238095235,1.0
arguana,Qwen3,0.1,subspace_oracle_r128,Recall@10,0.9478672985781991,0.9004739336492891,0.966824644549763,0.9478672985781991,0.7142857142857147,1.0
arguana,Qwen3,0.1,subspace_oracle_r128,MRR@10,0.3832242533664334,0.35211013315278716,0.41587489656210036,0.3832242533664334,0.48795162955316235,1.0
arguana,Qwen3,0.1,subspace_oracle_r128,NDCG@10,0.5244763179457799,0.4885240580158425,0.5553889033992652,0.5244763179457799,0.5376855315192395,1.0
arguana,Qwen3,0.1,predicted_subspace_r128,HitRate@5,0.8151658767772512,0.8056872037914692,0.9052132701421801,0.8578199052132701,0.09523809523809508,0.18181818181818163
arguana,Qwen3,0.1,predicted_subspace_r128,HitRate@10,0.9004739336492891,0.9004739336492891,0.966824644549763,0.9478672985781991,0.0,0.0
arguana,Qwen3,0.1,predicted_subspace_r128,Recall@5,0.8151658767772512,0.8056872037914692,0.9052132701421801,0.8578199052132701,0.09523809523809508,0.18181818181818163
arguana,Qwen3,0.1,predicted_subspace_r128,Recall@10,0.9004739336492891,0.9004739336492891,0.966824644549763,0.9478672985781991,0.0,0.0
arguana,Qwen3,0.1,predicted_subspace_r128,MRR@10,0.3543161814488829,0.35211013315278716,0.41587489656210036,0.3832242533664334,0.034596667158236706,0.07090183752417901
arguana,Qwen3,0.1,predicted_subspace_r128,NDCG@10,0.49039365063088836,0.4885240580158425,0.5553889033992652,0.5244763179457799,0.027960770780596063,0.05200208884474246
arguana,Qwen3,0.2,subspace_oracle_r128,HitRate@5,0.9241706161137441,0.8056872037914692,0.966824644549763,0.9241706161137441,0.7352941176470589,1.0
arguana,Qwen3,0.2,subspace_oracle_r128,HitRate@10,0.966824644549763,0.9004739336492891,0.990521327014218,0.966824644549763,0.7368421052631577,1.0
arguana,Qwen3,0.2,subspace_oracle_r128,Recall@5,0.9241706161137441,0.8056872037914692,0.966824644549763,0.9241706161137441,0.7352941176470589,1.0
arguana,Qwen3,0.2,subspace_oracle_r128,Recall@10,0.966824644549763,0.9004739336492891,0.990521327014218,0.966824644549763,0.7368421052631577,1.0
arguana,Qwen3,0.2,subspace_oracle_r128,MRR@10,0.4200631911532386,0.35211013315278716,0.46171669299631385,0.4200631911532386,0.6199725463280719,1.0
arguana,Qwen3,0.2,subspace_oracle_r128,NDCG@10,0.5589576963435141,0.4885240580158425,0.5978642186914676,0.5589576963435141,0.6441698813359548,1.0
arguana,Qwen3,0.2,predicted_subspace_r128,HitRate@5,0.8104265402843602,0.8056872037914692,0.966824644549763,0.9241706161137441,0.029411764705882658,0.04000000000000041
arguana,Qwen3,0.2,predicted_subspace_r128,HitRate@10,0.9004739336492891,0.9004739336492891,0.990521327014218,0.966824644549763,0.0,0.0
arguana,Qwen3,0.2,predicted_subspace_r128,Recall@5,0.8104265402843602,0.8056872037914692,0.966824644549763,0.9241706161137441,0.029411764705882658,0.04000000000000041
arguana,Qwen3,0.2,predicted_subspace_r128,Recall@10,0.9004739336492891,0.9004739336492891,0.990521327014218,0.966824644549763,0.0,0.0
arguana,Qwen3,0.2,predicted_subspace_r128,MRR@10,0.35671782140976455,0.35211013315278716,0.46171669299631385,0.4200631911532386,0.0420384351407003,0.06780693014502412
arguana,Qwen3,0.2,predicted_subspace_r128,NDCG@10,0.4924084556453683,0.4885240580158425,0.5978642186914676,0.5589576963435141,0.03552580868295489,0.0551497511949446
arguana,Qwen3,0.3,subspace_oracle_r128,HitRate@5,0.966824644549763,0.8056872037914692,0.995260663507109,0.966824644549763,0.8500000000000002,1.0
arguana,Qwen3,0.3,subspace_oracle_r128,HitRate@10,0.985781990521327,0.9004739336492891,1.0,0.985781990521327,0.8571428571428569,1.0
arguana,Qwen3,0.3,subspace_oracle_r128,Recall@5,0.966824644549763,0.8056872037914692,0.995260663507109,0.966824644549763,0.8500000000000002,1.0
arguana,Qwen3,0.3,subspace_oracle_r128,Recall@10,0.985781990521327,0.9004739336492891,1.0,0.985781990521327,0.8571428571428569,1.0
arguana,Qwen3,0.3,subspace_oracle_r128,MRR@10,0.44756450763559763,0.35211013315278716,0.48870458135860984,0.44756450763559763,0.6988159162880347,1.0
arguana,Qwen3,0.3,subspace_oracle_r128,NDCG@10,0.5853678762413045,0.4885240580158425,0.621487589838828,0.5853678762413045,0.7283487201166577,1.0
arguana,Qwen3,0.3,predicted_subspace_r128,HitRate@5,0.8104265402843602,0.8056872037914692,0.995260663507109,0.966824644549763,0.025000000000000265,0.029411764705882658
arguana,Qwen3,0.3,predicted_subspace_r128,HitRate@10,0.9146919431279621,0.9004739336492891,1.0,0.985781990521327,0.14285714285714318,0.1666666666666671
arguana,Qwen3,0.3,predicted_subspace_r128,Recall@5,0.8104265402843602,0.8056872037914692,0.995260663507109,0.966824644549763,0.025000000000000265,0.029411764705882658
arguana,Qwen3,0.3,predicted_subspace_r128,Recall@10,0.9146919431279621,0.9004739336492891,1.0,0.985781990521327,0.14285714285714318,0.1666666666666671
arguana,Qwen3,0.3,predicted_subspace_r128,MRR@10,0.3586323628977658,0.35211013315278716,0.48870458135860984,0.44756450763559763,0.04774886410574188,0.06832824352280634
arguana,Qwen3,0.3,predicted_subspace_r128,NDCG@10,0.4969925879020226,0.4885240580158425,0.621487589838828,0.5853678762413045,0.063690620804615,0.0874452292500958
arguana,Qwen3,0.5,subspace_oracle_r128,HitRate@5,0.990521327014218,0.8056872037914692,1.0,0.990521327014218,0.951219512195122,1.0
arguana,Qwen3,0.5,subspace_oracle_r128,HitRate@10,1.0,0.9004739336492891,1.0,1.0,1.0,1.0
arguana,Qwen3,0.5,subspace_oracle_r128,Recall@5,0.990521327014218,0.8056872037914692,1.0,0.990521327014218,0.951219512195122,1.0
arguana,Qwen3,0.5,subspace_oracle_r128,Recall@10,1.0,0.9004739336492891,1.0,1.0,1.0,1.0
arguana,Qwen3,0.5,subspace_oracle_r128,MRR@10,0.47626382306477094,0.35211013315278716,0.8499210110584517,0.47626382306477094,0.2493993109076073,1.0
arguana,Qwen3,0.5,subspace_oracle_r128,NDCG@10,0.6119344236194736,0.4885240580158425,0.8890707379485523,0.6119344236194736,0.3081048271935834,1.0
arguana,Qwen3,0.5,predicted_subspace_r128,HitRate@5,0.8056872037914692,0.8056872037914692,1.0,0.990521327014218,0.0,0.0
arguana,Qwen3,0.5,predicted_subspace_r128,HitRate@10,0.9241706161137441,0.9004739336492891,1.0,1.0,0.23809523809523825,0.23809523809523825
arguana,Qwen3,0.5,predicted_subspace_r128,Recall@5,0.8056872037914692,0.8056872037914692,1.0,0.990521327014218,0.0,0.0
arguana,Qwen3,0.5,predicted_subspace_r128,Recall@10,0.9241706161137441,0.9004739336492891,1.0,1.0,0.23809523809523825,0.23809523809523825
arguana,Qwen3,0.5,predicted_subspace_r128,MRR@10,0.3602196644850673,0.35211013315278716,0.8499210110584517,0.47626382306477094,0.016290385952186667,0.06531848822237371
arguana,Qwen3,0.5,predicted_subspace_r128,NDCG@10,0.5002026040524984,0.4885240580158425,0.8890707379485523,0.6119344236194736,0.02915651688491803,0.09463180811055222
arguana,Qwen3,0.75,subspace_oracle_r128,HitRate@5,1.0,0.8056872037914692,1.0,1.0,1.0,1.0
arguana,Qwen3,0.75,subspace_oracle_r128,HitRate@10,1.0,0.9004739336492891,1.0,1.0,1.0,1.0
arguana,Qwen3,0.75,subspace_oracle_r128,Recall@5,1.0,0.8056872037914692,1.0,1.0,1.0,1.0
arguana,Qwen3,0.75,subspace_oracle_r128,Recall@10,1.0,0.9004739336492891,1.0,1.0,1.0,1.0
arguana,Qwen3,0.75,subspace_oracle_r128,MRR@10,0.5341232227488152,0.35211013315278716,0.9715639810426541,0.5341232227488152,0.2938283299329642,1.0
arguana,Qwen3,0.75,subspace_oracle_r128,NDCG@10,0.65563640085559,0.4885240580158425,0.9790102229519311,0.65563640085559,0.34070755667802105,1.0
arguana,Qwen3,0.75,predicted_subspace_r128,HitRate@5,0.8151658767772512,0.8056872037914692,1.0,1.0,0.04878048780487798,0.04878048780487798
arguana,Qwen3,0.75,predicted_subspace_r128,HitRate@10,0.9289099526066351,0.9004739336492891,1.0,1.0,0.28571428571428636,0.28571428571428636
arguana,Qwen3,0.75,predicted_subspace_r128,Recall@5,0.8151658767772512,0.8056872037914692,1.0,1.0,0.04878048780487798,0.04878048780487798
arguana,Qwen3,0.75,predicted_subspace_r128,Recall@10,0.9289099526066351,0.9004739336492891,1.0,1.0,0.28571428571428636,0.28571428571428636
arguana,Qwen3,0.75,predicted_subspace_r128,MRR@10,0.36270029338749715,0.35211013315278716,0.9715639810426541,0.5341232227488152,0.01709596327601281,0.05818350898946057
arguana,Qwen3,0.75,predicted_subspace_r128,NDCG@10,0.5034570287389479,0.4885240580158425,0.9790102229519311,0.65563640085559,0.03044524349642207,0.08935887361369489
arguana,Qwen3,1.0,subspace_oracle_r128,HitRate@5,1.0,0.8056872037914692,1.0,1.0,1.0,1.0
arguana,Qwen3,1.0,subspace_oracle_r128,HitRate@10,1.0,0.9004739336492891,1.0,1.0,1.0,1.0
arguana,Qwen3,1.0,subspace_oracle_r128,Recall@5,1.0,0.8056872037914692,1.0,1.0,1.0,1.0
arguana,Qwen3,1.0,subspace_oracle_r128,Recall@10,1.0,0.9004739336492891,1.0,1.0,1.0,1.0
arguana,Qwen3,1.0,subspace_oracle_r128,MRR@10,0.782780410742496,0.35211013315278716,0.9786729857819905,0.782780410742496,0.6873536721535858,1.0
arguana,Qwen3,1.0,subspace_oracle_r128,NDCG@10,0.8395864837339324,0.4885240580158425,0.9842576672139484,0.8395864837339324,0.7081674899669709,1.0
arguana,Qwen3,1.0,predicted_subspace_r128,HitRate@5,0.8104265402843602,0.8056872037914692,1.0,1.0,0.024390243902439275,0.024390243902439275
arguana,Qwen3,1.0,predicted_subspace_r128,HitRate@10,0.9289099526066351,0.9004739336492891,1.0,1.0,0.28571428571428636,0.28571428571428636
arguana,Qwen3,1.0,predicted_subspace_r128,Recall@5,0.8104265402843602,0.8056872037914692,1.0,1.0,0.024390243902439275,0.024390243902439275
arguana,Qwen3,1.0,predicted_subspace_r128,Recall@10,0.9289099526066351,0.9004739336492891,1.0,1.0,0.28571428571428636,0.28571428571428636
arguana,Qwen3,1.0,predicted_subspace_r128,MRR@10,0.3583370947115023,0.35211013315278716,0.9786729857819905,0.782780410742496,0.009938287168773863,0.014458767838739651
arguana,Qwen3,1.0,predicted_subspace_r128,NDCG@10,0.49982689685537557,0.4885240580158425,0.9842576672139484,0.8395864837339324,0.02280022703688874,0.032196093946577735
fiqa,BGE-M3,0.0,subspace_oracle_r128,HitRate@5,0.6157407407407407,0.6157407407407407,0.6157407407407407,0.6157407407407407,,
fiqa,BGE-M3,0.0,subspace_oracle_r128,HitRate@10,0.6805555555555556,0.6805555555555556,0.6805555555555556,0.6805555555555556,,
fiqa,BGE-M3,0.0,subspace_oracle_r128,Recall@5,0.40038895432413946,0.40038895432413946,0.40038895432413946,0.40038895432413946,,
fiqa,BGE-M3,0.0,subspace_oracle_r128,Recall@10,0.47334963561815413,0.47334963561815413,0.47334963561815413,0.47334963561815413,,
fiqa,BGE-M3,0.0,subspace_oracle_r128,MRR@10,0.5037814765824025,0.5037814765824025,0.5037814765824025,0.5037814765824025,,
fiqa,BGE-M3,0.0,subspace_oracle_r128,NDCG@10,0.4132489609242356,0.4132489609242356,0.4132489609242356,0.4132489609242356,,
fiqa,BGE-M3,0.0,predicted_subspace_r128,HitRate@5,0.6157407407407407,0.6157407407407407,0.6157407407407407,0.6157407407407407,,
fiqa,BGE-M3,0.0,predicted_subspace_r128,HitRate@10,0.6805555555555556,0.6805555555555556,0.6805555555555556,0.6805555555555556,,
fiqa,BGE-M3,0.0,predicted_subspace_r128,Recall@5,0.40038895432413946,0.40038895432413946,0.40038895432413946,0.40038895432413946,,
fiqa,BGE-M3,0.0,predicted_subspace_r128,Recall@10,0.47334963561815413,0.47334963561815413,0.47334963561815413,0.47334963561815413,,
fiqa,BGE-M3,0.0,predicted_subspace_r128,MRR@10,0.5037814765824025,0.5037814765824025,0.5037814765824025,0.5037814765824025,,
fiqa,BGE-M3,0.0,predicted_subspace_r128,NDCG@10,0.4132489609242356,0.4132489609242356,0.4132489609242356,0.4132489609242356,,
fiqa,BGE-M3,0.01,subspace_oracle_r128,HitRate@5,0.6234567901234568,0.6157407407407407,0.6311728395061729,0.6234567901234568,0.5,1.0
fiqa,BGE-M3,0.01,subspace_oracle_r128,HitRate@10,0.691358024691358,0.6805555555555556,0.6959876543209876,0.691358024691358,0.6999999999999978,1.0
fiqa,BGE-M3,0.01,subspace_oracle_r128,Recall@5,0.40488998313072383,0.40038895432413946,0.40894090905664976,0.40488998313072383,0.5263157894736845,1.0
fiqa,BGE-M3,0.01,subspace_oracle_r128,Recall@10,0.4776963434370842,0.47334963561815413,0.48155436812844216,0.4776963434370842,0.5297805642633321,1.0
fiqa,BGE-M3,0.01,subspace_oracle_r128,MRR@10,0.514737041936116,0.5037814765824025,0.520026822457378,0.514737041936116,0.6743817852834776,1.0
fiqa,BGE-M3,0.01,subspace_oracle_r128,NDCG@10,0.41995133763664333,0.4132489609242356,0.42434302069310653,0.41995133763664333,0.6041410315107627,1.0
fiqa,BGE-M3,0.01,predicted_subspace_r128,HitRate@5,0.6172839506172839,0.6157407407407407,0.6311728395061729,0.6234567901234568,0.1,0.2
fiqa,BGE-M3,0.01,predicted_subspace_r128,HitRate@10,0.6805555555555556,0.6805555555555556,0.6959876543209876,0.691358024691358,0.0,0.0
fiqa,BGE-M3,0.01,predicted_subspace_r128,Recall@5,0.40154636173154684,0.40038895432413946,0.40894090905664976,0.40488998313072383,0.1353383458646588,0.2571428571428515
fiqa,BGE-M3,0.01,predicted_subspace_r128,Recall@10,0.4731567343835862,0.47334963561815413,0.48155436812844216,0.4776963434370842,-0.023510971786839148,-0.04437869822486129
fiqa,BGE-M3,0.01,predicted_subspace_r128,MRR@10,0.5025273123652753,0.5037814765824025,0.520026822457378,0.514737041936116,-0.07720144752714281,-0.11447736165455749
fiqa,BGE-M3,0.01,predicted_subspace_r128,NDCG@10,0.4124262048759433,0.4132489609242356,0.42434302069310653,0.41995133763664333,-0.07416185467117117,-0.12275586461279774
fiqa,BGE-M3,0.02,subspace_oracle_r128,HitRate@5,0.6327160493827161,0.6157407407407407,0.6450617283950617,0.6327160493827161,0.5789473684210549,1.0
fiqa,BGE-M3,0.02,subspace_oracle_r128,HitRate@10,0.6990740740740741,0.6805555555555556,0.7098765432098766,0.6990740740740741,0.6315789473684197,1.0
fiqa,BGE-M3,0.02,subspace_oracle_r128,Recall@5,0.4112557238714646,0.40038895432413946,0.4194090160525346,0.4112557238714646,0.5713319810682879,1.0
fiqa,BGE-M3,0.02,subspace_oracle_r128,Recall@10,0.4852623585262474,0.47334963561815413,0.4920782021476466,0.4852623585262474,0.6360723277637892,1.0
fiqa,BGE-M3,0.02,subspace_oracle_r128,MRR@10,0.5224334950029395,0.5037814765824025,0.5342212913972172,0.5224334950029395,0.6127507192146009,1.0
fiqa,BGE-M3,0.02,subspace_oracle_r128,NDCG@10,0.42706846756185485,0.4132489609242356,0.43497774052127136,0.42706846756185485,0.6360001295012682,1.0
fiqa,BGE-M3,0.02,predicted_subspace_r128,HitRate@5,0.6188271604938271,0.6157407407407407,0.6450617283950617,0.6327160493827161,0.10526315789473724,0.18181818181818182
fiqa,BGE-M3,0.02,predicted_subspace_r128,HitRate@10,0.6805555555555556,0.6805555555555556,0.7098765432098766,0.6990740740740741,0.0,0.0
fiqa,BGE-M3,0.02,predicted_subspace_r128,Recall@5,0.402060765023728,0.40038895432413946,0.4194090160525346,0.4112557238714646,0.08789722785666328,0.15384615384616013
fiqa,BGE-M3,0.02,predicted_subspace_r128,Recall@10,0.47342562701359,0.47334963561815413,0.4920782021476466,0.4852623585262474,0.004057512640712903,0.006379011416795504
fiqa,BGE-M3,0.02,predicted_subspace_r128,MRR@10,0.5038629237703312,0.5037814765824025,0.5342212913972172,0.5224334950029395,0.0026756794817636483,0.004366668855473929
fiqa,BGE-M3,0.02,predicted_subspace_r128,NDCG@10,0.4133428522122997,0.4132489609242356,0.43497774052127136,0.42706846756185485,0.004321056672550043,0.006794112881609762
fiqa,BGE-M3,0.05,subspace_oracle_r128,HitRate@5,0.6574074074074074,0.6157407407407407,0.6944444444444444,0.6574074074074074,0.5294117647058831,1.0
fiqa,BGE-M3,0.05,subspace_oracle_r128,HitRate@10,0.7253086419753086,0.6805555555555556,0.7592592592592593,0.7253086419753086,0.5686274509803917,1.0
fiqa,BGE-M3,0.05,subspace_oracle_r128,Recall@5,0.42934802251931875,0.40038895432413946,0.4493325904205534,0.42934802251931875,0.5916819939191461,1.0
fiqa,BGE-M3,0.05,subspace_oracle_r128,Recall@10,0.503252444571889,0.47334963561815413,0.5227740495101606,0.503252444571889,0.6050210128758072,1.0
fiqa,BGE-M3,0.05,subspace_oracle_r128,MRR@10,0.5514513521457964,0.5037814765824025,0.5832224916715658,0.5514513521457964,0.6000662945946758,1.0
fiqa,BGE-M3,0.05,subspace_oracle_r128,NDCG@10,0.4467369734873786,0.4132489609242356,0.4682704336425513,0.4467369734873786,0.6086353365091854,1.0
fiqa,BGE-M3,0.05,predicted_subspace_r128,HitRate@5,0.6188271604938271,0.6157407407407407,0.6944444444444444,0.6574074074074074,0.03921568627450997,0.07407407407407428
fiqa,BGE-M3,0.05,predicted_subspace_r128,HitRate@10,0.683641975308642,0.6805555555555556,0.7592592592592593,0.7253086419753086,0.03921568627450997,0.06896551724137966
fiqa,BGE-M3,0.05,predicted_subspace_r128,Recall@5,0.4033467732541806,0.40038895432413946,0.4493325904205534,0.42934802251931875,0.060433166923163535,0.10213791790902765
fiqa,BGE-M3,0.05,predicted_subspace_r128,Recall@10,0.4743686997159219,0.47334963561815413,0.5227740495101606,0.503252444571889,0.020618637987178397,0.03407920972723436
fiqa,BGE-M3,0.05,predicted_subspace_r128,MRR@10,0.5039002792475016,0.5037814765824025,0.5832224916715658,0.5514513521457964,0.0014954827171552833,0.0024921958300714604
fiqa,BGE-M3,0.05,predicted_subspace_r128,NDCG@10,0.41328924618827134,0.4132489609242356,0.4682704336425513,0.4467369734873786,0.0007321734960096082,0.001202975660613091
fiqa,BGE-M3,0.1,subspace_oracle_r128,HitRate@5,0.7129629629629629,0.6157407407407407,0.7731481481481481,0.7129629629629629,0.6176470588235292,1.0
fiqa,BGE-M3,0.1,subspace_oracle_r128,HitRate@10,0.7777777777777778,0.6805555555555556,0.8395061728395061,0.7777777777777778,0.6116504854368934,1.0
fiqa,BGE-M3,0.1,subspace_oracle_r128,Recall@5,0.45952879853342815,0.40038895432413946,0.49850097176486063,0.45952879853342815,0.6027788007215397,1.0
fiqa,BGE-M3,0.1,subspace_oracle_r128,Recall@10,0.5394921565060453,0.47334963561815413,0.5779713599158044,0.5394921565060453,0.6322063733122463,1.0
fiqa,BGE-M3,0.1,subspace_oracle_r128,MRR@10,0.5984580148932,0.5037814765824025,0.6771696796002351,0.5984580148932,0.5460379464285715,1.0
fiqa,BGE-M3,0.1,subspace_oracle_r128,NDCG@10,0.4820572340017191,0.4132489609242356,0.5330964939174734,0.4820572340017191,0.5741317435492472,1.0
fiqa,BGE-M3,0.1,predicted_subspace_r128,HitRate@5,0.6203703703703703,0.6157407407407407,0.7731481481481481,0.7129629629629629,0.029411764705882477,0.04761904761904784
fiqa,BGE-M3,0.1,predicted_subspace_r128,HitRate@10,0.6820987654320988,0.6805555555555556,0.8395061728395061,0.7777777777777778,0.009708737864077718,0.015873015873015945
fiqa,BGE-M3,0.1,predicted_subspace_r128,Recall@5,0.4043737426839278,0.40038895432413946,0.49850097176486063,0.45952879853342815,0.0406146817049799,0.06737908110962632
fiqa,BGE-M3,0.1,predicted_subspace_r128,Recall@10,0.47426581905748566,0.47334963561815413,0.5779713599158044,0.5394921565060453,0.008757105137408898,0.013851655894464972
fiqa,BGE-M3,0.1,predicted_subspace_r128,MRR@10,0.5044183568489125,0.5037814765824025,0.6771696796002351,0.5984580148932,0.00367314647377991,0.006726906981107407
fiqa,BGE-M3,0.1,predicted_subspace_r128,NDCG@10,0.4139146433245353,0.4132489609242356,0.5330964939174734,0.4820572340017191,0.005554410538740907,0.009674452947687375
fiqa,BGE-M3,0.2,subspace_oracle_r128,HitRate@5,0.816358024691358,0.6157407407407407,0.9212962962962963,0.816358024691358,0.6565656565656566,1.0
fiqa,BGE-M3,0.2,subspace_oracle_r128,HitRate@10,0.8641975308641975,0.6805555555555556,0.9506172839506173,0.8641975308641975,0.6799999999999998,1.0
fiqa,BGE-M3,0.2,subspace_oracle_r128,Recall@5,0.5290179470735026,0.40038895432413946,0.608518975880087,0.5290179470735026,0.6180222910070968,1.0
fiqa,BGE-M3,0.2,subspace_oracle_r128,Recall@10,0.6009595813993963,0.47334963561815413,0.6697567350345128,0.6009595813993963,0.6497216554821418,1.0
fiqa,BGE-M3,0.2,subspace_oracle_r128,MRR@10,0.7166329854987262,0.5037814765824025,0.8529400597687634,0.7166329854987262,0.6096127065640995,1.0
fiqa,BGE-M3,0.2,subspace_oracle_r128,NDCG@10,0.5608453448780851,0.4132489609242356,0.653885013344506,0.5608453448780851,0.6133593967709907,1.0
fiqa,BGE-M3,0.2,predicted_subspace_r128,HitRate@5,0.6203703703703703,0.6157407407407407,0.9212962962962963,0.816358024691358,0.015151515151515218,0.02307692307692318
fiqa,BGE-M3,0.2,predicted_subspace_r128,HitRate@10,0.6820987654320988,0.6805555555555556,0.9506172839506173,0.8641975308641975,0.00571428571428574,0.008403361344537856
fiqa,BGE-M3,0.2,predicted_subspace_r128,Recall@5,0.40547970976211717,0.40038895432413946,0.608518975880087,0.5290179470735026,0.024459496039639164,0.03957704502823231
fiqa,BGE-M3,0.2,predicted_subspace_r128,Recall@10,0.47703931014116197,0.47334963561815413,0.6697567350345128,0.6009595813993963,0.01878585109179879,0.02891369086021658
fiqa,BGE-M3,0.2,predicted_subspace_r128,MRR@10,0.5079487556339408,0.5037814765824025,0.8529400597687634,0.7166329854987262,0.01193520438050952,0.019578339250470592
fiqa,BGE-M3,0.2,predicted_subspace_r128,NDCG@10,0.41551829864243894,0.4132489609242356,0.653885013344506,0.5608453448780851,0.009430580727113882,0.0153752934686594
fiqa,BGE-M3,0.3,subspace_oracle_r128,HitRate@5,0.9027777777777778,0.6157407407407407,0.9953703703703703,0.9027777777777778,0.7560975609756099,1.0
fiqa,BGE-M3,0.3,subspace_oracle_r128,HitRate@10,0.9382716049382716,0.6805555555555556,0.9969135802469136,0.9382716049382716,0.8146341463414632,1.0
fiqa,BGE-M3,0.3,subspace_oracle_r128,Recall@5,0.593164037608482,0.40038895432413946,0.6699111716472828,0.593164037608482,0.7152474671622902,1.0
fiqa,BGE-M3,0.3,subspace_oracle_r128,Recall@10,0.6608636819284968,0.47334963561815413,0.7181174749461786,0.6608636819284968,0.7660893964874468,1.0
fiqa,BGE-M3,0.3,subspace_oracle_r128,MRR@10,0.8238217715069567,0.5037814765824025,0.9730881344307271,0.8238217715069567,0.6819427970442051,1.0
fiqa,BGE-M3,0.3,subspace_oracle_r128,NDCG@10,0.6354251619059859,0.4132489609242356,0.7414638785537729,0.6354251619059859,0.6769229216830569,1.0
fiqa,BGE-M3,0.3,predicted_subspace_r128,HitRate@5,0.6172839506172839,0.6157407407407407,0.9953703703703703,0.9027777777777778,0.004065040650406522,0.005376344086021528
fiqa,BGE-M3,0.3,predicted_subspace_r128,HitRate@10,0.6774691358024691,0.6805555555555556,0.9969135802469136,0.9382716049382716,-0.009756097560975655,-0.011976047904191673
fiqa,BGE-M3,0.3,predicted_subspace_r128,Recall@5,0.39960081499433353,0.40038895432413946,0.6699111716472828,0.593164037608482,-0.0029242091343474933,-0.004088387961650745
fiqa,BGE-M3,0.3,predicted_subspace_r128,Recall@10,0.4701505927200371,0.47334963561815413,0.7181174749461786,0.6608636819284968,-0.013069702730961431,-0.01706028407505258
fiqa,BGE-M3,0.3,predicted_subspace_r128,MRR@10,0.5080197922790515,0.5037814765824025,0.9730881344307271,0.8238217715069567,0.009031015490129253,0.01324306896307586
fiqa,BGE-M3,0.3,predicted_subspace_r128,NDCG@10,0.4129801889619686,0.4132489609242356,0.7414638785537729,0.6354251619059859,-0.0008188901473709293,-0.001209724358771741
fiqa,BGE-M3,0.5,subspace_oracle_r128,HitRate@5,0.9953703703703703,0.6157407407407407,1.0,0.9953703703703703,0.9879518072289156,1.0
fiqa,BGE-M3,0.5,subspace_oracle_r128,HitRate@10,0.9984567901234568,0.6805555555555556,1.0,0.9984567901234568,0.9951690821256038,1.0
fiqa,BGE-M3,0.5,subspace_oracle_r128,Recall@5,0.6756982086843197,0.40038895432413946,0.6836315990251175,0.6756982086843197,0.9719908336925285,1.0
fiqa,BGE-M3,0.5,subspace_oracle_r128,Recall@10,0.7149483832354202,0.47334963561815413,0.7419000538213502,0.7149483832354202,0.8996401838944923,1.0
fiqa,BGE-M3,0.5,subspace_oracle_r128,MRR@10,0.9771494708994709,0.5037814765824025,1.0,0.9771494708994709,0.9539506728947742,1.0
fiqa,BGE-M3,0.5,subspace_oracle_r128,NDCG@10,0.7427436206763762,0.4132489609242356,0.7720002131341723,0.7427436206763762,0.9184488074185857,1.0
fiqa,BGE-M3,0.5,predicted_subspace_r128,HitRate@5,0.6188271604938271,0.6157407407407407,1.0,0.9953703703703703,0.008032128514056259,0.008130081300813044
fiqa,BGE-M3,0.5,predicted_subspace_r128,HitRate@10,0.6666666666666666,0.6805555555555556,1.0,0.9984567901234568,-0.04347826086956541,-0.04368932038834971
fiqa,BGE-M3,0.5,predicted_subspace_r128,Recall@5,0.4002823993564734,0.40038895432413946,0.6836315990251175,0.6756982086843197,-0.0003761967685993415,-0.0003870373624514493
fiqa,BGE-M3,0.5,predicted_subspace_r128,Recall@10,0.4581374386929942,0.47334963561815413,0.7419000538213502,0.7149483832354202,-0.056645590153763026,-0.06296471763694172
fiqa,BGE-M3,0.5,predicted_subspace_r128,MRR@10,0.5003153782088967,0.5037814765824025,1.0,0.9771494708994709,-0.0069850241575702444,-0.007322206856224661
fiqa,BGE-M3,0.5,predicted_subspace_r128,NDCG@10,0.40523054692184673,0.4132489609242356,0.7720002131341723,0.7427436206763762,-0.02235090178220915,-0.024335490014984217
fiqa,BGE-M3,0.75,subspace_oracle_r128,HitRate@5,1.0,0.6157407407407407,1.0,1.0,1.0,1.0
fiqa,BGE-M3,0.75,subspace_oracle_r128,HitRate@10,1.0,0.6805555555555556,1.0,1.0,1.0,1.0
fiqa,BGE-M3,0.75,subspace_oracle_r128,Recall@5,0.6804154093505945,0.40038895432413946,0.6910279835048354,0.6804154093505945,0.9634853784635964,1.0
fiqa,BGE-M3,0.75,subspace_oracle_r128,Recall@10,0.7272022987300766,0.47334963561815413,0.7370947639466158,0.7272022987300766,0.9624923300792901,1.0
fiqa,BGE-M3,0.75,subspace_oracle_r128,MRR@10,1.0,0.5037814765824025,1.0,1.0,1.0,1.0
fiqa,BGE-M3,0.75,subspace_oracle_r128,NDCG@10,0.7639079504355326,0.4132489609242356,0.7718231453704473,0.7639079504355326,0.977925920832424,1.0
fiqa,BGE-M3,0.75,predicted_subspace_r128,HitRate@5,0.5910493827160493,0.6157407407407407,1.0,1.0,-0.0642570281124498,-0.0642570281124498
fiqa,BGE-M3,0.75,predicted_subspace_r128,HitRate@10,0.6481481481481481,0.6805555555555556,1.0,1.0,-0.10144927536231896,-0.10144927536231896
fiqa,BGE-M3,0.75,predicted_subspace_r128,Recall@5,0.3769848292996441,0.40038895432413946,0.6910279835048354,0.6804154093505945,-0.0805264354566246,-0.08357826414038017
fiqa,BGE-M3,0.75,predicted_subspace_r128,Recall@10,0.43766927516927523,0.47334963561815413,0.7370947639466158,0.7272022987300766,-0.1352834862771132,-0.14055539150734692
fiqa,BGE-M3,0.75,predicted_subspace_r128,MRR@10,0.46903537135018625,0.5037814765824025,1.0,1.0,-0.07002178192162184,-0.07002178192162184
fiqa,BGE-M3,0.75,predicted_subspace_r128,NDCG@10,0.37969906328742886,0.4132489609242356,0.7718231453704473,0.7639079504355326,-0.0935647324656731,-0.09567670768561845
fiqa,BGE-M3,1.0,subspace_oracle_r128,HitRate@5,1.0,0.6157407407407407,1.0,1.0,1.0,1.0
fiqa,BGE-M3,1.0,subspace_oracle_r128,HitRate@10,1.0,0.6805555555555556,1.0,1.0,1.0,1.0
fiqa,BGE-M3,1.0,subspace_oracle_r128,Recall@5,0.6883960089978609,0.40038895432413946,0.682964711899897,0.6883960089978609,1.0192206760571376,1.0
fiqa,BGE-M3,1.0,subspace_oracle_r128,Recall@10,0.7222567727197358,0.47334963561815413,0.7273829908089168,0.7222567727197358,0.9798206889590088,1.0
fiqa,BGE-M3,1.0,subspace_oracle_r128,MRR@10,1.0,0.5037814765824025,1.0,1.0,1.0,1.0
fiqa,BGE-M3,1.0,subspace_oracle_r128,NDCG@10,0.761981454838968,0.4132489609242356,0.7642220465132458,0.761981454838968,0.9936160584207828,1.0
fiqa,BGE-M3,1.0,predicted_subspace_r128,HitRate@5,0.5540123456790124,0.6157407407407407,1.0,1.0,-0.16064257028112433,-0.16064257028112433
fiqa,BGE-M3,1.0,predicted_subspace_r128,HitRate@10,0.6126543209876543,0.6805555555555556,1.0,1.0,-0.21256038647343023,-0.21256038647343023
fiqa,BGE-M3,1.0,predicted_subspace_r128,Recall@5,0.3466907064129286,0.40038895432413946,0.682964711899897,0.6883960089978609,-0.19003133309061215,-0.18644768258209765
fiqa,BGE-M3,1.0,predicted_subspace_r128,Recall@10,0.4044161642541272,0.47334963561815413,0.7273829908089168,0.7222567727197358,-0.2713559851707755,-0.2769445350853659
fiqa,BGE-M3,1.0,predicted_subspace_r128,MRR@10,0.4317227611209093,0.5037814765824025,1.0,1.0,-0.14521569038818702,-0.14521569038818702
fiqa,BGE-M3,1.0,predicted_subspace_r128,NDCG@10,0.34650703355532103,0.4132489609242356,0.7642220465132458,0.761981454838968,-0.19016252273847972,-0.19138430898622663
fiqa,E5,0.0,subspace_oracle_r128,HitRate@5,0.6033950617283951,0.6033950617283951,0.6033950617283951,0.6033950617283951,,
fiqa,E5,0.0,subspace_oracle_r128,HitRate@10,0.683641975308642,0.683641975308642,0.683641975308642,0.683641975308642,,
fiqa,E5,0.0,subspace_oracle_r128,Recall@5,0.38963848223107483,0.38963848223107483,0.38963848223107483,0.38963848223107483,,
fiqa,E5,0.0,subspace_oracle_r128,Recall@10,0.47050885928200736,0.47050885928200736,0.47050885928200736,0.47050885928200736,,
fiqa,E5,0.0,subspace_oracle_r128,MRR@10,0.4776816333529297,0.4776816333529297,0.4776816333529297,0.4776816333529297,,
fiqa,E5,0.0,subspace_oracle_r128,NDCG@10,0.3986663557596119,0.3986663557596119,0.3986663557596119,0.3986663557596119,,
fiqa,E5,0.0,predicted_subspace_r128,HitRate@5,0.6033950617283951,0.6033950617283951,0.6033950617283951,0.6033950617283951,,
fiqa,E5,0.0,predicted_subspace_r128,HitRate@10,0.683641975308642,0.683641975308642,0.683641975308642,0.683641975308642,,
fiqa,E5,0.0,predicted_subspace_r128,Recall@5,0.38963848223107483,0.38963848223107483,0.38963848223107483,0.38963848223107483,,
fiqa,E5,0.0,predicted_subspace_r128,Recall@10,0.47050885928200736,0.47050885928200736,0.47050885928200736,0.47050885928200736,,
fiqa,E5,0.0,predicted_subspace_r128,MRR@10,0.4776816333529297,0.4776816333529297,0.4776816333529297,0.4776816333529297,,
fiqa,E5,0.0,predicted_subspace_r128,NDCG@10,0.3986663557596119,0.3986663557596119,0.3986663557596119,0.3986663557596119,,
fiqa,E5,0.01,subspace_oracle_r128,HitRate@5,0.6126543209876543,0.6033950617283951,0.6280864197530864,0.6126543209876543,0.37499999999999717,1.0
fiqa,E5,0.01,subspace_oracle_r128,HitRate@10,0.6929012345679012,0.683641975308642,0.7021604938271605,0.6929012345679012,0.499999999999997,1.0
fiqa,E5,0.01,subspace_oracle_r128,Recall@5,0.3962889819371301,0.38963848223107483,0.40521387905647166,0.3962889819371301,0.4269874970511903,1.0
fiqa,E5,0.01,subspace_oracle_r128,Recall@10,0.47789054652480584,0.47050885928200736,0.4861595794466165,0.47789054652480584,0.47165160230074543,1.0
fiqa,E5,0.01,subspace_oracle_r128,MRR@10,0.4901736723495983,0.4776816333529297,0.5030368165784833,0.4901736723495983,0.4926818664863288,1.0
fiqa,E5,0.01,subspace_oracle_r128,NDCG@10,0.4078849242940127,0.3986663557596119,0.4165896536484267,0.4078849242940127,0.5143343926763453,1.0
fiqa,E5,0.01,predicted_subspace_r128,HitRate@5,0.6033950617283951,0.6033950617283951,0.6280864197530864,0.6126543209876543,0.0,0.0
fiqa,E5,0.01,predicted_subspace_r128,HitRate@10,0.6851851851851852,0.683641975308642,0.7021604938271605,0.6929012345679012,0.08333333333333383,0.16666666666666866
fiqa,E5,0.01,predicted_subspace_r128,Recall@5,0.38941802367728295,0.38963848223107483,0.40521387905647166,0.3962889819371301,-0.01415428167020479,-0.033149171270717266
fiqa,E5,0.01,predicted_subspace_r128,Recall@10,0.4726822131914724,0.47050885928200736,0.4861595794466165,0.47789054652480584,0.1388660640920308,0.29442508710801285
fiqa,E5,0.01,predicted_subspace_r128,MRR@10,0.4790607240838723,0.4776816333529297,0.5030368165784833,0.4901736723495983,0.05439088010820316,0.11039756850826256
fiqa,E5,0.01,predicted_subspace_r128,NDCG@10,0.3999227836722315,0.3986663557596119,0.4165896536484267,0.4078849242940127,0.07010026393656496,0.13629316828648652
fiqa,E5,0.02,subspace_oracle_r128,HitRate@5,0.6311728395061729,0.6033950617283951,0.6404320987654321,0.6311728395061729,0.7500000000000016,1.0
fiqa,E5,0.02,subspace_oracle_r128,HitRate@10,0.7052469135802469,0.683641975308642,0.7345679012345679,0.7052469135802469,0.4242424242424239,1.0
fiqa,E5,0.02,subspace_oracle_r128,Recall@5,0.4075286938712865,0.38963848223107483,0.4147732069028366,0.4075286938712865,0.7117727317025623,1.0
fiqa,E5,0.02,subspace_oracle_r128,Recall@10,0.4894174669637633,0.47050885928200736,0.5074730225193188,0.4894174669637633,0.511538907572773,1.0
fiqa,E5,0.02,subspace_oracle_r128,MRR@10,0.5048311042524005,0.4776816333529297,0.5268904320987654,0.5048311042524005,0.5517198466822634,1.0
fiqa,E5,0.02,subspace_oracle_r128,NDCG@10,0.41874195912104994,0.3986663557596119,0.43413145541180553,0.41874195912104994,0.566066458527385,1.0
fiqa,E5,0.02,predicted_subspace_r128,HitRate@5,0.6049382716049383,0.6033950617283951,0.6404320987654321,0.6311728395061729,0.041666666666666914,0.055555555555555775
fiqa,E5,0.02,predicted_subspace_r128,HitRate@10,0.6851851851851852,0.683641975308642,0.7345679012345679,0.7052469135802469,0.030303030303030436,0.0714285714285718
fiqa,E5,0.02,predicted_subspace_r128,Recall@5,0.390446830261645,0.38963848223107483,0.4147732069028366,0.4075286938712865,0.0321606081278595,0.04518381597863583
fiqa,E5,0.02,predicted_subspace_r128,Recall@10,0.4728536809555328,0.47050885928200736,0.5074730225193188,0.4894174669637633,0.06343499942015739,0.1240081614146485
fiqa,E5,0.02,predicted_subspace_r128,MRR@10,0.47930873995688816,0.4776816333529297,0.5268904320987654,0.5048311042524005,0.033065359151775206,0.05993142960256352
fiqa,E5,0.02,predicted_subspace_r128,NDCG@10,0.4002838621468444,0.3986663557596119,0.43413145541180553,0.41874195912104994,0.04560839820261062,0.0805707483910287
fiqa,E5,0.05,subspace_oracle_r128,HitRate@5,0.6712962962962963,0.6033950617283951,0.720679012345679,0.6712962962962963,0.5789473684210525,1.0
fiqa,E5,0.05,subspace_oracle_r128,HitRate@10,0.7484567901234568,0.683641975308642,0.7870370370370371,0.7484567901234568,0.6268656716417905,1.0
fiqa,E5,0.05,subspace_oracle_r128,Recall@5,0.43310066134140207,0.38963848223107483,0.462937889442519,0.43310066134140207,0.5929403901583193,1.0
fiqa,E5,0.05,subspace_oracle_r128,Recall@10,0.5192057042751487,0.47050885928200736,0.5401137485628226,0.5192057042751487,0.6996181661417187,1.0
fiqa,E5,0.05,subspace_oracle_r128,MRR@10,0.5447977905153831,0.4776816333529297,0.5955332647462277,0.5447977905153831,0.5694970563323929,1.0
fiqa,E5,0.05,subspace_oracle_r128,NDCG@10,0.4470944319380922,0.3986663557596119,0.4783293760596128,0.4470944319380922,0.6079116256966689,1.0
fiqa,E5,0.05,predicted_subspace_r128,HitRate@5,0.6049382716049383,0.6033950617283951,0.720679012345679,0.6712962962962963,0.013157894736842167,0.02272727272727284
fiqa,E5,0.05,predicted_subspace_r128,HitRate@10,0.6882716049382716,0.683641975308642,0.7870370370370371,0.7484567901234568,0.04477611940298419,0.07142857142857008
fiqa,E5,0.05,predicted_subspace_r128,Recall@5,0.3920818978689349,0.38963848223107483,0.462937889442519,0.43310066134140207,0.033334725761309546,0.0562193541114798
fiqa,E5,0.05,predicted_subspace_r128,Recall@10,0.47714037505704165,0.47050885928200736,0.5401137485628226,0.5192057042751487,0.09527370625186954,0.13617957746478862
fiqa,E5,0.05,predicted_subspace_r128,MRR@10,0.47954695767195765,0.4776816333529297,0.5955332647462277,0.5447977905153831,0.015827734389208033,0.027792477964925618
fiqa,E5,0.05,predicted_subspace_r128,NDCG@10,0.40194958302007555,0.3986663557596119,0.4783293760596128,0.4470944319380922,0.04121394403701279,0.06779594647459072
fiqa,E5,0.1,subspace_oracle_r128,HitRate@5,0.7345679012345679,0.6033950617283951,0.8287037037037037,0.7345679012345679,0.5821917808219179,1.0
fiqa,E5,0.1,subspace_oracle_r128,HitRate@10,0.7978395061728395,0.683641975308642,0.8858024691358025,0.7978395061728395,0.5648854961832058,1.0
fiqa,E5,0.1,subspace_oracle_r128,Recall@5,0.4756583479963109,0.38963848223107483,0.5353162698070106,0.4756583479963109,0.5904803141000303,1.0
fiqa,E5,0.1,subspace_oracle_r128,Recall@10,0.5481016968285486,0.47050885928200736,0.6059806405871221,0.5481016968285486,0.5727601482686913,1.0
fiqa,E5,0.1,subspace_oracle_r128,MRR@10,0.6110615079365079,0.4776816333529297,0.7132036302175191,0.6110615079365079,0.5663159974830861,1.0
fiqa,E5,0.1,subspace_oracle_r128,NDCG@10,0.4886173693214302,0.3986663557596119,0.5575798614225376,0.4886173693214302,0.5660375635574676,1.0
fiqa,E5,0.1,predicted_subspace_r128,HitRate@5,0.6080246913580247,0.6033950617283951,0.8287037037037037,0.7345679012345679,0.020547945205479545,0.035294117647058976
fiqa,E5,0.1,predicted_subspace_r128,HitRate@10,0.683641975308642,0.683641975308642,0.8858024691358025,0.7978395061728395,0.0,0.0
fiqa,E5,0.1,predicted_subspace_r128,Recall@5,0.39575988140802953,0.38963848223107483,0.5353162698070106,0.4756583479963109,0.04202012728786033,0.07116262182576659
fiqa,E5,0.1,predicted_subspace_r128,Recall@10,0.4757000458389347,0.47050885928200736,0.6059806405871221,0.5481016968285486,0.038319320133803826,0.06690290909664966
fiqa,E5,0.1,predicted_subspace_r128,MRR@10,0.4816504997060553,0.4776816333529297,0.7132036302175191,0.6110615079365079,0.016851361681547956,0.02975611099887964
fiqa,E5,0.1,predicted_subspace_r128,NDCG@10,0.4042292840246464,0.3986663557596119,0.5575798614225376,0.4886173693214302,0.035006013125367365,0.06184397534566332
fiqa,E5,0.2,subspace_oracle_r128,HitRate@5,0.8611111111111112,0.6033950617283951,0.9645061728395061,0.8611111111111112,0.7136752136752139,1.0
fiqa,E5,0.2,subspace_oracle_r128,HitRate@10,0.8950617283950617,0.683641975308642,0.9799382716049383,0.8950617283950617,0.7135416666666665,1.0
fiqa,E5,0.2,subspace_oracle_r128,Recall@5,0.5579157211101655,0.38963848223107483,0.638934239628684,0.5579157211101655,0.6750104399518534,1.0
fiqa,E5,0.2,subspace_oracle_r128,Recall@10,0.6178351869324091,0.47050885928200736,0.6938229637303711,0.6178351869324091,0.659726925956294,1.0
fiqa,E5,0.2,subspace_oracle_r128,MRR@10,0.7392085537918871,0.4776816333529297,0.9115667254556143,0.7392085537918871,0.6027561794565267,1.0
fiqa,E5,0.2,subspace_oracle_r128,NDCG@10,0.5752074613630063,0.3986663557596119,0.6927030045959495,0.5752074613630063,0.6004051069894288,1.0
fiqa,E5,0.2,predicted_subspace_r128,HitRate@5,0.6111111111111112,0.6033950617283951,0.9645061728395061,0.8611111111111112,0.021367521367521465,0.02994011976047917
fiqa,E5,0.2,predicted_subspace_r128,HitRate@10,0.6851851851851852,0.683641975308642,0.9799382716049383,0.8950617283950617,0.0052083333333333565,0.007299270072992735
fiqa,E5,0.2,predicted_subspace_r128,Recall@5,0.3990876750136009,0.38963848223107483,0.638934239628684,0.5579157211101655,0.03790354429279453,0.056152530463822285
fiqa,E5,0.2,predicted_subspace_r128,Recall@10,0.47371959316403767,0.47050885928200736,0.6938229637303711,0.6178351869324091,0.014377658276272073,0.021793347687653078
fiqa,E5,0.2,predicted_subspace_r128,MRR@10,0.48283975112678823,0.4776816333529297,0.9115667254556143,0.7392085537918871,0.011888211574316578,0.01972308535274669
fiqa,E5,0.2,predicted_subspace_r128,NDCG@10,0.40385380022600786,0.3986663557596119,0.6927030045959495,0.5752074613630063,0.017642169732669355,0.029383776932097243
fiqa,E5,0.3,subspace_oracle_r128,HitRate@5,0.9351851851851852,0.6033950617283951,1.0,0.9351851851851852,0.8365758754863815,1.0
fiqa,E5,0.3,subspace_oracle_r128,HitRate@10,0.9660493827160493,0.683641975308642,1.0,0.9660493827160493,0.8926829268292682,1.0
fiqa,E5,0.3,subspace_oracle_r128,Recall@5,0.6179564776786999,0.38963848223107483,0.6804399432871655,0.6179564776786999,0.7851335912084237,1.0
fiqa,E5,0.3,subspace_oracle_r128,Recall@10,0.6850016153256894,0.47050885928200736,0.7216650419196715,0.6850016153256894,0.8540214052907652,1.0
fiqa,E5,0.3,subspace_oracle_r128,MRR@10,0.8519535077405447,0.4776816333529297,0.9931841563786007,0.8519535077405447,0.7260330603056564,1.0
fiqa,E5,0.3,subspace_oracle_r128,NDCG@10,0.6572159225969413,0.3986663557596119,0.7561566824901218,0.6572159225969413,0.7232351409391675,1.0
fiqa,E5,0.3,predicted_subspace_r128,HitRate@5,0.6126543209876543,0.6033950617283951,1.0,0.9351851851851852,0.02334630350194535,0.027906976744185834
fiqa,E5,0.3,predicted_subspace_r128,HitRate@10,0.6929012345679012,0.683641975308642,1.0,0.9660493827160493,0.029268292682926612,0.0327868852459014
fiqa,E5,0.3,predicted_subspace_r128,Recall@5,0.40387285040062826,0.38963848223107483,0.6804399432871655,0.6179564776786999,0.04894875052504587,0.06234448643282134
fiqa,E5,0.3,predicted_subspace_r128,Recall@10,0.48118768234508974,0.47050885928200736,0.7216650419196715,0.6850016153256894,0.04251865492990236,0.04978640425930098
fiqa,E5,0.3,predicted_subspace_r128,MRR@10,0.48704377327062504,0.4776816333529297,0.9931841563786007,0.8519535077405447,0.018161191263906074,0.025014275873691344
fiqa,E5,0.3,predicted_subspace_r128,NDCG@10,0.40773854163639217,0.3986663557596119,0.7561566824901218,0.6572159225969413,0.02537743037623291,0.0350887684236121
fiqa,E5,0.5,subspace_oracle_r128,HitRate@5,0.9969135802469136,0.6033950617283951,1.0,0.9969135802469136,0.9922178988326847,1.0
fiqa,E5,0.5,subspace_oracle_r128,HitRate@10,0.9984567901234568,0.683641975308642,1.0,0.9984567901234568,0.9951219512195122,1.0
fiqa,E5,0.5,subspace_oracle_r128,Recall@5,0.6756621165185981,0.38963848223107483,0.6932657320388802,0.6756621165185981,0.9420222805053725,1.0
fiqa,E5,0.5,subspace_oracle_r128,Recall@10,0.7284024060644431,0.47050885928200736,0.7434266565053602,0.7284024060644431,0.9449495394079358,1.0
fiqa,E5,0.5,subspace_oracle_r128,MRR@10,0.986331569664903,0.4776816333529297,1.0,0.986331569664903,0.9738312278336313,1.0
fiqa,E5,0.5,subspace_oracle_r128,NDCG@10,0.7541797181254563,0.3986663557596119,0.773625654715276,0.7541797181254563,0.9481385402522873,1.0
fiqa,E5,0.5,predicted_subspace_r128,HitRate@5,0.6064814814814815,0.6033950617283951,1.0,0.9969135802469136,0.00778210116731521,0.007843137254901995
fiqa,E5,0.5,predicted_subspace_r128,HitRate@10,0.6944444444444444,0.683641975308642,1.0,0.9984567901234568,0.03414634146341444,0.03431372549019588
fiqa,E5,0.5,predicted_subspace_r128,Recall@5,0.3949050863402715,0.38963848223107483,0.6932657320388802,0.6756621165185981,0.017345623993005883,0.0184131780659162
fiqa,E5,0.5,predicted_subspace_r128,Recall@10,0.48084229727748234,0.47050885928200736,0.7434266565053602,0.7284024060644431,0.037862822068061075,0.040068617941000605
fiqa,E5,0.5,predicted_subspace_r128,MRR@10,0.48920304232804235,0.4776816333529297,1.0,0.986331569664903,0.022058211448837805,0.022650959240553555
fiqa,E5,0.5,predicted_subspace_r128,NDCG@10,0.40781974705069823,0.3986663557596119,0.773625654715276,0.7541797181254563,0.02441169299329378,0.025746968356331286
fiqa,E5,0.75,subspace_oracle_r128,HitRate@5,1.0,0.6033950617283951,1.0,1.0,1.0,1.0
fiqa,E5,0.75,subspace_oracle_r128,HitRate@10,1.0,0.683641975308642,1.0,1.0,1.0,1.0
fiqa,E5,0.75,subspace_oracle_r128,Recall@5,0.6865067459974867,0.38963848223107483,0.69570603008103,0.6865067459974867,0.9699436149040763,1.0
fiqa,E5,0.75,subspace_oracle_r128,Recall@10,0.7358631851687407,0.47050885928200736,0.7406795921842217,0.7358631851687407,0.9821727284678748,1.0
fiqa,E5,0.75,subspace_oracle_r128,MRR@10,1.0,0.4776816333529297,1.0,1.0,1.0,1.0
fiqa,E5,0.75,subspace_oracle_r128,NDCG@10,0.7695487972442441,0.3986663557596119,0.774785777820131,0.7695487972442441,0.986076282508367,1.0
fiqa,E5,0.75,predicted_subspace_r128,HitRate@5,0.6018518518518519,0.6033950617283951,1.0,1.0,-0.003891050583657605,-0.003891050583657605
fiqa,E5,0.75,predicted_subspace_r128,HitRate@10,0.6774691358024691,0.683641975308642,1.0,1.0,-0.01951219512195131,-0.01951219512195131
fiqa,E5,0.75,predicted_subspace_r128,Recall@5,0.3861448650800503,0.38963848223107483,0.69570603008103,0.6865067459974867,-0.01141452981724551,-0.011768240588267972
fiqa,E5,0.75,predicted_subspace_r128,Recall@10,0.461350181026107,0.47050885928200736,0.7406795921842217,0.7358631851687407,-0.03389959436951774,-0.03451490087939917
fiqa,E5,0.75,predicted_subspace_r128,MRR@10,0.4702950470311581,0.4776816333529297,1.0,1.0,-0.014141923381305653,-0.014141923381305653
fiqa,E5,0.75,predicted_subspace_r128,NDCG@10,0.39139363907158625,0.3986663557596119,0.774785777820131,0.7695487972442441,-0.019336190213690797,-0.019609223501962415
fiqa,E5,1.0,subspace_oracle_r128,HitRate@5,1.0,0.6033950617283951,1.0,1.0,1.0,1.0
fiqa,E5,1.0,subspace_oracle_r128,HitRate@10,1.0,0.683641975308642,1.0,1.0,1.0,1.0
fiqa,E5,1.0,subspace_oracle_r128,Recall@5,0.685953762458392,0.38963848223107483,0.6930047061991507,0.685953762458392,0.9767576507083378,1.0
fiqa,E5,1.0,subspace_oracle_r128,Recall@10,0.7278097117217488,0.47050885928200736,0.725066227496783,0.7278097117217488,1.010777469315487,1.0
fiqa,E5,1.0,subspace_oracle_r128,MRR@10,1.0,0.4776816333529297,1.0,1.0,1.0,1.0
fiqa,E5,1.0,subspace_oracle_r128,NDCG@10,0.7651309443556567,0.3986663557596119,0.7666718659456228,0.7651309443556567,0.995812775767441,1.0
fiqa,E5,1.0,predicted_subspace_r128,HitRate@5,0.5771604938271605,0.6033950617283951,1.0,1.0,-0.066147859922179,-0.066147859922179
fiqa,E5,1.0,predicted_subspace_r128,HitRate@10,0.6527777777777778,0.683641975308642,1.0,1.0,-0.0975609756097562,-0.0975609756097562
fiqa,E5,1.0,predicted_subspace_r128,Recall@5,0.36415974714585825,0.38963848223107483,0.6930047061991507,0.685953762458392,-0.08398672321509923,-0.08598522177347948
fiqa,E5,1.0,predicted_subspace_r128,Recall@10,0.43135373285836254,0.47050885928200736,0.725066227496783,0.7278097117217488,-0.15381651176802233,-0.15217643491023708
fiqa,E5,1.0,predicted_subspace_r128,MRR@10,0.4391271066039585,0.4776816333529297,1.0,1.0,-0.07381422751121143,-0.07381422751121143
fiqa,E5,1.0,predicted_subspace_r128,NDCG@10,0.3634310361157245,0.3986663557596119,0.7666718659456228,0.7651309443556567,-0.09574671755886874,-0.0961493163060494
fiqa,Qwen3,0.0,subspace_oracle_r128,HitRate@5,0.6759259259259259,0.6759259259259259,0.6759259259259259,0.6759259259259259,,
fiqa,Qwen3,0.0,subspace_oracle_r128,HitRate@10,0.75,0.75,0.75,0.75,,
fiqa,Qwen3,0.0,subspace_oracle_r128,Recall@5,0.45208036133962054,0.45208036133962054,0.45208036133962054,0.45208036133962054,,
fiqa,Qwen3,0.0,subspace_oracle_r128,Recall@10,0.5453282785458712,0.5453282785458712,0.5453282785458712,0.5453282785458712,,
fiqa,Qwen3,0.0,subspace_oracle_r128,MRR@10,0.550733024691358,0.550733024691358,0.550733024691358,0.550733024691358,,
fiqa,Qwen3,0.0,subspace_oracle_r128,NDCG@10,0.46796898407580273,0.46796898407580273,0.46796898407580273,0.46796898407580273,,
fiqa,Qwen3,0.0,predicted_subspace_r128,HitRate@5,0.6759259259259259,0.6759259259259259,0.6759259259259259,0.6759259259259259,,
fiqa,Qwen3,0.0,predicted_subspace_r128,HitRate@10,0.75,0.75,0.75,0.75,,
fiqa,Qwen3,0.0,predicted_subspace_r128,Recall@5,0.45208036133962054,0.45208036133962054,0.45208036133962054,0.45208036133962054,,
fiqa,Qwen3,0.0,predicted_subspace_r128,Recall@10,0.5453282785458712,0.5453282785458712,0.5453282785458712,0.5453282785458712,,
fiqa,Qwen3,0.0,predicted_subspace_r128,MRR@10,0.550733024691358,0.550733024691358,0.550733024691358,0.550733024691358,,
fiqa,Qwen3,0.0,predicted_subspace_r128,NDCG@10,0.46796898407580273,0.46796898407580273,0.46796898407580273,0.46796898407580273,,
fiqa,Qwen3,0.01,subspace_oracle_r128,HitRate@5,0.6820987654320988,0.6759259259259259,0.6882716049382716,0.6820987654320988,0.5000000000000046,1.0
fiqa,Qwen3,0.01,subspace_oracle_r128,HitRate@10,0.7700617283950617,0.75,0.7731481481481481,0.7700617283950617,0.866666666666666,1.0
fiqa,Qwen3,0.01,subspace_oracle_r128,Recall@5,0.45696719261534074,0.45208036133962054,0.46185402389106084,0.45696719261534074,0.5000000000000057,1.0
fiqa,Qwen3,0.01,subspace_oracle_r128,Recall@10,0.5577639781343485,0.5453282785458712,0.5594357888339371,0.5577639781343485,0.8814949863263399,1.0
fiqa,Qwen3,0.01,subspace_oracle_r128,MRR@10,0.5597314079952969,0.550733024691358,0.5646800901430531,0.5597314079952969,0.6451811196487375,1.0
fiqa,Qwen3,0.01,subspace_oracle_r128,NDCG@10,0.47623737369777586,0.46796898407580273,0.4790799217800114,0.47623737369777586,0.7441666799050785,1.0
fiqa,Qwen3,0.01,predicted_subspace_r128,HitRate@5,0.6759259259259259,0.6759259259259259,0.6882716049382716,0.6820987654320988,0.0,0.0
fiqa,Qwen3,0.01,predicted_subspace_r128,HitRate@10,0.7484567901234568,0.75,0.7731481481481481,0.7700617283950617,-0.06666666666666698,-0.07692307692307734
fiqa,Qwen3,0.01,predicted_subspace_r128,Recall@5,0.4525947646318016,0.45208036133962054,0.46185402389106084,0.45696719261534074,0.052631578947366926,0.10526315789473266
fiqa,Qwen3,0.01,predicted_subspace_r128,Recall@10,0.5435707339642526,0.5453282785458712,0.5594357888339371,0.5577639781343485,-0.12458219386204265,-0.14133057566355897
fiqa,Qwen3,0.01,predicted_subspace_r128,MRR@10,0.5500838967274152,0.550733024691358,0.5646800901430531,0.5597314079952969,-0.046542261251372556,-0.0721382877364918
fiqa,Qwen3,0.01,predicted_subspace_r128,NDCG@10,0.46705739493561615,0.46796898407580273,0.4790799217800114,0.47623737369777586,-0.08204430305115264,-0.11024990135491922
fiqa,Qwen3,0.02,subspace_oracle_r128,HitRate@5,0.6929012345679012,0.6759259259259259,0.7052469135802469,0.6929012345679012,0.578947368421051,1.0
fiqa,Qwen3,0.02,subspace_oracle_r128,HitRate@10,0.7762345679012346,0.75,0.7839506172839507,0.7762345679012346,0.7727272727272719,1.0
fiqa,Qwen3,0.02,subspace_oracle_r128,Recall@5,0.46519764529023794,0.45208036133962054,0.4756657522861226,0.46519764529023794,0.5561613958560566,1.0
fiqa,Qwen3,0.02,subspace_oracle_r128,Recall@10,0.5629080110561592,0.5453282785458712,0.5686583050008975,0.5629080110561592,0.7535238995196474,1.0
fiqa,Qwen3,0.02,subspace_oracle_r128,MRR@10,0.5680041152263375,0.550733024691358,0.5827766754850089,0.5680041152263375,0.5389863547758306,1.0
fiqa,Qwen3,0.02,subspace_oracle_r128,NDCG@10,0.4814826923546658,0.46796898407580273,0.4905779707272237,0.4814826923546658,0.5977140190851377,1.0
fiqa,Qwen3,0.02,predicted_subspace_r128,HitRate@5,0.6759259259259259,0.6759259259259259,0.7052469135802469,0.6929012345679012,0.0,0.0
fiqa,Qwen3,0.02,predicted_subspace_r128,HitRate@10,0.75,0.75,0.7839506172839507,0.7762345679012346,0.0,0.0
fiqa,Qwen3,0.02,predicted_subspace_r128,Recall@5,0.45237430607800977,0.45208036133962054,0.4756657522861226,0.46519764529023794,0.012463000467364465,0.022408963585437505
fiqa,Qwen3,0.02,predicted_subspace_r128,Recall@10,0.5440851372564336,0.5453282785458712,0.5686583050008975,0.5629080110561592,-0.05328503556710536,-0.07071445988783266
fiqa,Qwen3,0.02,predicted_subspace_r128,MRR@10,0.5502082108563591,0.550733024691358,0.5827766754850089,0.5680041152263375,-0.01637809119748934,-0.0303868382796094
fiqa,Qwen3,0.02,predicted_subspace_r128,NDCG@10,0.4672443287936473,0.46796898407580273,0.4905779707272237,0.4814826923546658,-0.03205164801624951,-0.0536237180203801
fiqa,Qwen3,0.05,subspace_oracle_r128,HitRate@5,0.7145061728395061,0.6759259259259259,0.7484567901234568,0.7145061728395061,0.5319148936170207,1.0
fiqa,Qwen3,0.05,subspace_oracle_r128,HitRate@10,0.7916666666666666,0.75,0.8225308641975309,0.7916666666666666,0.5744680851063826,1.0
fiqa,Qwen3,0.05,subspace_oracle_r128,Recall@5,0.4797214830779646,0.45208036133962054,0.5020032008457933,0.4797214830779646,0.5536768743878506,1.0
fiqa,Qwen3,0.05,subspace_oracle_r128,Recall@10,0.5742628513461846,0.5453282785458712,0.598456952855101,0.5742628513461846,0.5446131147918878,1.0
fiqa,Qwen3,0.05,subspace_oracle_r128,MRR@10,0.5959184548304919,0.550733024691358,0.632543969233784,0.5959184548304919,0.5523152237375939,1.0
fiqa,Qwen3,0.05,subspace_oracle_r128,NDCG@10,0.4976098866049569,0.46796898407580273,0.523948609709644,0.4976098866049569,0.5294944757764768,1.0
fiqa,Qwen3,0.05,predicted_subspace_r128,HitRate@5,0.6805555555555556,0.6759259259259259,0.7484567901234568,0.7145061728395061,0.06382978723404284,0.12000000000000069
fiqa,Qwen3,0.05,predicted_subspace_r128,HitRate@10,0.7546296296296297,0.75,0.8225308641975309,0.7916666666666666,0.06382978723404284,0.1111111111111117
fiqa,Qwen3,0.05,predicted_subspace_r128,Recall@5,0.45468912089282454,0.45208036133962054,0.5020032008457933,0.4797214830779646,0.05225583278133519,0.09437965571365003
fiqa,Qwen3,0.05,predicted_subspace_r128,Recall@10,0.5457716451929415,0.5453282785458712,0.598456952855101,0.5742628513461846,0.008345147941952654,0.01532307562064783
fiqa,Qwen3,0.05,predicted_subspace_r128,MRR@10,0.5516760973936901,0.550733024691358,0.632543969233784,0.5959184548304919,0.0115274638082562,0.020871167972246446
fiqa,Qwen3,0.05,predicted_subspace_r128,NDCG@10,0.46850144944022987,0.46796898407580273,0.523948609709644,0.4976098866049569,0.00951177072726344,0.017963871508413585
fiqa,Qwen3,0.1,subspace_oracle_r128,HitRate@5,0.7685185185185185,0.6759259259259259,0.8271604938271605,0.7685185185185185,0.6122448979591835,1.0
fiqa,Qwen3,0.1,subspace_oracle_r128,HitRate@10,0.8425925925925926,0.75,0.8827160493827161,0.8425925925925926,0.6976744186046507,1.0
fiqa,Qwen3,0.1,subspace_oracle_r128,Recall@5,0.5167456600326971,0.45208036133962054,0.5578306552843589,0.5167456600326971,0.6114904865122027,1.0
fiqa,Qwen3,0.1,subspace_oracle_r128,Recall@10,0.6126802038839076,0.5453282785458712,0.6394163149950186,0.6126802038839076,0.7158394189088932,1.0
fiqa,Qwen3,0.1,subspace_oracle_r128,MRR@10,0.6455577601410935,0.550733024691358,0.715625,0.6455577601410935,0.5750718630924528,1.0
fiqa,Qwen3,0.1,subspace_oracle_r128,NDCG@10,0.536203733371302,0.46796898407580273,0.5805124366479828,0.536203733371302,0.6062969256406695,1.0
fiqa,Qwen3,0.1,predicted_subspace_r128,HitRate@5,0.6820987654320988,0.6759259259259259,0.8271604938271605,0.7685185185185185,0.04081632653061242,0.06666666666666698
fiqa,Qwen3,0.1,predicted_subspace_r128,HitRate@10,0.7577160493827161,0.75,0.8827160493827161,0.8425925925925926,0.05813953488372117,0.08333333333333373
fiqa,Qwen3,0.1,predicted_subspace_r128,Recall@5,0.4552035241850057,0.45208036133962054,0.5578306552843589,0.5167456600326971,0.02953337271116452,0.048297354353975155
fiqa,Qwen3,0.1,predicted_subspace_r128,Recall@10,0.5490638262629004,0.5453282785458712,0.6394163149950186,0.6126802038839076,0.03970268546361049,0.055463117027177225
fiqa,Qwen3,0.1,predicted_subspace_r128,MRR@10,0.5525683421516755,0.550733024691358,0.715625,0.6455577601410935,0.011130423156628414,0.019354838709677934
fiqa,Qwen3,0.1,predicted_subspace_r128,NDCG@10,0.46990469541338226,0.46796898407580273,0.5805124366479828,0.536203733371302,0.017199679708937776,0.028368409902067376
fiqa,Qwen3,0.2,subspace_oracle_r128,HitRate@5,0.8611111111111112,0.6759259259259259,0.9475308641975309,0.8611111111111112,0.681818181818182,1.0
fiqa,Qwen3,0.2,subspace_oracle_r128,HitRate@10,0.9104938271604939,0.75,0.9753086419753086,0.9104938271604939,0.7123287671232879,1.0
fiqa,Qwen3,0.2,subspace_oracle_r128,Recall@5,0.581637635341339,0.45208036133962054,0.644397993124845,0.581637635341339,0.673663006345694,1.0
fiqa,Qwen3,0.2,subspace_oracle_r128,Recall@10,0.6610188037271371,0.5453282785458712,0.7162075407445777,0.6610188037271371,0.6770308093133937,1.0
fiqa,Qwen3,0.2,subspace_oracle_r128,MRR@10,0.740625,0.550733024691358,0.8690335341955712,0.740625,0.596580808508346,1.0
fiqa,Qwen3,0.2,subspace_oracle_r128,NDCG@10,0.6019288035685738,0.46796898407580273,0.6872896522996998,0.6019288035685738,0.6107943249380218,1.0
fiqa,Qwen3,0.2,predicted_subspace_r128,HitRate@5,0.6805555555555556,0.6759259259259259,0.9475308641975309,0.8611111111111112,0.01704545454545462,0.025000000000000105
fiqa,Qwen3,0.2,predicted_subspace_r128,HitRate@10,0.7608024691358025,0.75,0.9753086419753086,0.9104938271604939,0.04794520547945227,0.06730769230769258
fiqa,Qwen3,0.2,predicted_subspace_r128,Recall@5,0.4548820221273925,0.45208036133962054,0.644397993124845,0.581637635341339,0.01456788315124828,0.021624882194841332
fiqa,Qwen3,0.2,predicted_subspace_r128,Recall@10,0.5509413982793613,0.5453282785458712,0.7162075407445777,0.6610188037271371,0.032848454875483366,0.04851840481055272
fiqa,Qwen3,0.2,predicted_subspace_r128,MRR@10,0.5519375857338821,0.550733024691358,0.8690335341955712,0.740625,0.0037843516003173224,0.006343401507969192
fiqa,Qwen3,0.2,predicted_subspace_r128,NDCG@10,0.4696133494323642,0.46796898407580273,0.6872896522996998,0.6019288035685738,0.00749753942424982,0.012275063991484543
fiqa,Qwen3,0.3,subspace_oracle_r128,HitRate@5,0.9351851851851852,0.6759259259259259,0.9969135802469136,0.9351851851851852,0.8076923076923078,1.0
fiqa,Qwen3,0.3,subspace_oracle_r128,HitRate@10,0.9660493827160493,0.75,0.9969135802469136,0.9660493827160493,0.8749999999999999,1.0
fiqa,Qwen3,0.3,subspace_oracle_r128,Recall@5,0.636196228325858,0.45208036133962054,0.6863487121588974,0.636196228325858,0.7859186541517559,1.0
fiqa,Qwen3,0.3,subspace_oracle_r128,Recall@10,0.7065416579305469,0.5453282785458712,0.7401364796040723,0.7065416579305469,0.8275492433530119,1.0
fiqa,Qwen3,0.3,subspace_oracle_r128,MRR@10,0.83618520968058,0.550733024691358,0.972608024691358,0.83618520968058,0.6766274014559336,1.0
fiqa,Qwen3,0.3,subspace_oracle_r128,NDCG@10,0.6668863811524333,0.46796898407580273,0.7556805268491565,0.6668863811524333,0.6913778820244577,1.0
fiqa,Qwen3,0.3,predicted_subspace_r128,HitRate@5,0.6759259259259259,0.6759259259259259,0.9969135802469136,0.9351851851851852,0.0,0.0
fiqa,Qwen3,0.3,predicted_subspace_r128,HitRate@10,0.7577160493827161,0.75,0.9969135802469136,0.9660493827160493,0.03125000000000014,0.03571428571428588
fiqa,Qwen3,0.3,predicted_subspace_r128,Recall@5,0.4522457052549645,0.45208036133962054,0.6863487121588974,0.636196228325858,0.000705788531680509,0.0008980427273892213
fiqa,Qwen3,0.3,predicted_subspace_r128,Recall@10,0.5483865285948619,0.5453282785458712,0.7401364796040723,0.7065416579305469,0.015698774653111525,0.01897019999620109
fiqa,Qwen3,0.3,predicted_subspace_r128,MRR@10,0.5509957378012934,0.550733024691358,0.972608024691358,0.83618520968058,0.0006227273716987725,0.000920340161156374
fiqa,Qwen3,0.3,predicted_subspace_r128,NDCG@10,0.4677974617841291,0.46796898407580273,0.7556805268491565,0.6668863811524333,-0.0005961606198355648,-0.0008622789871291766
fiqa,Qwen3,0.5,subspace_oracle_r128,HitRate@5,0.9938271604938271,0.6759259259259259,1.0,0.9938271604938271,0.9809523809523809,1.0
fiqa,Qwen3,0.5,subspace_oracle_r128,HitRate@10,0.9984567901234568,0.75,1.0,0.9984567901234568,0.9938271604938271,1.0
fiqa,Qwen3,0.5,subspace_oracle_r128,Recall@5,0.6855918044575452,0.45208036133962054,0.6993270789567086,0.6855918044575452,0.9444470906164453,1.0
fiqa,Qwen3,0.5,subspace_oracle_r128,Recall@10,0.7416607055495944,0.5453282785458712,0.7567339467802431,0.7416607055495944,0.9286999191812684,1.0
fiqa,Qwen3,0.5,subspace_oracle_r128,MRR@10,0.973341049382716,0.550733024691358,1.0,0.973341049382716,0.9406612279948475,1.0
fiqa,Qwen3,0.5,subspace_oracle_r128,NDCG@10,0.7578383022519515,0.46796898407580273,0.7810174833489141,0.7578383022519515,0.9259565813259482,1.0
fiqa,Qwen3,0.5,predicted_subspace_r128,HitRate@5,0.6697530864197531,0.6759259259259259,1.0,0.9938271604938271,-0.019047619047619133,-0.01941747572815543
fiqa,Qwen3,0.5,predicted_subspace_r128,HitRate@10,0.7469135802469136,0.75,1.0,0.9984567901234568,-0.012345679012345734,-0.01242236024844726
fiqa,Qwen3,0.5,predicted_subspace_r128,Recall@5,0.4458413842673101,0.45208036133962054,0.6993270789567086,0.6855918044575452,-0.025233811524134127,-0.026718078519003003
fiqa,Qwen3,0.5,predicted_subspace_r128,Recall@10,0.5370549589299589,0.5453282785458712,0.7567339467802431,0.7416607055495944,-0.03913480506464079,-0.042139343674264126
fiqa,Qwen3,0.5,predicted_subspace_r128,MRR@10,0.547083210856359,0.550733024691358,1.0,0.973341049382716,-0.008123930837541695,-0.008636404473541451
fiqa,Qwen3,0.5,predicted_subspace_r128,NDCG@10,0.4608664956069697,0.46796898407580273,0.7810174833489141,0.7578383022519515,-0.022688140928082384,-0.024502380981615248
fiqa,Qwen3,0.75,subspace_oracle_r128,HitRate@5,1.0,0.6759259259259259,1.0,1.0,1.0,1.0
fiqa,Qwen3,0.75,subspace_oracle_r128,HitRate@10,1.0,0.75,1.0,1.0,1.0,1.0
fiqa,Qwen3,0.75,subspace_oracle_r128,Recall@5,0.6953581183905257,0.45208036133962054,0.6975272798189465,0.6953581183905257,0.9911624010524971,1.0
fiqa,Qwen3,0.75,subspace_oracle_r128,Recall@10,0.7509732422926867,0.5453282785458712,0.7525084911658986,0.7509732422926867,0.9925897900489775,1.0
fiqa,Qwen3,0.75,subspace_oracle_r128,MRR@10,0.9979938271604939,0.550733024691358,1.0,0.9979938271604939,0.9955345641906399,1.0
fiqa,Qwen3,0.75,subspace_oracle_r128,NDCG@10,0.7770438164736374,0.46796898407580273,0.7800398602736227,0.7770438164736374,0.9903994764378906,1.0
fiqa,Qwen3,0.75,predicted_subspace_r128,HitRate@5,0.6651234567901234,0.6759259259259259,1.0,1.0,-0.03333333333333348,-0.03333333333333348
fiqa,Qwen3,0.75,predicted_subspace_r128,HitRate@10,0.7484567901234568,0.75,1.0,1.0,-0.006172839506172867,-0.006172839506172867
fiqa,Qwen3,0.75,predicted_subspace_r128,Recall@5,0.43762562882933254,0.45208036133962054,0.6975272798189465,0.6953581183905257,-0.05889148089469916,-0.059416580806700675
fiqa,Qwen3,0.75,predicted_subspace_r128,Recall@10,0.5342116559709152,0.5453282785458712,0.7525084911658986,0.7509732422926867,-0.05365677751930896,-0.05405735386081431
fiqa,Qwen3,0.75,predicted_subspace_r128,MRR@10,0.5445944787379973,0.550733024691358,1.0,0.9979938271604939,-0.01366347025428165,-0.0137247572769007
fiqa,Qwen3,0.75,predicted_subspace_r128,NDCG@10,0.4555398121165321,0.46796898407580273,0.7800398602736227,0.7770438164736374,-0.03982804198425694,-0.04021411857718668
fiqa,Qwen3,1.0,subspace_oracle_r128,HitRate@5,1.0,0.6759259259259259,1.0,1.0,1.0,1.0
fiqa,Qwen3,1.0,subspace_oracle_r128,HitRate@10,1.0,0.75,1.0,1.0,1.0,1.0
fiqa,Qwen3,1.0,subspace_oracle_r128,Recall@5,0.6936140462760833,0.45208036133962054,0.6959657926093111,0.6936140462760833,0.9903571676217622,1.0
fiqa,Qwen3,1.0,subspace_oracle_r128,Recall@10,0.7447067079011525,0.5453282785458712,0.7424023978422127,0.7447067079011525,1.0116926061482214,1.0
fiqa,Qwen3,1.0,subspace_oracle_r128,MRR@10,1.0,0.550733024691358,1.0,1.0,1.0,1.0
fiqa,Qwen3,1.0,subspace_oracle_r128,NDCG@10,0.775194076372642,0.46796898407580273,0.7738768736216637,0.775194076372642,1.0043058802861666,1.0
fiqa,Qwen3,1.0,predicted_subspace_r128,HitRate@5,0.6373456790123457,0.6759259259259259,1.0,1.0,-0.11904761904761889,-0.11904761904761889
fiqa,Qwen3,1.0,predicted_subspace_r128,HitRate@10,0.7345679012345679,0.75,1.0,1.0,-0.061728395061728225,-0.061728395061728225
fiqa,Qwen3,1.0,predicted_subspace_r128,Recall@5,0.41847390435353393,0.45208036133962054,0.6959657926093111,0.6936140462760833,-0.13779608241102478,-0.13913776455208327
fiqa,Qwen3,1.0,predicted_subspace_r128,Recall@10,0.5165284304173193,0.5453282785458712,0.7424023978422127,0.7447067079011525,-0.14613713983034649,-0.14444816433593288
fiqa,Qwen3,1.0,predicted_subspace_r128,MRR@10,0.5229429992161474,0.550733024691358,1.0,1.0,-0.0618563727194039,-0.0618563727194039
fiqa,Qwen3,1.0,predicted_subspace_r128,NDCG@10,0.43662048732839975,0.46796898407580273,0.7738768736216637,0.775194076372642,-0.10247691484499384,-0.10203755335555151
