heldout_corpus,model,method,rank,lambda,HitRate@5,HitRate@10,Recall@5,Recall@10,MRR@10,NDCG@10
fiqa,text-embedding-3-small (Aiberm),baseline,0,0.0,0.6419753086419753,0.7021604938271605,0.4439888643592348,0.5218286043517525,0.5211713697824809,0.4484005684848995
fiqa,text-embedding-3-small (Aiberm),full_oracle,0,0.0,0.6419753086419753,0.7021604938271605,0.4439888643592348,0.5218286043517525,0.5211713697824809,0.4484005684848995
fiqa,text-embedding-3-small (Aiberm),delta_svd,8,0.0,0.6419753086419753,0.7021604938271605,0.4439888643592348,0.5218286043517525,0.5211713697824809,0.4484005684848995
fiqa,text-embedding-3-small (Aiberm),delta_svd,16,0.0,0.6419753086419753,0.7021604938271605,0.4439888643592348,0.5218286043517525,0.5211713697824809,0.4484005684848995
fiqa,text-embedding-3-small (Aiberm),delta_svd,32,0.0,0.6419753086419753,0.7021604938271605,0.4439888643592348,0.5218286043517525,0.5211713697824809,0.4484005684848995
fiqa,text-embedding-3-small (Aiberm),delta_svd,64,0.0,0.6419753086419753,0.7021604938271605,0.4439888643592348,0.5218286043517525,0.5211713697824809,0.4484005684848995
fiqa,text-embedding-3-small (Aiberm),delta_svd,128,0.0,0.6419753086419753,0.7021604938271605,0.4439888643592348,0.5218286043517525,0.5211713697824809,0.4484005684848995
fiqa,text-embedding-3-small (Aiberm),tangent_delta_svd,8,0.0,0.6419753086419753,0.7021604938271605,0.4439888643592348,0.5218286043517525,0.5211713697824809,0.4484005684848995
fiqa,text-embedding-3-small (Aiberm),tangent_delta_svd,16,0.0,0.6419753086419753,0.7021604938271605,0.4439888643592348,0.5218286043517525,0.5211713697824809,0.4484005684848995
fiqa,text-embedding-3-small (Aiberm),tangent_delta_svd,32,0.0,0.6419753086419753,0.7021604938271605,0.4439888643592348,0.5218286043517525,0.5211713697824809,0.4484005684848995
fiqa,text-embedding-3-small (Aiberm),tangent_delta_svd,64,0.0,0.6419753086419753,0.7021604938271605,0.4439888643592348,0.5218286043517525,0.5211713697824809,0.4484005684848995
fiqa,text-embedding-3-small (Aiberm),tangent_delta_svd,128,0.0,0.6419753086419753,0.7021604938271605,0.4439888643592348,0.5218286043517525,0.5211713697824809,0.4484005684848995
fiqa,text-embedding-3-small (Aiberm),ranking_boundary_svd,8,0.0,0.6419753086419753,0.7021604938271605,0.4439888643592348,0.5218286043517525,0.5211713697824809,0.4484005684848995
fiqa,text-embedding-3-small (Aiberm),ranking_boundary_svd,16,0.0,0.6419753086419753,0.7021604938271605,0.4439888643592348,0.5218286043517525,0.5211713697824809,0.4484005684848995
fiqa,text-embedding-3-small (Aiberm),ranking_boundary_svd,32,0.0,0.6419753086419753,0.7021604938271605,0.4439888643592348,0.5218286043517525,0.5211713697824809,0.4484005684848995
fiqa,text-embedding-3-small (Aiberm),ranking_boundary_svd,64,0.0,0.6419753086419753,0.7021604938271605,0.4439888643592348,0.5218286043517525,0.5211713697824809,0.4484005684848995
fiqa,text-embedding-3-small (Aiberm),ranking_boundary_svd,128,0.0,0.6419753086419753,0.7021604938271605,0.4439888643592348,0.5218286043517525,0.5211713697824809,0.4484005684848995
fiqa,text-embedding-3-small (Aiberm),random_subspace,8,0.0,0.6419753086419753,0.7021604938271605,0.4439888643592348,0.5218286043517525,0.5211713697824809,0.4484005684848995
fiqa,text-embedding-3-small (Aiberm),random_subspace,16,0.0,0.6419753086419753,0.7021604938271605,0.4439888643592348,0.5218286043517525,0.5211713697824809,0.4484005684848995
fiqa,text-embedding-3-small (Aiberm),random_subspace,32,0.0,0.6419753086419753,0.7021604938271605,0.4439888643592348,0.5218286043517525,0.5211713697824809,0.4484005684848995
fiqa,text-embedding-3-small (Aiberm),random_subspace,64,0.0,0.6419753086419753,0.7021604938271605,0.4439888643592348,0.5218286043517525,0.5211713697824809,0.4484005684848995
fiqa,text-embedding-3-small (Aiberm),random_subspace,128,0.0,0.6419753086419753,0.7021604938271605,0.4439888643592348,0.5218286043517525,0.5211713697824809,0.4484005684848995
fiqa,text-embedding-3-small (Aiberm),baseline,0,0.05,0.6419753086419753,0.7021604938271605,0.4439888643592348,0.5218286043517525,0.5211713697824809,0.4484005684848995
fiqa,text-embedding-3-small (Aiberm),full_oracle,0,0.05,0.7191358024691358,0.7762345679012346,0.49010211325026143,0.5594014781514781,0.610290515383108,0.5021958231809438
fiqa,text-embedding-3-small (Aiberm),delta_svd,8,0.05,0.6450617283950617,0.7037037037037037,0.4470752841123212,0.5229860117591599,0.5261647560258671,0.45145569242099015
fiqa,text-embedding-3-small (Aiberm),delta_svd,16,0.05,0.6512345679012346,0.7067901234567902,0.451346668592039,0.5242316025880841,0.528087032137958,0.4526698876224175
fiqa,text-embedding-3-small (Aiberm),delta_svd,32,0.05,0.6527777777777778,0.7083333333333334,0.4536614834068538,0.5261667387824795,0.5332102439741327,0.4557405652294273
fiqa,text-embedding-3-small (Aiberm),delta_svd,64,0.05,0.6589506172839507,0.7129629629629629,0.4557558396678767,0.5289187963956482,0.5413623113854595,0.46050091021842005
fiqa,text-embedding-3-small (Aiberm),delta_svd,128,0.05,0.6666666666666666,0.7283950617283951,0.46126062295043774,0.5364419445437963,0.5527734910836763,0.46873042077329075
fiqa,text-embedding-3-small (Aiberm),tangent_delta_svd,8,0.05,0.6466049382716049,0.7037037037037037,0.44861849398886444,0.5221372463270612,0.5248658877131098,0.45028157428357835
fiqa,text-embedding-3-small (Aiberm),tangent_delta_svd,16,0.05,0.6481481481481481,0.7052469135802469,0.45016170386540766,0.5229088512653327,0.5276050852439741,0.45166098898906454
fiqa,text-embedding-3-small (Aiberm),tangent_delta_svd,32,0.05,0.6527777777777778,0.7083333333333334,0.45254081909174504,0.5256094685492834,0.5336450372330002,0.4552409261492479
fiqa,text-embedding-3-small (Aiberm),tangent_delta_svd,64,0.05,0.6574074074074074,0.7129629629629629,0.4549842347296051,0.527838549482068,0.5409961052322164,0.45980247854869183
fiqa,text-embedding-3-small (Aiberm),tangent_delta_svd,128,0.05,0.6651234567901234,0.7283950617283951,0.46034872620520767,0.5360561420746606,0.5527177640603567,0.4683860920557996
fiqa,text-embedding-3-small (Aiberm),ranking_boundary_svd,8,0.05,0.6450617283950617,0.7052469135802469,0.4470752841123212,0.5226883927115409,0.5249026308054086,0.45020017933736634
fiqa,text-embedding-3-small (Aiberm),ranking_boundary_svd,16,0.05,0.6496913580246914,0.7052469135802469,0.45035460509997555,0.5225230487961969,0.5271635557515187,0.4516616557656975
fiqa,text-embedding-3-small (Aiberm),ranking_boundary_svd,32,0.05,0.6527777777777778,0.7083333333333334,0.4531470801146727,0.5263810734875549,0.5340743190280227,0.4558552486500518
fiqa,text-embedding-3-small (Aiberm),ranking_boundary_svd,64,0.05,0.6574074074074074,0.7145061728395061,0.4555904957525328,0.528790195572603,0.5412441211052322,0.4603045431490944
fiqa,text-embedding-3-small (Aiberm),ranking_boundary_svd,128,0.05,0.6651234567901234,0.7299382716049383,0.4593566627131441,0.5369563478359775,0.5512927444640408,0.46809091634646977
fiqa,text-embedding-3-small (Aiberm),random_subspace,8,0.05,0.6419753086419753,0.7021604938271605,0.4439888643592348,0.5222144068208883,0.5211989271017048,0.44858547686500644
fiqa,text-embedding-3-small (Aiberm),random_subspace,16,0.05,0.6450617283950617,0.7021604938271605,0.4470752841123212,0.5222144068208883,0.5213403880070546,0.4487105335355088
fiqa,text-embedding-3-small (Aiberm),random_subspace,32,0.05,0.6450617283950617,0.7021604938271605,0.4470752841123212,0.5222144068208883,0.5226116990005879,0.44949389717138777
fiqa,text-embedding-3-small (Aiberm),random_subspace,64,0.05,0.6466049382716049,0.7037037037037037,0.44861849398886444,0.5225230487961969,0.5262186458945718,0.45133812979399696
fiqa,text-embedding-3-small (Aiberm),random_subspace,128,0.05,0.6512345679012346,0.7067901234567902,0.4508690083921565,0.5250307648455796,0.5303320350774055,0.4537891161120218
fiqa,text-embedding-3-small (Aiberm),baseline,0,0.1,0.6419753086419753,0.7021604938271605,0.4439888643592348,0.5218286043517525,0.5211713697824809,0.4484005684848995
fiqa,text-embedding-3-small (Aiberm),full_oracle,0,0.1,0.8024691358024691,0.8626543209876543,0.5405264959663107,0.6217685906343313,0.7040778708602783,0.5687297907334149
fiqa,text-embedding-3-small (Aiberm),delta_svd,8,0.1,0.6481481481481481,0.7067901234567902,0.4498677591270184,0.5244006208126578,0.5293111894963747,0.4532953037689823
fiqa,text-embedding-3-small (Aiberm),delta_svd,16,0.1,0.6527777777777778,0.7098765432098766,0.4532903781746374,0.5254833172657246,0.5342041446208112,0.4558705919605164
fiqa,text-embedding-3-small (Aiberm),delta_svd,32,0.1,0.6604938271604939,0.7160493827160493,0.456670742666113,0.5288930762310392,0.5445363021751911,0.4620067505339842
fiqa,text-embedding-3-small (Aiberm),delta_svd,64,0.1,0.6712962962962963,0.7345679012345679,0.46491288632492334,0.5392583025684878,0.5577815745639819,0.4720483818497424
fiqa,text-embedding-3-small (Aiberm),delta_svd,128,0.1,0.6898148148148148,0.7561728395061729,0.474734314896352,0.5506909157372121,0.5836119684499314,0.48678238469322066
fiqa,text-embedding-3-small (Aiberm),tangent_delta_svd,8,0.1,0.6512345679012346,0.7052469135802469,0.451346668592039,0.5218286043517525,0.5296473887909073,0.45206879978475334
fiqa,text-embedding-3-small (Aiberm),tangent_delta_svd,16,0.1,0.654320987654321,0.7083333333333334,0.45353288258380847,0.5265525412516153,0.5325194738389183,0.45558716465941623
fiqa,text-embedding-3-small (Aiberm),tangent_delta_svd,32,0.1,0.6589506172839507,0.7175925925925926,0.45674790315994024,0.5282500721158128,0.5418142514207329,0.46076058046793306
fiqa,text-embedding-3-small (Aiberm),tangent_delta_svd,64,0.1,0.6712962962962963,0.7345679012345679,0.4652723005732265,0.5397727058606687,0.5577191113070742,0.47254307768694875
fiqa,text-embedding-3-small (Aiberm),tangent_delta_svd,128,0.1,0.6898148148148148,0.7577160493827161,0.4750576541085801,0.5500993519512039,0.5819720017636684,0.4861315891485148
fiqa,text-embedding-3-small (Aiberm),ranking_boundary_svd,8,0.1,0.6496913580246914,0.7052469135802469,0.45108946694594854,0.5223797507362322,0.527734298451891,0.45196029187373304
fiqa,text-embedding-3-small (Aiberm),ranking_boundary_svd,16,0.1,0.6527777777777778,0.7067901234567902,0.4514752694150843,0.524014818343522,0.5349034881442288,0.45593565302371636
fiqa,text-embedding-3-small (Aiberm),ranking_boundary_svd,32,0.1,0.6604938271604939,0.720679012345679,0.45803391139039284,0.5317222943380351,0.5450727513227513,0.4632856760969677
fiqa,text-embedding-3-small (Aiberm),ranking_boundary_svd,64,0.1,0.6682098765432098,0.7376543209876543,0.4628552731561992,0.539901306683714,0.5583798745835783,0.47287371740279277
fiqa,text-embedding-3-small (Aiberm),ranking_boundary_svd,128,0.1,0.691358024691358,0.7561728395061729,0.47723284517265996,0.5504337140911215,0.5844117430922987,0.4875446939337791
fiqa,text-embedding-3-small (Aiberm),random_subspace,8,0.1,0.6435185185185185,0.7021604938271605,0.445532074235778,0.5222144068208883,0.5220219723691947,0.4491885422513875
fiqa,text-embedding-3-small (Aiberm),random_subspace,16,0.1,0.6466049382716049,0.7021604938271605,0.44861849398886444,0.5222144068208883,0.5224573780129336,0.4494542821228957
fiqa,text-embedding-3-small (Aiberm),random_subspace,32,0.1,0.6466049382716049,0.7052469135802469,0.44810409069668333,0.5232946537344685,0.5243667940427199,0.45048515882440204
fiqa,text-embedding-3-small (Aiberm),random_subspace,64,0.1,0.6512345679012346,0.7052469135802469,0.45061180674606605,0.5232946537344685,0.5297337350578091,0.4530126712356073
fiqa,text-embedding-3-small (Aiberm),random_subspace,128,0.1,0.6558641975308642,0.7129629629629629,0.4557558396678768,0.5287258951610803,0.5387247697432883,0.4588643637062703
fiqa,text-embedding-3-small (Aiberm),baseline,0,0.2,0.6419753086419753,0.7021604938271605,0.4439888643592348,0.5218286043517525,0.5211713697824809,0.4484005684848995
fiqa,text-embedding-3-small (Aiberm),full_oracle,0,0.2,0.9475308641975309,0.9675925925925926,0.6418210775849665,0.7083842126666201,0.8849059376837155,0.6906682031107538
fiqa,text-embedding-3-small (Aiberm),delta_svd,8,0.2,0.6512345679012346,0.7098765432098766,0.45206683320109253,0.5239376578496949,0.5342016950813248,0.4555900265394429
fiqa,text-embedding-3-small (Aiberm),delta_svd,16,0.2,0.6635802469135802,0.720679012345679,0.45822564352656947,0.5290584201463832,0.5476600774054478,0.46434184139281504
fiqa,text-embedding-3-small (Aiberm),delta_svd,32,0.2,0.6712962962962963,0.7407407407407407,0.4637407816805965,0.5421389610047018,0.5630199147560259,0.4753710808216005
fiqa,text-embedding-3-small (Aiberm),delta_svd,64,0.2,0.7052469135802469,0.7654320987654321,0.48151341542545245,0.5545232202639611,0.5977213158926121,0.4946379025574846
fiqa,text-embedding-3-small (Aiberm),delta_svd,128,0.2,0.75,0.816358024691358,0.5074742472890621,0.5891069492921345,0.6424860376249265,0.5276667625870822
fiqa,text-embedding-3-small (Aiberm),tangent_delta_svd,8,0.2,0.6527777777777778,0.7067901234567902,0.4535732999853371,0.5238862175204768,0.5348422496570645,0.45595527767043725
fiqa,text-embedding-3-small (Aiberm),tangent_delta_svd,16,0.2,0.6574074074074074,0.720679012345679,0.45657398585639325,0.5324424589470885,0.5436899862825789,0.46390897170895107
fiqa,text-embedding-3-small (Aiberm),tangent_delta_svd,32,0.2,0.6712962962962963,0.7376543209876543,0.46474999194906597,0.540338549482068,0.5626880021555947,0.47469933108343126
fiqa,text-embedding-3-small (Aiberm),tangent_delta_svd,64,0.2,0.7021604938271605,0.7669753086419753,0.4794558022567281,0.5546775412516153,0.5958204732510288,0.49402666024417313
fiqa,text-embedding-3-small (Aiberm),tangent_delta_svd,128,0.2,0.7515432098765432,0.816358024691358,0.5077718663366811,0.5883323766425618,0.6423047717029199,0.5272298918965818
fiqa,text-embedding-3-small (Aiberm),ranking_boundary_svd,8,0.2,0.6558641975308642,0.7114197530864198,0.4553737115079708,0.5238972404481664,0.5348869537526946,0.45605793783427206
fiqa,text-embedding-3-small (Aiberm),ranking_boundary_svd,16,0.2,0.6651234567901234,0.7237654320987654,0.45998073856870153,0.5317333172657247,0.5463281403096217,0.46452931027838495
fiqa,text-embedding-3-small (Aiberm),ranking_boundary_svd,32,0.2,0.6728395061728395,0.7391975308641975,0.4634235663170849,0.5420618005108745,0.5663972173231432,0.47681135326942486
fiqa,text-embedding-3-small (Aiberm),ranking_boundary_svd,64,0.2,0.7006172839506173,0.7669753086419753,0.48033641170215247,0.5568894754079939,0.597506368802665,0.4955980418396556
fiqa,text-embedding-3-small (Aiberm),ranking_boundary_svd,128,0.2,0.7546296296296297,0.816358024691358,0.5101442453294306,0.5872679575225872,0.6417591367822849,0.52704710771808
fiqa,text-embedding-3-small (Aiberm),random_subspace,8,0.2,0.6450617283950617,0.7037037037037037,0.4470752841123212,0.522330147561629,0.5233226778365667,0.4495841392894448
fiqa,text-embedding-3-small (Aiberm),random_subspace,16,0.2,0.6466049382716049,0.7037037037037037,0.44861849398886444,0.5227159500307648,0.5245100921026847,0.45043805890806904
fiqa,text-embedding-3-small (Aiberm),random_subspace,32,0.2,0.6496913580246914,0.7052469135802469,0.44984020180779444,0.5236590227330968,0.5298880560454634,0.4533884034586977
fiqa,text-embedding-3-small (Aiberm),random_subspace,64,0.2,0.6558641975308642,0.7145061728395061,0.45446983143742403,0.5290473972186935,0.53786130707427,0.45870918117287796
fiqa,text-embedding-3-small (Aiberm),random_subspace,128,0.2,0.6682098765432098,0.7268518518518519,0.46163473443566033,0.5370763752708198,0.5525248628257887,0.469027250762847
fiqa,text-embedding-3-small (Aiberm),baseline,0,0.3,0.6419753086419753,0.7021604938271605,0.4439888643592348,0.5218286043517525,0.5211713697824809,0.4484005684848995
fiqa,text-embedding-3-small (Aiberm),full_oracle,0,0.3,0.9938271604938271,0.9953703703703703,0.6862183683942943,0.7367449808422031,0.9791813639035862,0.7590807107915557
fiqa,text-embedding-3-small (Aiberm),delta_svd,8,0.3,0.654320987654321,0.7160493827160493,0.4546101232443825,0.5295960940636867,0.5426170879874583,0.46191055150736304
fiqa,text-embedding-3-small (Aiberm),delta_svd,16,0.3,0.6728395061728395,0.7283950617283951,0.46214980578406506,0.5340481320805395,0.5540888937879679,0.46889503469047417
fiqa,text-embedding-3-small (Aiberm),delta_svd,32,0.3,0.6975308641975309,0.7561728395061729,0.4761679078808708,0.5488262038030557,0.5885349304330786,0.48863163575943336
fiqa,text-embedding-3-small (Aiberm),delta_svd,64,0.3,0.7391975308641975,0.8024691358024691,0.501924815582223,0.5784944136795989,0.6337050509504213,0.5196117990603939
fiqa,text-embedding-3-small (Aiberm),delta_svd,128,0.3,0.7978395061728395,0.875,0.5363108385099126,0.6321625048476901,0.7078568979031942,0.575338873153911
fiqa,text-embedding-3-small (Aiberm),tangent_delta_svd,8,0.3,0.6574074074074074,0.7145061728395061,0.4594117773515922,0.5268183162859088,0.5386782284930433,0.4591522115541717
fiqa,text-embedding-3-small (Aiberm),tangent_delta_svd,16,0.3,0.6651234567901234,0.7345679012345679,0.4630671583217879,0.5386152984532614,0.553305653537135,0.470783337043393
fiqa,text-embedding-3-small (Aiberm),tangent_delta_svd,32,0.3,0.683641975308642,0.7561728395061729,0.4713710971812824,0.5502408128565537,0.5824784440525181,0.48669826386244547
fiqa,text-embedding-3-small (Aiberm),tangent_delta_svd,64,0.3,0.7407407407407407,0.7993827160493827,0.5012818114669966,0.5768354630623149,0.6299976729374878,0.5179119511120689
fiqa,text-embedding-3-small (Aiberm),tangent_delta_svd,128,0.3,0.7932098765432098,0.875,0.5351938485040337,0.6304221070424775,0.7066327405447775,0.573262683888885
fiqa,text-embedding-3-small (Aiberm),ranking_boundary_svd,8,0.3,0.6574074074074074,0.7160493827160493,0.4558366744709338,0.5271122610242981,0.5405435528120713,0.4598332369310785
fiqa,text-embedding-3-small (Aiberm),ranking_boundary_svd,16,0.3,0.6697530864197531,0.7330246913580247,0.4639673640831048,0.5377003954550251,0.558234126984127,0.47166680232287883
fiqa,text-embedding-3-small (Aiberm),ranking_boundary_svd,32,0.3,0.6882716049382716,0.7561728395061729,0.4725138073517703,0.5511667387824796,0.584665882814031,0.4883074056515996
fiqa,text-embedding-3-small (Aiberm),ranking_boundary_svd,64,0.3,0.7484567901234568,0.8024691358024691,0.5072360295739925,0.5777356688236317,0.6317809376837155,0.5186225200181169
fiqa,text-embedding-3-small (Aiberm),ranking_boundary_svd,128,0.3,0.8009259259259259,0.8796296296296297,0.5390261530307827,0.631847739023665,0.7118986380560455,0.5757314440912366
fiqa,text-embedding-3-small (Aiberm),random_subspace,8,0.3,0.6450617283950617,0.7037037037037037,0.4470752841123212,0.522330147561629,0.5242504409171076,0.4500599889102864
fiqa,text-embedding-3-small (Aiberm),random_subspace,16,0.3,0.6496913580246914,0.7037037037037037,0.44881139522343233,0.5227159500307648,0.5273932000783852,0.4518066280249335
fiqa,text-embedding-3-small (Aiberm),random_subspace,32,0.3,0.6558641975308642,0.7098765432098766,0.4529266215608808,0.5270540844614918,0.5357694003527337,0.45702141488779413
fiqa,text-embedding-3-small (Aiberm),random_subspace,64,0.3,0.6620370370370371,0.720679012345679,0.4567332059230208,0.5330768896741119,0.5427873309817755,0.46255757703737665
fiqa,text-embedding-3-small (Aiberm),random_subspace,128,0.3,0.6805555555555556,0.7407407407407407,0.4703398410574337,0.5421946880280213,0.5652973740936704,0.4769161481973423
fiqa,text-embedding-3-small (Aiberm),baseline,0,0.5,0.6419753086419753,0.7021604938271605,0.4439888643592348,0.5218286043517525,0.5211713697824809,0.4484005684848995
fiqa,text-embedding-3-small (Aiberm),full_oracle,0,0.5,1.0,1.0,0.698615487735858,0.751714078102967,1.0,0.7815970234439653
fiqa,text-embedding-3-small (Aiberm),delta_svd,8,0.5,0.6635802469135802,0.7345679012345679,0.4605790385882979,0.5378008265739748,0.5542560748579267,0.4699047590623833
fiqa,text-embedding-3-small (Aiberm),delta_svd,16,0.5,0.6867283950617284,0.7577160493827161,0.4684622690409727,0.5475597918884956,0.5814226925338036,0.48452365463207797
fiqa,text-embedding-3-small (Aiberm),delta_svd,32,0.5,0.7299382716049383,0.7978395061728395,0.4926784164052682,0.5726516496192423,0.6300466637272193,0.5151138873114697
fiqa,text-embedding-3-small (Aiberm),delta_svd,64,0.5,0.8101851851851852,0.8796296296296297,0.5441334428602947,0.6324553190293931,0.7057521310993533,0.5728065666796573
fiqa,text-embedding-3-small (Aiberm),delta_svd,128,0.5,0.9274691358024691,0.9537037037037037,0.6227005847376217,0.6954728399172844,0.832185724083872,0.6593669632268807
fiqa,text-embedding-3-small (Aiberm),tangent_delta_svd,8,0.5,0.6604938271604939,0.7314814814814815,0.4591398784685821,0.5332483574381722,0.550843253968254,0.46667774213324775
fiqa,text-embedding-3-small (Aiberm),tangent_delta_svd,16,0.5,0.6867283950617284,0.75,0.4726203623194364,0.5449510323352916,0.5757783411718597,0.4823885160967186
fiqa,text-embedding-3-small (Aiberm),tangent_delta_svd,32,0.5,0.7237654320987654,0.7901234567901234,0.4898638955351919,0.5691408471501064,0.613368974132863,0.5069704570173039
fiqa,text-embedding-3-small (Aiberm),tangent_delta_svd,64,0.5,0.7978395061728395,0.8734567901234568,0.5391327079984487,0.6255108745849486,0.6996209337644522,0.5674137567485341
fiqa,text-embedding-3-small (Aiberm),tangent_delta_svd,128,0.5,0.9290123456790124,0.9506172839506173,0.626521866336681,0.6907401797448094,0.8294710219478737,0.6568862467946445
fiqa,text-embedding-3-small (Aiberm),ranking_boundary_svd,8,0.5,0.6604938271604939,0.7330246913580247,0.45397624923087887,0.5339281046456973,0.5518714481677444,0.4666881315695235
fiqa,text-embedding-3-small (Aiberm),ranking_boundary_svd,16,0.5,0.6851851851851852,0.7484567901234568,0.4683250948297244,0.5429705796603945,0.5822837056633353,0.48411305083500095
fiqa,text-embedding-3-small (Aiberm),ranking_boundary_svd,32,0.5,0.7330246913580247,0.8024691358024691,0.4956086780160854,0.5741336766799731,0.6229742308446012,0.5127588602202633
fiqa,text-embedding-3-small (Aiberm),ranking_boundary_svd,64,0.5,0.8101851851851852,0.8765432098765432,0.5443392041771671,0.6286046986278468,0.7050154320987655,0.5719464815157378
fiqa,text-embedding-3-small (Aiberm),ranking_boundary_svd,128,0.5,0.9305555555555556,0.9506172839506173,0.6298912079004672,0.693170735300365,0.8354975014697236,0.6617021137038956
fiqa,text-embedding-3-small (Aiberm),random_subspace,8,0.5,0.6481481481481481,0.7067901234567902,0.4482969919312512,0.5246449623764439,0.5267802028218694,0.4516705995759059
fiqa,text-embedding-3-small (Aiberm),random_subspace,16,0.5,0.6527777777777778,0.7114197530864198,0.4509976092152018,0.5280400241048389,0.535305825004899,0.456554235489003
fiqa,text-embedding-3-small (Aiberm),random_subspace,32,0.5,0.6604938271604939,0.7191358024691358,0.4566964628307222,0.5324038787001749,0.5408307613168725,0.46126764634266343
fiqa,text-embedding-3-small (Aiberm),random_subspace,64,0.5,0.6743827160493827,0.7314814814814815,0.4637511365520625,0.5380408814436592,0.5598593964334705,0.47255188665263825
fiqa,text-embedding-3-small (Aiberm),random_subspace,128,0.5,0.7006172839506173,0.7669753086419753,0.4830437652196911,0.5543860460527126,0.5961909660983734,0.49392208521387365
fiqa,text-embedding-3-small (Aiberm),baseline,0,0.75,0.6419753086419753,0.7021604938271605,0.4439888643592348,0.5218286043517525,0.5211713697824809,0.4484005684848995
fiqa,text-embedding-3-small (Aiberm),full_oracle,0,0.75,1.0,1.0,0.7049346872263539,0.7578213924278739,1.0,0.7844153544115052
fiqa,text-embedding-3-small (Aiberm),delta_svd,8,0.75,0.6759259259259259,0.7422839506172839,0.4646942649257464,0.541761731923769,0.5672367969821673,0.47682972137028246
fiqa,text-embedding-3-small (Aiberm),delta_svd,16,0.75,0.7067901234567902,0.7777777777777778,0.47983058179817445,0.5590181252218289,0.6098183666470703,0.5008260051436433
fiqa,text-embedding-3-small (Aiberm),delta_svd,32,0.75,0.7762345679012346,0.8487654320987654,0.5212020789567086,0.6030124667856149,0.6723753184401332,0.5456027493957449
fiqa,text-embedding-3-small (Aiberm),delta_svd,64,0.75,0.904320987654321,0.9382716049382716,0.6052555768990955,0.6753822737619033,0.8022143836958652,0.6366354429996894
fiqa,text-embedding-3-small (Aiberm),delta_svd,128,0.75,0.9861111111111112,0.9907407407407407,0.6804680744495559,0.7304644172699728,0.9450745884773663,0.7353157284494855
fiqa,text-embedding-3-small (Aiberm),tangent_delta_svd,8,0.75,0.6743827160493827,0.7453703703703703,0.466508705629076,0.5390096743106002,0.5665521506956692,0.4760499935862384
fiqa,text-embedding-3-small (Aiberm),tangent_delta_svd,16,0.75,0.7083333333333334,0.7685185185185185,0.48118517713425124,0.5541845714299418,0.5979044189692337,0.4955591062854515
fiqa,text-embedding-3-small (Aiberm),tangent_delta_svd,32,0.75,0.7700617283950617,0.8379629629629629,0.518501461672758,0.6001483041992302,0.657977537722908,0.5386674743688773
fiqa,text-embedding-3-small (Aiberm),tangent_delta_svd,64,0.75,0.8966049382716049,0.9367283950617284,0.6045611324546509,0.6787547329213997,0.7934854497354495,0.632684297615599
fiqa,text-embedding-3-small (Aiberm),tangent_delta_svd,128,0.75,0.9830246913580247,0.9891975308641975,0.6740913107811255,0.7290999295628925,0.9449753821281599,0.7347342413449041
fiqa,text-embedding-3-small (Aiberm),ranking_boundary_svd,8,0.75,0.6805555555555556,0.75,0.46179334211741613,0.5416698741930224,0.5682594797178131,0.4769958770891472
fiqa,text-embedding-3-small (Aiberm),ranking_boundary_svd,16,0.75,0.7083333333333334,0.7685185185185185,0.47941048577622647,0.5552654863997457,0.6101245590828924,0.5008552092691118
fiqa,text-embedding-3-small (Aiberm),ranking_boundary_svd,32,0.75,0.7854938271604939,0.8503086419753086,0.5254716262818114,0.6055465710558303,0.669257667058593,0.5455915913579635
fiqa,text-embedding-3-small (Aiberm),ranking_boundary_svd,64,0.75,0.9012345679012346,0.9429012345679012,0.6067902133874356,0.6835692085692087,0.7999920389966685,0.6379107843725584
fiqa,text-embedding-3-small (Aiberm),ranking_boundary_svd,128,0.75,0.9814814814814815,0.9891975308641975,0.670874453050379,0.7307363161529828,0.95186226239467,0.7393911789423541
fiqa,text-embedding-3-small (Aiberm),random_subspace,8,0.75,0.6527777777777778,0.7098765432098766,0.4509976092152018,0.5272169788373492,0.5318611601019008,0.45476574476531806
fiqa,text-embedding-3-small (Aiberm),random_subspace,16,0.75,0.6574074074074074,0.7145061728395061,0.4529266215608808,0.5292402984532615,0.5380499216147364,0.4584083390738061
fiqa,text-embedding-3-small (Aiberm),random_subspace,32,0.75,0.6682098765432098,0.7253086419753086,0.4609145698266069,0.5361761695095029,0.5521690672153635,0.46855835318703026
fiqa,text-embedding-3-small (Aiberm),random_subspace,64,0.75,0.6867283950617284,0.7469135802469136,0.4714292737440886,0.5423104287687621,0.5749699931412894,0.48059860574394325
fiqa,text-embedding-3-small (Aiberm),random_subspace,128,0.75,0.7330246913580247,0.8055555555555556,0.49747277756537017,0.579077404077404,0.6313828875171468,0.5185855695030936
fiqa,text-embedding-3-small (Aiberm),baseline,0,1.0,0.6419753086419753,0.7021604938271605,0.4439888643592348,0.5218286043517525,0.5211713697824809,0.4484005684848995
fiqa,text-embedding-3-small (Aiberm),full_oracle,0,1.0,1.0,1.0,0.6938408171047059,0.7529681481070369,1.0,0.7793900433249467
fiqa,text-embedding-3-small (Aiberm),delta_svd,8,1.0,0.6898148148148148,0.7561728395061729,0.4718297734501438,0.5483718142282957,0.5790686850872037,0.48393492024616863
fiqa,text-embedding-3-small (Aiberm),delta_svd,16,1.0,0.7191358024691358,0.8101851851851852,0.4871828745671338,0.5786426108185366,0.6322040956300216,0.5173109724400364
fiqa,text-embedding-3-small (Aiberm),delta_svd,32,1.0,0.8317901234567902,0.8888888888888888,0.5604620730778137,0.635291273369977,0.7272639868704683,0.5827896884595899
fiqa,text-embedding-3-small (Aiberm),delta_svd,64,1.0,0.9552469135802469,0.9660493827160493,0.64711514480033,0.7057460586395772,0.8793907995296883,0.6876213411931973
fiqa,text-embedding-3-small (Aiberm),delta_svd,128,1.0,0.9953703703703703,1.0,0.6919392678651938,0.7422386469840173,0.9877872085048011,0.765858811071414
fiqa,text-embedding-3-small (Aiberm),tangent_delta_svd,8,1.0,0.6975308641975309,0.7592592592592593,0.4765138496619978,0.5507637895369377,0.5799909367038997,0.48610129484238745
fiqa,text-embedding-3-small (Aiberm),tangent_delta_svd,16,1.0,0.7175925925925926,0.7916666666666666,0.4874719202265498,0.5655143039402298,0.6228762492651382,0.5107173839374124
fiqa,text-embedding-3-small (Aiberm),tangent_delta_svd,32,1.0,0.8209876543209876,0.8858024691358025,0.5552537397444804,0.6302537568741272,0.7096291397217324,0.5736452701264597
fiqa,text-embedding-3-small (Aiberm),tangent_delta_svd,64,1.0,0.9506172839506173,0.9691358024691358,0.6473766331405221,0.7084093761177095,0.8687469380756417,0.6845260641556764
fiqa,text-embedding-3-small (Aiberm),tangent_delta_svd,128,1.0,0.9953703703703703,0.9969135802469136,0.6886581097229245,0.7398981120045934,0.9853395061728395,0.7630935297094595
fiqa,text-embedding-3-small (Aiberm),ranking_boundary_svd,8,1.0,0.691358024691358,0.7577160493827161,0.46851916516268366,0.5461966231642157,0.585674480697629,0.4854376760261613
fiqa,text-embedding-3-small (Aiberm),ranking_boundary_svd,16,1.0,0.7237654320987654,0.8117283950617284,0.4920501095269614,0.5814743341363712,0.6350669949049579,0.5196232459271019
fiqa,text-embedding-3-small (Aiberm),ranking_boundary_svd,32,1.0,0.8287037037037037,0.8827160493827161,0.5558985810143217,0.6363721883397809,0.7256050362531844,0.58200399602996
fiqa,text-embedding-3-small (Aiberm),ranking_boundary_svd,64,1.0,0.9506172839506173,0.9660493827160493,0.6474409335520447,0.7027325683575684,0.8812426513815403,0.6897426136056912
fiqa,text-embedding-3-small (Aiberm),ranking_boundary_svd,128,1.0,0.9984567901234568,0.9984567901234568,0.6909833350805572,0.7402846210716582,0.987962962962963,0.7642065633133995
fiqa,text-embedding-3-small (Aiberm),random_subspace,8,1.0,0.6527777777777778,0.7098765432098766,0.4525040759994464,0.5269083368620405,0.5340375759357241,0.45604787776019406
fiqa,text-embedding-3-small (Aiberm),random_subspace,16,1.0,0.6620370370370371,0.720679012345679,0.45755625119051047,0.5343843313750721,0.5427028218694886,0.46261944008170774
fiqa,text-embedding-3-small (Aiberm),random_subspace,32,1.0,0.6743827160493827,0.7330246913580247,0.46302061707154296,0.5404199966699966,0.5612697187928669,0.4739326778532228
fiqa,text-embedding-3-small (Aiberm),random_subspace,64,1.0,0.7037037037037037,0.7654320987654321,0.4817945000815371,0.554758988439544,0.593866965510484,0.49377017822480196
fiqa,text-embedding-3-small (Aiberm),random_subspace,128,1.0,0.7654320987654321,0.8364197530864198,0.5156936770362696,0.5996406756823424,0.6691566235547717,0.5434792594935655
arguana,text-embedding-3-small (Aiberm),baseline,0,0.0,0.6161137440758294,0.8104265402843602,0.6161137440758294,0.8104265402843602,0.25771270593545476,0.3908201027297264
arguana,text-embedding-3-small (Aiberm),full_oracle,0,0.0,0.6161137440758294,0.8104265402843602,0.6161137440758294,0.8104265402843602,0.25771270593545476,0.3908201027297264
arguana,text-embedding-3-small (Aiberm),delta_svd,8,0.0,0.6161137440758294,0.8104265402843602,0.6161137440758294,0.8104265402843602,0.25771270593545476,0.3908201027297264
arguana,text-embedding-3-small (Aiberm),delta_svd,16,0.0,0.6161137440758294,0.8104265402843602,0.6161137440758294,0.8104265402843602,0.25771270593545476,0.3908201027297264
arguana,text-embedding-3-small (Aiberm),delta_svd,32,0.0,0.6161137440758294,0.8104265402843602,0.6161137440758294,0.8104265402843602,0.25771270593545476,0.3908201027297264
arguana,text-embedding-3-small (Aiberm),delta_svd,64,0.0,0.6161137440758294,0.8104265402843602,0.6161137440758294,0.8104265402843602,0.25771270593545476,0.3908201027297264
arguana,text-embedding-3-small (Aiberm),delta_svd,128,0.0,0.6161137440758294,0.8104265402843602,0.6161137440758294,0.8104265402843602,0.25771270593545476,0.3908201027297264
arguana,text-embedding-3-small (Aiberm),tangent_delta_svd,8,0.0,0.6161137440758294,0.8104265402843602,0.6161137440758294,0.8104265402843602,0.25771270593545476,0.3908201027297264
arguana,text-embedding-3-small (Aiberm),tangent_delta_svd,16,0.0,0.6161137440758294,0.8104265402843602,0.6161137440758294,0.8104265402843602,0.25771270593545476,0.3908201027297264
arguana,text-embedding-3-small (Aiberm),tangent_delta_svd,32,0.0,0.6161137440758294,0.8104265402843602,0.6161137440758294,0.8104265402843602,0.25771270593545476,0.3908201027297264
arguana,text-embedding-3-small (Aiberm),tangent_delta_svd,64,0.0,0.6161137440758294,0.8104265402843602,0.6161137440758294,0.8104265402843602,0.25771270593545476,0.3908201027297264
arguana,text-embedding-3-small (Aiberm),tangent_delta_svd,128,0.0,0.6161137440758294,0.8104265402843602,0.6161137440758294,0.8104265402843602,0.25771270593545476,0.3908201027297264
arguana,text-embedding-3-small (Aiberm),ranking_boundary_svd,8,0.0,0.6161137440758294,0.8104265402843602,0.6161137440758294,0.8104265402843602,0.25771270593545476,0.3908201027297264
arguana,text-embedding-3-small (Aiberm),ranking_boundary_svd,16,0.0,0.6161137440758294,0.8104265402843602,0.6161137440758294,0.8104265402843602,0.25771270593545476,0.3908201027297264
arguana,text-embedding-3-small (Aiberm),ranking_boundary_svd,32,0.0,0.6161137440758294,0.8104265402843602,0.6161137440758294,0.8104265402843602,0.25771270593545476,0.3908201027297264
arguana,text-embedding-3-small (Aiberm),ranking_boundary_svd,64,0.0,0.6161137440758294,0.8104265402843602,0.6161137440758294,0.8104265402843602,0.25771270593545476,0.3908201027297264
arguana,text-embedding-3-small (Aiberm),ranking_boundary_svd,128,0.0,0.6161137440758294,0.8104265402843602,0.6161137440758294,0.8104265402843602,0.25771270593545476,0.3908201027297264
arguana,text-embedding-3-small (Aiberm),random_subspace,8,0.0,0.6161137440758294,0.8104265402843602,0.6161137440758294,0.8104265402843602,0.25771270593545476,0.3908201027297264
arguana,text-embedding-3-small (Aiberm),random_subspace,16,0.0,0.6161137440758294,0.8104265402843602,0.6161137440758294,0.8104265402843602,0.25771270593545476,0.3908201027297264
arguana,text-embedding-3-small (Aiberm),random_subspace,32,0.0,0.6161137440758294,0.8104265402843602,0.6161137440758294,0.8104265402843602,0.25771270593545476,0.3908201027297264
arguana,text-embedding-3-small (Aiberm),random_subspace,64,0.0,0.6161137440758294,0.8104265402843602,0.6161137440758294,0.8104265402843602,0.25771270593545476,0.3908201027297264
arguana,text-embedding-3-small (Aiberm),random_subspace,128,0.0,0.6161137440758294,0.8104265402843602,0.6161137440758294,0.8104265402843602,0.25771270593545476,0.3908201027297264
arguana,text-embedding-3-small (Aiberm),baseline,0,0.05,0.6161137440758294,0.8104265402843602,0.6161137440758294,0.8104265402843602,0.25771270593545476,0.3908201027297264
arguana,text-embedding-3-small (Aiberm),full_oracle,0,0.05,0.6682464454976303,0.8672985781990521,0.6682464454976303,0.8672985781990521,0.29436357481381176,0.4334174631240931
arguana,text-embedding-3-small (Aiberm),delta_svd,8,0.05,0.6208530805687204,0.8199052132701422,0.6208530805687204,0.8199052132701422,0.25956142330549914,0.3943988997087653
arguana,text-embedding-3-small (Aiberm),delta_svd,16,0.05,0.6303317535545023,0.8246445497630331,0.6303317535545023,0.8246445497630331,0.2612916572632213,0.39683297154673547
arguana,text-embedding-3-small (Aiberm),delta_svd,32,0.05,0.6350710900473934,0.8246445497630331,0.6350710900473934,0.8246445497630331,0.26285639058150906,0.39815335494989135
arguana,text-embedding-3-small (Aiberm),delta_svd,64,0.05,0.6398104265402843,0.8293838862559242,0.6398104265402843,0.8293838862559242,0.2649721658015497,0.40098369946613965
arguana,text-embedding-3-small (Aiberm),delta_svd,128,0.05,0.6492890995260664,0.8341232227488151,0.6492890995260664,0.8341232227488151,0.26917738659444823,0.40542931978604513
arguana,text-embedding-3-small (Aiberm),tangent_delta_svd,8,0.05,0.6208530805687204,0.8151658767772512,0.6208530805687204,0.8151658767772512,0.2588185511171293,0.3927507091189307
arguana,text-embedding-3-small (Aiberm),tangent_delta_svd,16,0.05,0.6255924170616114,0.8246445497630331,0.6255924170616114,0.8246445497630331,0.2611336793801249,0.39668773164092264
arguana,text-embedding-3-small (Aiberm),tangent_delta_svd,32,0.05,0.6350710900473934,0.8246445497630331,0.6350710900473934,0.8246445497630331,0.2616715564582863,0.3972042876726494
arguana,text-embedding-3-small (Aiberm),tangent_delta_svd,64,0.05,0.6445497630331753,0.8293838862559242,0.6445497630331753,0.8293838862559242,0.2658542089821711,0.4016810477721881
arguana,text-embedding-3-small (Aiberm),tangent_delta_svd,128,0.05,0.6492890995260664,0.8341232227488151,0.6492890995260664,0.8341232227488151,0.2710072970736478,0.40695673266326343
arguana,text-embedding-3-small (Aiberm),ranking_boundary_svd,8,0.05,0.6208530805687204,0.8199052132701422,0.6208530805687204,0.8199052132701422,0.2593583088843752,0.3941890963579811
arguana,text-embedding-3-small (Aiberm),ranking_boundary_svd,16,0.05,0.6303317535545023,0.8246445497630331,0.6303317535545023,0.8246445497630331,0.2612916572632213,0.39683297154673547
arguana,text-embedding-3-small (Aiberm),ranking_boundary_svd,32,0.05,0.6350710900473934,0.8246445497630331,0.6350710900473934,0.8246445497630331,0.26246144587376813,0.3978248078317558
arguana,text-embedding-3-small (Aiberm),ranking_boundary_svd,64,0.05,0.6398104265402843,0.8293838862559242,0.6398104265402843,0.8293838862559242,0.26479350033852406,0.40080688081734134
arguana,text-embedding-3-small (Aiberm),ranking_boundary_svd,128,0.05,0.6492890995260664,0.8341232227488151,0.6492890995260664,0.8341232227488151,0.26965696231099073,0.40584255153236837
arguana,text-embedding-3-small (Aiberm),random_subspace,8,0.05,0.6208530805687204,0.8104265402843602,0.6208530805687204,0.8104265402843602,0.25810765064319563,0.39117303813714516
arguana,text-embedding-3-small (Aiberm),random_subspace,16,0.05,0.6208530805687204,0.8104265402843602,0.6208530805687204,0.8104265402843602,0.2581922816519973,0.3912577227653329
arguana,text-embedding-3-small (Aiberm),random_subspace,32,0.05,0.6208530805687204,0.8151658767772512,0.6208530805687204,0.8151658767772512,0.2587320394192432,0.39269611000438326
arguana,text-embedding-3-small (Aiberm),random_subspace,64,0.05,0.6255924170616114,0.8151658767772512,0.6255924170616114,0.8151658767772512,0.2592849620100805,0.39316989702833177
arguana,text-embedding-3-small (Aiberm),random_subspace,128,0.05,0.6303317535545023,0.8246445497630331,0.6303317535545023,0.8246445497630331,0.2612258331452645,0.3968011338650294
arguana,text-embedding-3-small (Aiberm),baseline,0,0.1,0.6161137440758294,0.8104265402843602,0.6161137440758294,0.8104265402843602,0.25771270593545476,0.3908201027297264
arguana,text-embedding-3-small (Aiberm),full_oracle,0,0.1,0.7725118483412322,0.8957345971563981,0.7725118483412322,0.8957345971563981,0.3288309636650869,0.4684994227688141
arguana,text-embedding-3-small (Aiberm),delta_svd,8,0.1,0.6303317535545023,0.8199052132701422,0.6303317535545023,0.8199052132701422,0.26011246520725195,0.3949271605356372
arguana,text-embedding-3-small (Aiberm),delta_svd,16,0.1,0.6398104265402843,0.8246445497630331,0.6398104265402843,0.8246445497630331,0.2622320018054615,0.3977223369337212
arguana,text-embedding-3-small (Aiberm),delta_svd,32,0.1,0.6445497630331753,0.8293838862559242,0.6445497630331753,0.8293838862559242,0.2670578499962386,0.4026585316772444
arguana,text-embedding-3-small (Aiberm),delta_svd,64,0.1,0.6540284360189573,0.8341232227488151,0.6540284360189573,0.8341232227488151,0.27391108102008577,0.409333443213309
arguana,text-embedding-3-small (Aiberm),delta_svd,128,0.1,0.6635071090047393,0.8483412322274881,0.6635071090047393,0.8483412322274881,0.28549612578048594,0.42207039488840215
arguana,text-embedding-3-small (Aiberm),tangent_delta_svd,8,0.1,0.6255924170616114,0.8199052132701422,0.6255924170616114,0.8199052132701422,0.2597194011885955,0.3945441396145781
arguana,text-embedding-3-small (Aiberm),tangent_delta_svd,16,0.1,0.6350710900473934,0.8246445497630331,0.6350710900473934,0.8246445497630331,0.2616715564582863,0.3972042876726494
arguana,text-embedding-3-small (Aiberm),tangent_delta_svd,32,0.1,0.6492890995260664,0.8293838862559242,0.6492890995260664,0.8293838862559242,0.2668208831715941,0.40247522446492173
arguana,text-embedding-3-small (Aiberm),tangent_delta_svd,64,0.1,0.6540284360189573,0.8341232227488151,0.6540284360189573,0.8341232227488151,0.2728165199729181,0.40848577239692363
arguana,text-embedding-3-small (Aiberm),tangent_delta_svd,128,0.1,0.6635071090047393,0.8483412322274881,0.6635071090047393,0.8483412322274881,0.2869367336191981,0.42314922054130755
arguana,text-embedding-3-small (Aiberm),ranking_boundary_svd,8,0.1,0.6255924170616114,0.8246445497630331,0.6255924170616114,0.8246445497630331,0.26127096968329194,0.3968291232328359
arguana,text-embedding-3-small (Aiberm),ranking_boundary_svd,16,0.1,0.6398104265402843,0.8246445497630331,0.6398104265402843,0.8246445497630331,0.2633641766343188,0.3986146972472376
arguana,text-embedding-3-small (Aiberm),ranking_boundary_svd,32,0.1,0.6492890995260664,0.8293838862559242,0.6492890995260664,0.8293838862559242,0.2669055141803957,0.4025599090931094
arguana,text-embedding-3-small (Aiberm),ranking_boundary_svd,64,0.1,0.6492890995260664,0.8341232227488151,0.6492890995260664,0.8341232227488151,0.2738433762130445,0.40928959976835283
arguana,text-embedding-3-small (Aiberm),ranking_boundary_svd,128,0.1,0.6635071090047393,0.8483412322274881,0.6635071090047393,0.8483412322274881,0.2858045587903408,0.422256860227791
arguana,text-embedding-3-small (Aiberm),random_subspace,8,0.1,0.6208530805687204,0.8104265402843602,0.6208530805687204,0.8104265402843602,0.2581922816519973,0.3912577227653329
arguana,text-embedding-3-small (Aiberm),random_subspace,16,0.1,0.6208530805687204,0.8104265402843602,0.6208530805687204,0.8104265402843602,0.2581922816519973,0.3912577227653329
arguana,text-embedding-3-small (Aiberm),random_subspace,32,0.1,0.6255924170616114,0.8151658767772512,0.6255924170616114,0.8151658767772512,0.2592849620100805,0.39316989702833177
arguana,text-embedding-3-small (Aiberm),random_subspace,64,0.1,0.6303317535545023,0.8246445497630331,0.6303317535545023,0.8246445497630331,0.26122583314526443,0.3968011338650294
arguana,text-embedding-3-small (Aiberm),random_subspace,128,0.1,0.6350710900473934,0.8246445497630331,0.6350710900473934,0.8246445497630331,0.26257428721883697,0.397969788798848
arguana,text-embedding-3-small (Aiberm),baseline,0,0.2,0.6161137440758294,0.8104265402843602,0.6161137440758294,0.8104265402843602,0.25771270593545476,0.3908201027297264
arguana,text-embedding-3-small (Aiberm),full_oracle,0,0.2,0.909952606635071,0.9715639810426541,0.909952606635071,0.9715639810426541,0.4038685774467765,0.5468660740080605
arguana,text-embedding-3-small (Aiberm),delta_svd,8,0.2,0.6445497630331753,0.8246445497630331,0.6445497630331753,0.8246445497630331,0.26327766493643273,0.39858448642197347
arguana,text-embedding-3-small (Aiberm),delta_svd,16,0.2,0.6492890995260664,0.8341232227488151,0.6492890995260664,0.8341232227488151,0.2667550590536373,0.40347447826783556
arguana,text-embedding-3-small (Aiberm),delta_svd,32,0.2,0.6540284360189573,0.8388625592417062,0.6540284360189573,0.8388625592417062,0.2765948243436395,0.41260280638897023
arguana,text-embedding-3-small (Aiberm),delta_svd,64,0.2,0.6729857819905213,0.8625592417061612,0.6729857819905213,0.8625592417061612,0.29176822387722856,0.4303321776459292
arguana,text-embedding-3-small (Aiberm),delta_svd,128,0.2,0.7251184834123223,0.8815165876777251,0.7251184834123223,0.8815165876777251,0.3109380877153389,0.45040902409115857
arguana,text-embedding-3-small (Aiberm),tangent_delta_svd,8,0.2,0.6398104265402843,0.8246445497630331,0.6398104265402843,0.8246445497630331,0.2630501015572106,0.39825349826975043
arguana,text-embedding-3-small (Aiberm),tangent_delta_svd,16,0.2,0.6492890995260664,0.8341232227488151,0.6492890995260664,0.8341232227488151,0.2683668095990371,0.40470692217334575
arguana,text-embedding-3-small (Aiberm),tangent_delta_svd,32,0.2,0.6540284360189573,0.8388625592417062,0.6540284360189573,0.8388625592417062,0.276350334762657,0.4124273556578932
arguana,text-embedding-3-small (Aiberm),tangent_delta_svd,64,0.2,0.6682464454976303,0.8578199052132701,0.6682464454976303,0.8578199052132701,0.2904197698036561,0.42823260908917227
arguana,text-embedding-3-small (Aiberm),tangent_delta_svd,128,0.2,0.7203791469194313,0.8815165876777251,0.7203791469194313,0.8815165876777251,0.3115305047769502,0.45090627443812603
arguana,text-embedding-3-small (Aiberm),ranking_boundary_svd,8,0.2,0.6398104265402843,0.8246445497630331,0.6398104265402843,0.8246445497630331,0.262766117505454,0.3981188887219049
arguana,text-embedding-3-small (Aiberm),ranking_boundary_svd,16,0.2,0.6492890995260664,0.8293838862559242,0.6492890995260664,0.8293838862559242,0.26660460392687885,0.4023234959955844
arguana,text-embedding-3-small (Aiberm),ranking_boundary_svd,32,0.2,0.6540284360189573,0.8388625592417062,0.6540284360189573,0.8388625592417062,0.2767828932520876,0.4127640181959951
arguana,text-embedding-3-small (Aiberm),ranking_boundary_svd,64,0.2,0.6682464454976303,0.8625592417061612,0.6682464454976303,0.8625592417061612,0.2920334010381404,0.4305757811971563
arguana,text-embedding-3-small (Aiberm),ranking_boundary_svd,128,0.2,0.7298578199052133,0.8815165876777251,0.7298578199052133,0.8815165876777251,0.31232039419243207,0.4514990641681467
arguana,text-embedding-3-small (Aiberm),random_subspace,8,0.2,0.6208530805687204,0.8104265402843602,0.6208530805687204,0.8104265402843602,0.25865305047769505,0.39165468164233935
arguana,text-embedding-3-small (Aiberm),random_subspace,16,0.2,0.6208530805687204,0.8199052132701422,0.6208530805687204,0.8199052132701422,0.2596009177762732,0.39439463260269847
arguana,text-embedding-3-small (Aiberm),random_subspace,32,0.2,0.6255924170616114,0.8246445497630331,0.6255924170616114,0.8246445497630331,0.2610151959678026,0.39659918699549096
arguana,text-embedding-3-small (Aiberm),random_subspace,64,0.2,0.6350710900473934,0.8246445497630331,0.6350710900473934,0.8246445497630331,0.2629692319265779,0.39829833591698355
arguana,text-embedding-3-small (Aiberm),random_subspace,128,0.2,0.6492890995260664,0.8341232227488151,0.6492890995260664,0.8341232227488151,0.26751297675468294,0.40410359483964453
arguana,text-embedding-3-small (Aiberm),baseline,0,0.3,0.6161137440758294,0.8104265402843602,0.6161137440758294,0.8104265402843602,0.25771270593545476,0.3908201027297264
arguana,text-embedding-3-small (Aiberm),full_oracle,0,0.3,0.9715639810426541,1.0,0.9715639810426541,1.0,0.4626495147822162,0.600999847729089
arguana,text-embedding-3-small (Aiberm),delta_svd,8,0.3,0.6492890995260664,0.8293838862559242,0.6492890995260664,0.8293838862559242,0.2650417512976755,0.4010413313961294
arguana,text-embedding-3-small (Aiberm),delta_svd,16,0.3,0.6540284360189573,0.8388625592417062,0.6540284360189573,0.8388625592417062,0.2729406454524938,0.40958912278586995
arguana,text-embedding-3-small (Aiberm),delta_svd,32,0.3,0.6682464454976303,0.8530805687203792,0.6682464454976303,0.8530805687203792,0.2854246595952757,0.42305605528134715
arguana,text-embedding-3-small (Aiberm),delta_svd,64,0.3,0.7251184834123223,0.8815165876777251,0.7251184834123223,0.8815165876777251,0.30773339351538403,0.4476883365584967
arguana,text-embedding-3-small (Aiberm),delta_svd,128,0.3,0.7962085308056872,0.9052132701421801,0.7962085308056872,0.9052132701421801,0.336752426088919,0.47706572636729355
arguana,text-embedding-3-small (Aiberm),tangent_delta_svd,8,0.3,0.6492890995260664,0.8341232227488151,0.6492890995260664,0.8341232227488151,0.2660460392687881,0.4027847321722127
arguana,text-embedding-3-small (Aiberm),tangent_delta_svd,16,0.3,0.6540284360189573,0.8341232227488151,0.6540284360189573,0.8341232227488151,0.27273000827503197,0.4084440765055116
arguana,text-embedding-3-small (Aiberm),tangent_delta_svd,32,0.3,0.6729857819905213,0.8578199052132701,0.6729857819905213,0.8578199052132701,0.2872884224779959,0.4255875708086434
arguana,text-embedding-3-small (Aiberm),tangent_delta_svd,64,0.3,0.7251184834123223,0.8862559241706162,0.7251184834123223,0.8862559241706162,0.30931317234634775,0.45000994566162966
arguana,text-embedding-3-small (Aiberm),tangent_delta_svd,128,0.3,0.7914691943127962,0.9052132701421801,0.7914691943127962,0.9052132701421801,0.33729782592341834,0.4774864075060397
arguana,text-embedding-3-small (Aiberm),ranking_boundary_svd,8,0.3,0.6492890995260664,0.8341232227488151,0.6492890995260664,0.8341232227488151,0.26632061987512223,0.40303711717094975
arguana,text-embedding-3-small (Aiberm),ranking_boundary_svd,16,0.3,0.6540284360189573,0.8341232227488151,0.6540284360189573,0.8341232227488151,0.2717087941021591,0.4076598104104735
arguana,text-embedding-3-small (Aiberm),ranking_boundary_svd,32,0.3,0.6587677725118484,0.8530805687203792,0.6587677725118484,0.8530805687203792,0.28521402241781385,0.4228569578555306
arguana,text-embedding-3-small (Aiberm),ranking_boundary_svd,64,0.3,0.7345971563981043,0.8767772511848341,0.7345971563981043,0.8767772511848341,0.3070488226886331,0.4462627272309579
arguana,text-embedding-3-small (Aiberm),ranking_boundary_svd,128,0.3,0.7867298578199052,0.9052132701421801,0.7867298578199052,0.9052132701421801,0.3388531557962838,0.47876882140793064
arguana,text-embedding-3-small (Aiberm),random_subspace,8,0.3,0.6208530805687204,0.8104265402843602,0.6208530805687204,0.8104265402843602,0.25889001730233957,0.3918623771439453
arguana,text-embedding-3-small (Aiberm),random_subspace,16,0.3,0.6208530805687204,0.8246445497630331,0.6208530805687204,0.8246445497630331,0.2604622733769653,0.3961253999715425
arguana,text-embedding-3-small (Aiberm),random_subspace,32,0.3,0.6303317535545023,0.8246445497630331,0.6303317535545023,0.8246445497630331,0.2618558639885654,0.3973674619984112
arguana,text-embedding-3-small (Aiberm),random_subspace,64,0.3,0.6398104265402843,0.8341232227488151,0.6398104265402843,0.8341232227488151,0.26667042804483565,0.4032619010403298
arguana,text-embedding-3-small (Aiberm),random_subspace,128,0.3,0.6492890995260664,0.8436018957345972,0.6492890995260664,0.8436018957345972,0.2733243060257278,0.4108392813823318
arguana,text-embedding-3-small (Aiberm),baseline,0,0.5,0.6161137440758294,0.8104265402843602,0.6161137440758294,0.8104265402843602,0.25771270593545476,0.3908201027297264
arguana,text-embedding-3-small (Aiberm),full_oracle,0,0.5,1.0,1.0,1.0,1.0,0.5217219589257504,0.6466268222285393
arguana,text-embedding-3-small (Aiberm),delta_svd,8,0.5,0.6492890995260664,0.8341232227488151,0.6492890995260664,0.8341232227488151,0.2708812909049876,0.4067968864489417
arguana,text-embedding-3-small (Aiberm),delta_svd,16,0.5,0.6682464454976303,0.8388625592417062,0.6682464454976303,0.8388625592417062,0.28184006620025576,0.41712014990146384
arguana,text-embedding-3-small (Aiberm),delta_svd,32,0.5,0.7061611374407583,0.8767772511848341,0.7061611374407583,0.8767772511848341,0.30256149853306247,0.44246868394759786
arguana,text-embedding-3-small (Aiberm),delta_svd,64,0.5,0.7867298578199052,0.9004739336492891,0.7867298578199052,0.9004739336492891,0.3363706462047695,0.4757779119212951
arguana,text-embedding-3-small (Aiberm),delta_svd,128,0.5,0.9004739336492891,0.9715639810426541,0.9004739336492891,0.9715639810426541,0.39614646806589937,0.5403956329355409
arguana,text-embedding-3-small (Aiberm),tangent_delta_svd,8,0.5,0.6540284360189573,0.8341232227488151,0.6540284360189573,0.8341232227488151,0.26886331151734,0.40512908317500584
arguana,text-embedding-3-small (Aiberm),tangent_delta_svd,16,0.5,0.6777251184834123,0.8436018957345972,0.6777251184834123,0.8436018957345972,0.2804558790340781,0.4170668828420035
arguana,text-embedding-3-small (Aiberm),tangent_delta_svd,32,0.5,0.7156398104265402,0.8767772511848341,0.7156398104265402,0.8767772511848341,0.30525840668020765,0.4447355995188098
arguana,text-embedding-3-small (Aiberm),tangent_delta_svd,64,0.5,0.7867298578199052,0.8957345971563981,0.7867298578199052,0.8957345971563981,0.33789776574136765,0.4761018707940741
arguana,text-embedding-3-small (Aiberm),tangent_delta_svd,128,0.5,0.9004739336492891,0.9715639810426541,0.9004739336492891,0.9715639810426541,0.39816820883171594,0.5420817225105982
arguana,text-embedding-3-small (Aiberm),ranking_boundary_svd,8,0.5,0.6540284360189573,0.8341232227488151,0.6540284360189573,0.8341232227488151,0.2710919280824494,0.4071355852573264
arguana,text-embedding-3-small (Aiberm),ranking_boundary_svd,16,0.5,0.6682464454976303,0.8578199052132701,0.6682464454976303,0.8578199052132701,0.28554878507485143,0.4239638400869875
arguana,text-embedding-3-small (Aiberm),ranking_boundary_svd,32,0.5,0.7251184834123223,0.8767772511848341,0.7251184834123223,0.8767772511848341,0.30792334311291664,0.4468316727754863
arguana,text-embedding-3-small (Aiberm),ranking_boundary_svd,64,0.5,0.7867298578199052,0.9004739336492891,0.7867298578199052,0.9004739336492891,0.33743511622658545,0.47668739115630326
arguana,text-embedding-3-small (Aiberm),ranking_boundary_svd,128,0.5,0.9004739336492891,0.966824644549763,0.9004739336492891,0.966824644549763,0.3988001203641014,0.5416566533223117
arguana,text-embedding-3-small (Aiberm),random_subspace,8,0.5,0.6208530805687204,0.8199052132701422,0.6208530805687204,0.8199052132701422,0.2598378846009178,0.39460232810430435
arguana,text-embedding-3-small (Aiberm),random_subspace,16,0.5,0.6350710900473934,0.8246445497630331,0.6350710900473934,0.8246445497630331,0.26192921086286014,0.3974280172760365
arguana,text-embedding-3-small (Aiberm),random_subspace,32,0.5,0.6398104265402843,0.8293838862559242,0.6398104265402843,0.8293838862559242,0.2645640562702174,0.40059417827821175
arguana,text-embedding-3-small (Aiberm),random_subspace,64,0.5,0.6492890995260664,0.8341232227488151,0.6492890995260664,0.8341232227488151,0.27098849018280297,0.4069404597939465
arguana,text-embedding-3-small (Aiberm),random_subspace,128,0.5,0.6635071090047393,0.8578199052132701,0.6635071090047393,0.8578199052132701,0.2874595651846837,0.42561783304161804
arguana,text-embedding-3-small (Aiberm),baseline,0,0.75,0.6161137440758294,0.8104265402843602,0.6161137440758294,0.8104265402843602,0.25771270593545476,0.3908201027297264
arguana,text-embedding-3-small (Aiberm),full_oracle,0,0.75,1.0,1.0,1.0,1.0,0.9834123222748815,0.9877559633886266
arguana,text-embedding-3-small (Aiberm),delta_svd,8,0.75,0.6635071090047393,0.8341232227488151,0.6635071090047393,0.8341232227488151,0.2791920559693072,0.4138138988087446
arguana,text-embedding-3-small (Aiberm),delta_svd,16,0.75,0.6966824644549763,0.8625592417061612,0.6966824644549763,0.8625592417061612,0.29681411269089,0.4344761319891063
arguana,text-embedding-3-small (Aiberm),delta_svd,32,0.75,0.7488151658767772,0.8957345971563981,0.7488151658767772,0.8957345971563981,0.32596103212216954,0.46589562599335604
arguana,text-embedding-3-small (Aiberm),delta_svd,64,0.75,0.8815165876777251,0.95260663507109,0.8815165876777251,0.95260663507109,0.37892875949747984,0.5222683575117587
arguana,text-embedding-3-small (Aiberm),delta_svd,128,0.75,0.966824644549763,1.0,0.966824644549763,1.0,0.4529338749717896,0.5930776568716815
arguana,text-embedding-3-small (Aiberm),tangent_delta_svd,8,0.75,0.6682464454976303,0.8436018957345972,0.6682464454976303,0.8436018957345972,0.2769540359587753,0.41390799869518113
arguana,text-embedding-3-small (Aiberm),tangent_delta_svd,16,0.75,0.7014218009478673,0.8720379146919431,0.7014218009478673,0.8720379146919431,0.29412660798916723,0.4343492062330689
arguana,text-embedding-3-small (Aiberm),tangent_delta_svd,32,0.75,0.7535545023696683,0.8957345971563981,0.7535545023696683,0.8957345971563981,0.3283984051756564,0.4678497477512937
arguana,text-embedding-3-small (Aiberm),tangent_delta_svd,64,0.75,0.8909952606635071,0.9478672985781991,0.8909952606635071,0.9478672985781991,0.38023207703302486,0.522383899459573
arguana,text-embedding-3-small (Aiberm),tangent_delta_svd,128,0.75,0.9715639810426541,1.0,0.9715639810426541,1.0,0.4521044910855338,0.5924669210183675
arguana,text-embedding-3-small (Aiberm),ranking_boundary_svd,8,0.75,0.6682464454976303,0.8436018957345972,0.6682464454976303,0.8436018957345972,0.27954186413902055,0.4161128277181436
arguana,text-embedding-3-small (Aiberm),ranking_boundary_svd,16,0.75,0.6966824644549763,0.8625592417061612,0.6966824644549763,0.8625592417061612,0.29635898593244564,0.4341169467856988
arguana,text-embedding-3-small (Aiberm),ranking_boundary_svd,32,0.75,0.7725118483412322,0.8957345971563981,0.7725118483412322,0.8957345971563981,0.3272399006996163,0.466942328799485
arguana,text-embedding-3-small (Aiberm),ranking_boundary_svd,64,0.75,0.8767772511848341,0.9478672985781991,0.8767772511848341,0.9478672985781991,0.3811009553900549,0.5229815245587413
arguana,text-embedding-3-small (Aiberm),ranking_boundary_svd,128,0.75,0.9620853080568721,1.0,0.9620853080568721,1.0,0.4553430376890093,0.5949870689613029
arguana,text-embedding-3-small (Aiberm),random_subspace,8,0.75,0.6208530805687204,0.8199052132701422,0.6208530805687204,0.8199052132701422,0.26046791544421877,0.39516865623768616
arguana,text-embedding-3-small (Aiberm),random_subspace,16,0.75,0.6350710900473934,0.8293838862559242,0.6350710900473934,0.8293838862559242,0.2624877755209509,0.3988826773844037
arguana,text-embedding-3-small (Aiberm),random_subspace,32,0.75,0.6492890995260664,0.8341232227488151,0.6492890995260664,0.8341232227488151,0.267986910403972,0.40446354067613416
arguana,text-embedding-3-small (Aiberm),random_subspace,64,0.75,0.6540284360189573,0.8436018957345972,0.6540284360189573,0.8436018957345972,0.27789438050101556,0.41469786060428404
arguana,text-embedding-3-small (Aiberm),random_subspace,128,0.75,0.6919431279620853,0.8720379146919431,0.6919431279620853,0.8720379146919431,0.3024919130369367,0.44125854520969304
arguana,text-embedding-3-small (Aiberm),baseline,0,1.0,0.6161137440758294,0.8104265402843602,0.6161137440758294,0.8104265402843602,0.25771270593545476,0.3908201027297264
arguana,text-embedding-3-small (Aiberm),full_oracle,0,1.0,1.0,1.0,1.0,1.0,0.990521327014218,0.9930034076506438
arguana,text-embedding-3-small (Aiberm),delta_svd,8,1.0,0.6824644549763034,0.8388625592417062,0.6824644549763034,0.8388625592417062,0.28544158579703605,0.4199674306472792
arguana,text-embedding-3-small (Aiberm),delta_svd,16,1.0,0.7203791469194313,0.8720379146919431,0.7203791469194313,0.8720379146919431,0.30590536372526894,0.44417840983486195
arguana,text-embedding-3-small (Aiberm),delta_svd,32,1.0,0.8199052132701422,0.909952606635071,0.8199052132701422,0.909952606635071,0.3490182802979011,0.4882636077896286
arguana,text-embedding-3-small (Aiberm),delta_svd,64,1.0,0.9146919431279621,0.985781990521327,0.9146919431279621,0.985781990521327,0.42394493342360645,0.5661814208798214
arguana,text-embedding-3-small (Aiberm),delta_svd,128,1.0,0.990521327014218,1.0,0.990521327014218,1.0,0.47985781990521326,0.6148931295884357
arguana,text-embedding-3-small (Aiberm),tangent_delta_svd,8,1.0,0.6777251184834123,0.8578199052132701,0.6777251184834123,0.8578199052132701,0.28325058301361616,0.4221340111706563
arguana,text-embedding-3-small (Aiberm),tangent_delta_svd,16,1.0,0.7298578199052133,0.8767772511848341,0.7298578199052133,0.8767772511848341,0.30574738584217265,0.44515512926912587
arguana,text-embedding-3-small (Aiberm),tangent_delta_svd,32,1.0,0.8199052132701422,0.9052132701421801,0.8199052132701422,0.9052132701421801,0.34711314225532236,0.48573360528281695
arguana,text-embedding-3-small (Aiberm),tangent_delta_svd,64,1.0,0.9241706161137441,0.990521327014218,0.9241706161137441,0.990521327014218,0.42646505679681035,0.5692699779409636
arguana,text-embedding-3-small (Aiberm),tangent_delta_svd,128,1.0,0.995260663507109,1.0,0.995260663507109,1.0,0.4794628751974724,0.6146255448367481
arguana,text-embedding-3-small (Aiberm),ranking_boundary_svd,8,1.0,0.6872037914691943,0.8578199052132701,0.6872037914691943,0.8578199052132701,0.2878206574889039,0.42598719511663546
arguana,text-embedding-3-small (Aiberm),ranking_boundary_svd,16,1.0,0.7109004739336493,0.8815165876777251,0.7109004739336493,0.8815165876777251,0.3089238697058603,0.4485675741565647
arguana,text-embedding-3-small (Aiberm),ranking_boundary_svd,32,1.0,0.8009478672985783,0.9052132701421801,0.8009478672985783,0.9052132701421801,0.3510061686601971,0.48871961423269217
arguana,text-embedding-3-small (Aiberm),ranking_boundary_svd,64,1.0,0.9289099526066351,0.985781990521327,0.9289099526066351,0.985781990521327,0.4240370871887459,0.5664710152771815
arguana,text-embedding-3-small (Aiberm),ranking_boundary_svd,128,1.0,0.995260663507109,1.0,0.995260663507109,1.0,0.48013992326788535,0.6151376581059271
arguana,text-embedding-3-small (Aiberm),random_subspace,8,1.0,0.6255924170616114,0.8293838862559242,0.6255924170616114,0.8293838862559242,0.2613367938012488,0.3978461516022523
arguana,text-embedding-3-small (Aiberm),random_subspace,16,1.0,0.6492890995260664,0.8293838862559242,0.6492890995260664,0.8293838862559242,0.2656097194011886,0.4014534783227421
arguana,text-embedding-3-small (Aiberm),random_subspace,32,1.0,0.6540284360189573,0.8436018957345972,0.6540284360189573,0.8436018957345972,0.2726416158880614,0.41030760683676193
arguana,text-embedding-3-small (Aiberm),random_subspace,64,1.0,0.6729857819905213,0.8530805687203792,0.6729857819905213,0.8530805687203792,0.2876156623786955,0.4248289972093213
arguana,text-embedding-3-small (Aiberm),random_subspace,128,1.0,0.7251184834123223,0.8957345971563981,0.7251184834123223,0.8957345971563981,0.317313623711728,0.45865423278358614
scifact,text-embedding-3-small (Aiberm),baseline,0,0.0,0.9111111111111111,0.9111111111111111,0.9,0.9111111111111111,0.7933333333333334,0.8198454973535806
scifact,text-embedding-3-small (Aiberm),full_oracle,0,0.0,0.9111111111111111,0.9111111111111111,0.9,0.9111111111111111,0.7933333333333334,0.8198454973535806
scifact,text-embedding-3-small (Aiberm),delta_svd,8,0.0,0.9111111111111111,0.9111111111111111,0.9,0.9111111111111111,0.7933333333333334,0.8198454973535806
scifact,text-embedding-3-small (Aiberm),delta_svd,16,0.0,0.9111111111111111,0.9111111111111111,0.9,0.9111111111111111,0.7933333333333334,0.8198454973535806
scifact,text-embedding-3-small (Aiberm),delta_svd,32,0.0,0.9111111111111111,0.9111111111111111,0.9,0.9111111111111111,0.7933333333333334,0.8198454973535806
scifact,text-embedding-3-small (Aiberm),delta_svd,64,0.0,0.9111111111111111,0.9111111111111111,0.9,0.9111111111111111,0.7933333333333334,0.8198454973535806
scifact,text-embedding-3-small (Aiberm),delta_svd,128,0.0,0.9111111111111111,0.9111111111111111,0.9,0.9111111111111111,0.7933333333333334,0.8198454973535806
scifact,text-embedding-3-small (Aiberm),tangent_delta_svd,8,0.0,0.9111111111111111,0.9111111111111111,0.9,0.9111111111111111,0.7933333333333334,0.8198454973535806
scifact,text-embedding-3-small (Aiberm),tangent_delta_svd,16,0.0,0.9111111111111111,0.9111111111111111,0.9,0.9111111111111111,0.7933333333333334,0.8198454973535806
scifact,text-embedding-3-small (Aiberm),tangent_delta_svd,32,0.0,0.9111111111111111,0.9111111111111111,0.9,0.9111111111111111,0.7933333333333334,0.8198454973535806
scifact,text-embedding-3-small (Aiberm),tangent_delta_svd,64,0.0,0.9111111111111111,0.9111111111111111,0.9,0.9111111111111111,0.7933333333333334,0.8198454973535806
scifact,text-embedding-3-small (Aiberm),tangent_delta_svd,128,0.0,0.9111111111111111,0.9111111111111111,0.9,0.9111111111111111,0.7933333333333334,0.8198454973535806
scifact,text-embedding-3-small (Aiberm),ranking_boundary_svd,8,0.0,0.9111111111111111,0.9111111111111111,0.9,0.9111111111111111,0.7933333333333334,0.8198454973535806
scifact,text-embedding-3-small (Aiberm),ranking_boundary_svd,16,0.0,0.9111111111111111,0.9111111111111111,0.9,0.9111111111111111,0.7933333333333334,0.8198454973535806
scifact,text-embedding-3-small (Aiberm),ranking_boundary_svd,32,0.0,0.9111111111111111,0.9111111111111111,0.9,0.9111111111111111,0.7933333333333334,0.8198454973535806
scifact,text-embedding-3-small (Aiberm),ranking_boundary_svd,64,0.0,0.9111111111111111,0.9111111111111111,0.9,0.9111111111111111,0.7933333333333334,0.8198454973535806
scifact,text-embedding-3-small (Aiberm),ranking_boundary_svd,128,0.0,0.9111111111111111,0.9111111111111111,0.9,0.9111111111111111,0.7933333333333334,0.8198454973535806
scifact,text-embedding-3-small (Aiberm),random_subspace,8,0.0,0.9111111111111111,0.9111111111111111,0.9,0.9111111111111111,0.7933333333333334,0.8198454973535806
scifact,text-embedding-3-small (Aiberm),random_subspace,16,0.0,0.9111111111111111,0.9111111111111111,0.9,0.9111111111111111,0.7933333333333334,0.8198454973535806
scifact,text-embedding-3-small (Aiberm),random_subspace,32,0.0,0.9111111111111111,0.9111111111111111,0.9,0.9111111111111111,0.7933333333333334,0.8198454973535806
scifact,text-embedding-3-small (Aiberm),random_subspace,64,0.0,0.9111111111111111,0.9111111111111111,0.9,0.9111111111111111,0.7933333333333334,0.8198454973535806
scifact,text-embedding-3-small (Aiberm),random_subspace,128,0.0,0.9111111111111111,0.9111111111111111,0.9,0.9111111111111111,0.7933333333333334,0.8198454973535806
scifact,text-embedding-3-small (Aiberm),baseline,0,0.05,0.9111111111111111,0.9111111111111111,0.9,0.9111111111111111,0.7933333333333334,0.8198454973535806
scifact,text-embedding-3-small (Aiberm),full_oracle,0,0.05,0.9111111111111111,0.9111111111111111,0.9,0.9111111111111111,0.8370370370370371,0.8524719951305656
scifact,text-embedding-3-small (Aiberm),delta_svd,8,0.05,0.9111111111111111,0.9111111111111111,0.9,0.9111111111111111,0.7933333333333334,0.8198454973535806
scifact,text-embedding-3-small (Aiberm),delta_svd,16,0.05,0.9111111111111111,0.9111111111111111,0.9,0.9111111111111111,0.7933333333333334,0.8198454973535806
scifact,text-embedding-3-small (Aiberm),delta_svd,32,0.05,0.9111111111111111,0.9111111111111111,0.9,0.9111111111111111,0.7933333333333334,0.8198454973535806
scifact,text-embedding-3-small (Aiberm),delta_svd,64,0.05,0.9111111111111111,0.9111111111111111,0.9,0.9111111111111111,0.7933333333333334,0.8198454973535806
scifact,text-embedding-3-small (Aiberm),delta_svd,128,0.05,0.9111111111111111,0.9111111111111111,0.9,0.9111111111111111,0.7970370370370371,0.8227550474329464
scifact,text-embedding-3-small (Aiberm),tangent_delta_svd,8,0.05,0.9111111111111111,0.9111111111111111,0.9,0.9111111111111111,0.7933333333333334,0.8198454973535806
scifact,text-embedding-3-small (Aiberm),tangent_delta_svd,16,0.05,0.9111111111111111,0.9111111111111111,0.9,0.9111111111111111,0.7933333333333334,0.8198454973535806
scifact,text-embedding-3-small (Aiberm),tangent_delta_svd,32,0.05,0.9111111111111111,0.9111111111111111,0.9,0.9111111111111111,0.7933333333333334,0.8198454973535806
scifact,text-embedding-3-small (Aiberm),tangent_delta_svd,64,0.05,0.9111111111111111,0.9111111111111111,0.9,0.9111111111111111,0.7933333333333334,0.8198454973535806
scifact,text-embedding-3-small (Aiberm),tangent_delta_svd,128,0.05,0.9111111111111111,0.9111111111111111,0.9,0.9111111111111111,0.7970370370370371,0.8227550474329464
scifact,text-embedding-3-small (Aiberm),ranking_boundary_svd,8,0.05,0.9111111111111111,0.9111111111111111,0.9,0.9111111111111111,0.7933333333333334,0.8198454973535806
scifact,text-embedding-3-small (Aiberm),ranking_boundary_svd,16,0.05,0.9111111111111111,0.9111111111111111,0.9,0.9111111111111111,0.7933333333333334,0.8198454973535806
scifact,text-embedding-3-small (Aiberm),ranking_boundary_svd,32,0.05,0.9111111111111111,0.9111111111111111,0.9,0.9111111111111111,0.7933333333333334,0.8198454973535806
scifact,text-embedding-3-small (Aiberm),ranking_boundary_svd,64,0.05,0.9111111111111111,0.9111111111111111,0.9,0.9111111111111111,0.7933333333333334,0.8198454973535806
scifact,text-embedding-3-small (Aiberm),ranking_boundary_svd,128,0.05,0.9111111111111111,0.9111111111111111,0.9,0.9111111111111111,0.7981481481481483,0.8237289085626985
scifact,text-embedding-3-small (Aiberm),random_subspace,8,0.05,0.9111111111111111,0.9111111111111111,0.9,0.9111111111111111,0.7933333333333334,0.8198454973535806
scifact,text-embedding-3-small (Aiberm),random_subspace,16,0.05,0.9111111111111111,0.9111111111111111,0.9,0.9111111111111111,0.7933333333333334,0.8198454973535806
scifact,text-embedding-3-small (Aiberm),random_subspace,32,0.05,0.9111111111111111,0.9111111111111111,0.9,0.9111111111111111,0.7933333333333334,0.8198454973535806
scifact,text-embedding-3-small (Aiberm),random_subspace,64,0.05,0.9111111111111111,0.9111111111111111,0.9,0.9111111111111111,0.7933333333333334,0.8198454973535806
scifact,text-embedding-3-small (Aiberm),random_subspace,128,0.05,0.9111111111111111,0.9111111111111111,0.9,0.9111111111111111,0.7933333333333334,0.8198454973535806
scifact,text-embedding-3-small (Aiberm),baseline,0,0.1,0.9111111111111111,0.9111111111111111,0.9,0.9111111111111111,0.7933333333333334,0.8198454973535806
scifact,text-embedding-3-small (Aiberm),full_oracle,0,0.1,0.9111111111111111,0.9333333333333333,0.9,0.9333333333333333,0.892063492063492,0.8953319499148498
scifact,text-embedding-3-small (Aiberm),delta_svd,8,0.1,0.9111111111111111,0.9111111111111111,0.9,0.9111111111111111,0.7933333333333334,0.8198454973535806
scifact,text-embedding-3-small (Aiberm),delta_svd,16,0.1,0.9111111111111111,0.9111111111111111,0.9,0.9111111111111111,0.7933333333333334,0.8198454973535806
scifact,text-embedding-3-small (Aiberm),delta_svd,32,0.1,0.9111111111111111,0.9111111111111111,0.9,0.9111111111111111,0.7933333333333334,0.8198454973535806
scifact,text-embedding-3-small (Aiberm),delta_svd,64,0.1,0.9111111111111111,0.9111111111111111,0.9,0.9111111111111111,0.7970370370370371,0.8227550474329464
scifact,text-embedding-3-small (Aiberm),delta_svd,128,0.1,0.9111111111111111,0.9111111111111111,0.9,0.9111111111111111,0.8,0.825269429494401
scifact,text-embedding-3-small (Aiberm),tangent_delta_svd,8,0.1,0.9111111111111111,0.9111111111111111,0.9,0.9111111111111111,0.7933333333333334,0.8198454973535806
scifact,text-embedding-3-small (Aiberm),tangent_delta_svd,16,0.1,0.9111111111111111,0.9111111111111111,0.9,0.9111111111111111,0.7933333333333334,0.8198454973535806
scifact,text-embedding-3-small (Aiberm),tangent_delta_svd,32,0.1,0.9111111111111111,0.9111111111111111,0.9,0.9111111111111111,0.7933333333333334,0.8198454973535806
scifact,text-embedding-3-small (Aiberm),tangent_delta_svd,64,0.1,0.9111111111111111,0.9111111111111111,0.9,0.9111111111111111,0.7981481481481483,0.8237289085626985
scifact,text-embedding-3-small (Aiberm),tangent_delta_svd,128,0.1,0.9111111111111111,0.9111111111111111,0.9,0.9111111111111111,0.8037037037037038,0.8278673120353294
scifact,text-embedding-3-small (Aiberm),ranking_boundary_svd,8,0.1,0.9111111111111111,0.9111111111111111,0.9,0.9111111111111111,0.7933333333333334,0.8198454973535806
scifact,text-embedding-3-small (Aiberm),ranking_boundary_svd,16,0.1,0.9111111111111111,0.9111111111111111,0.9,0.9111111111111111,0.7933333333333334,0.8198454973535806
scifact,text-embedding-3-small (Aiberm),ranking_boundary_svd,32,0.1,0.9111111111111111,0.9111111111111111,0.9,0.9111111111111111,0.7933333333333334,0.8198454973535806
scifact,text-embedding-3-small (Aiberm),ranking_boundary_svd,64,0.1,0.9111111111111111,0.9111111111111111,0.9,0.9111111111111111,0.7981481481481483,0.8237289085626985
scifact,text-embedding-3-small (Aiberm),ranking_boundary_svd,128,0.1,0.9111111111111111,0.9111111111111111,0.9,0.9111111111111111,0.8037037037037038,0.8281789795737666
scifact,text-embedding-3-small (Aiberm),random_subspace,8,0.1,0.9111111111111111,0.9111111111111111,0.9,0.9111111111111111,0.7933333333333334,0.8198454973535806
scifact,text-embedding-3-small (Aiberm),random_subspace,16,0.1,0.9111111111111111,0.9111111111111111,0.9,0.9111111111111111,0.7933333333333334,0.8198454973535806
scifact,text-embedding-3-small (Aiberm),random_subspace,32,0.1,0.9111111111111111,0.9111111111111111,0.9,0.9111111111111111,0.7933333333333334,0.8198454973535806
scifact,text-embedding-3-small (Aiberm),random_subspace,64,0.1,0.9111111111111111,0.9111111111111111,0.9,0.9111111111111111,0.7933333333333334,0.8198454973535806
scifact,text-embedding-3-small (Aiberm),random_subspace,128,0.1,0.9111111111111111,0.9111111111111111,0.9,0.9111111111111111,0.7933333333333334,0.8198454973535806
scifact,text-embedding-3-small (Aiberm),baseline,0,0.2,0.9111111111111111,0.9111111111111111,0.9,0.9111111111111111,0.7933333333333334,0.8198454973535806
scifact,text-embedding-3-small (Aiberm),full_oracle,0,0.2,0.9777777777777777,1.0,0.9666666666666667,1.0,0.9374074074074074,0.945453689858994
scifact,text-embedding-3-small (Aiberm),delta_svd,8,0.2,0.9111111111111111,0.9111111111111111,0.9,0.9111111111111111,0.7933333333333334,0.8198454973535806
scifact,text-embedding-3-small (Aiberm),delta_svd,16,0.2,0.9111111111111111,0.9111111111111111,0.9,0.9111111111111111,0.7933333333333334,0.8198454973535806
scifact,text-embedding-3-small (Aiberm),delta_svd,32,0.2,0.9111111111111111,0.9111111111111111,0.9,0.9111111111111111,0.7970370370370371,0.8227550474329464
scifact,text-embedding-3-small (Aiberm),delta_svd,64,0.2,0.9111111111111111,0.9111111111111111,0.9,0.9111111111111111,0.8148148148148149,0.8363805406055121
scifact,text-embedding-3-small (Aiberm),delta_svd,128,0.2,0.9111111111111111,0.9333333333333333,0.9,0.9333333333333333,0.8540740740740742,0.8700067690487407
scifact,text-embedding-3-small (Aiberm),tangent_delta_svd,8,0.2,0.9111111111111111,0.9111111111111111,0.9,0.9111111111111111,0.7933333333333334,0.8198454973535806
scifact,text-embedding-3-small (Aiberm),tangent_delta_svd,16,0.2,0.9111111111111111,0.9111111111111111,0.9,0.9111111111111111,0.7933333333333334,0.8198454973535806
scifact,text-embedding-3-small (Aiberm),tangent_delta_svd,32,0.2,0.9111111111111111,0.9111111111111111,0.9,0.9111111111111111,0.7970370370370371,0.8227550474329464
scifact,text-embedding-3-small (Aiberm),tangent_delta_svd,64,0.2,0.9111111111111111,0.9111111111111111,0.9,0.9111111111111111,0.8148148148148149,0.8360688730670748
scifact,text-embedding-3-small (Aiberm),tangent_delta_svd,128,0.2,0.9111111111111111,0.9333333333333333,0.9,0.9333333333333333,0.8546296296296296,0.870593436836915
scifact,text-embedding-3-small (Aiberm),ranking_boundary_svd,8,0.2,0.9111111111111111,0.9111111111111111,0.9,0.9111111111111111,0.7933333333333334,0.8198454973535806
scifact,text-embedding-3-small (Aiberm),ranking_boundary_svd,16,0.2,0.9111111111111111,0.9111111111111111,0.9,0.9111111111111111,0.7970370370370371,0.8227550474329464
scifact,text-embedding-3-small (Aiberm),ranking_boundary_svd,32,0.2,0.9111111111111111,0.9111111111111111,0.9,0.9111111111111111,0.7970370370370371,0.8227550474329464
scifact,text-embedding-3-small (Aiberm),ranking_boundary_svd,64,0.2,0.9111111111111111,0.9111111111111111,0.9,0.9111111111111111,0.8259259259259261,0.8442704340988202
scifact,text-embedding-3-small (Aiberm),ranking_boundary_svd,128,0.2,0.9111111111111111,0.9333333333333333,0.9,0.9333333333333333,0.8509259259259261,0.8676838867575495
scifact,text-embedding-3-small (Aiberm),random_subspace,8,0.2,0.9111111111111111,0.9111111111111111,0.9,0.9111111111111111,0.7933333333333334,0.8198454973535806
scifact,text-embedding-3-small (Aiberm),random_subspace,16,0.2,0.9111111111111111,0.9111111111111111,0.9,0.9111111111111111,0.7933333333333334,0.8198454973535806
scifact,text-embedding-3-small (Aiberm),random_subspace,32,0.2,0.9111111111111111,0.9111111111111111,0.9,0.9111111111111111,0.7933333333333334,0.8198454973535806
scifact,text-embedding-3-small (Aiberm),random_subspace,64,0.2,0.9111111111111111,0.9111111111111111,0.9,0.9111111111111111,0.7933333333333334,0.8198454973535806
scifact,text-embedding-3-small (Aiberm),random_subspace,128,0.2,0.9111111111111111,0.9111111111111111,0.9,0.9111111111111111,0.7933333333333334,0.8198454973535806
scifact,text-embedding-3-small (Aiberm),baseline,0,0.3,0.9111111111111111,0.9111111111111111,0.9,0.9111111111111111,0.7933333333333334,0.8198454973535806
scifact,text-embedding-3-small (Aiberm),full_oracle,0,0.3,1.0,1.0,0.9888888888888889,1.0,0.985185185185185,0.9821054423487109
scifact,text-embedding-3-small (Aiberm),delta_svd,8,0.3,0.9111111111111111,0.9111111111111111,0.9,0.9111111111111111,0.7933333333333334,0.8198454973535806
scifact,text-embedding-3-small (Aiberm),delta_svd,16,0.3,0.9111111111111111,0.9111111111111111,0.9,0.9111111111111111,0.7970370370370371,0.8227550474329464
scifact,text-embedding-3-small (Aiberm),delta_svd,32,0.3,0.9111111111111111,0.9111111111111111,0.9,0.9111111111111111,0.7981481481481483,0.8234172410242613
scifact,text-embedding-3-small (Aiberm),delta_svd,64,0.3,0.9111111111111111,0.9111111111111111,0.9,0.9111111111111111,0.8518518518518517,0.8635831062416767
scifact,text-embedding-3-small (Aiberm),delta_svd,128,0.3,0.9111111111111111,0.9333333333333333,0.9,0.9333333333333333,0.8879629629629631,0.8920253230233152
scifact,text-embedding-3-small (Aiberm),tangent_delta_svd,8,0.3,0.9111111111111111,0.9111111111111111,0.9,0.9111111111111111,0.7933333333333334,0.8198454973535806
scifact,text-embedding-3-small (Aiberm),tangent_delta_svd,16,0.3,0.9111111111111111,0.9111111111111111,0.9,0.9111111111111111,0.7970370370370371,0.8227550474329464
scifact,text-embedding-3-small (Aiberm),tangent_delta_svd,32,0.3,0.9111111111111111,0.9111111111111111,0.9,0.9111111111111111,0.7981481481481483,0.8237289085626985
scifact,text-embedding-3-small (Aiberm),tangent_delta_svd,64,0.3,0.9111111111111111,0.9111111111111111,0.9,0.9111111111111111,0.862962962962963,0.8717846672734221
scifact,text-embedding-3-small (Aiberm),tangent_delta_svd,128,0.3,0.9111111111111111,0.9333333333333333,0.9,0.9333333333333333,0.8883597883597883,0.8924223998354841
scifact,text-embedding-3-small (Aiberm),ranking_boundary_svd,8,0.3,0.9111111111111111,0.9111111111111111,0.9,0.9111111111111111,0.7933333333333334,0.8195338298151433
scifact,text-embedding-3-small (Aiberm),ranking_boundary_svd,16,0.3,0.9111111111111111,0.9111111111111111,0.9,0.9111111111111111,0.7970370370370371,0.822443379894509
scifact,text-embedding-3-small (Aiberm),ranking_boundary_svd,32,0.3,0.9111111111111111,0.9111111111111111,0.9,0.9111111111111111,0.8,0.8249577619559637
scifact,text-embedding-3-small (Aiberm),ranking_boundary_svd,64,0.3,0.9111111111111111,0.9111111111111111,0.9,0.9111111111111111,0.8481481481481482,0.860673556162311
scifact,text-embedding-3-small (Aiberm),ranking_boundary_svd,128,0.3,0.9111111111111111,0.9333333333333333,0.9,0.9333333333333333,0.8994708994708994,0.9006239608672295
scifact,text-embedding-3-small (Aiberm),random_subspace,8,0.3,0.9111111111111111,0.9111111111111111,0.9,0.9111111111111111,0.7933333333333334,0.8198454973535806
scifact,text-embedding-3-small (Aiberm),random_subspace,16,0.3,0.9111111111111111,0.9111111111111111,0.9,0.9111111111111111,0.7933333333333334,0.8198454973535806
scifact,text-embedding-3-small (Aiberm),random_subspace,32,0.3,0.9111111111111111,0.9111111111111111,0.9,0.9111111111111111,0.7933333333333334,0.8198454973535806
scifact,text-embedding-3-small (Aiberm),random_subspace,64,0.3,0.9111111111111111,0.9111111111111111,0.9,0.9111111111111111,0.7933333333333334,0.8198454973535806
scifact,text-embedding-3-small (Aiberm),random_subspace,128,0.3,0.9111111111111111,0.9111111111111111,0.9,0.9111111111111111,0.7981481481481483,0.8237289085626985
scifact,text-embedding-3-small (Aiberm),baseline,0,0.5,0.9111111111111111,0.9111111111111111,0.9,0.9111111111111111,0.7933333333333334,0.8198454973535806
scifact,text-embedding-3-small (Aiberm),full_oracle,0,0.5,1.0,1.0,0.9888888888888889,1.0,1.0,0.9944727870829291
scifact,text-embedding-3-small (Aiberm),delta_svd,8,0.5,0.9111111111111111,0.9111111111111111,0.9,0.9111111111111111,0.7933333333333334,0.8195338298151433
scifact,text-embedding-3-small (Aiberm),delta_svd,16,0.5,0.9111111111111111,0.9111111111111111,0.9,0.9111111111111111,0.8081481481481482,0.8309566084646918
scifact,text-embedding-3-small (Aiberm),delta_svd,32,0.5,0.9111111111111111,0.9111111111111111,0.9,0.9111111111111111,0.8370370370370371,0.8524719951305656
scifact,text-embedding-3-small (Aiberm),delta_svd,64,0.5,0.9111111111111111,0.9333333333333333,0.9,0.9333333333333333,0.8772486772486772,0.8842208388037387
scifact,text-embedding-3-small (Aiberm),delta_svd,128,0.5,0.9555555555555556,1.0,0.9444444444444444,1.0,0.917989417989418,0.9305904065744798
scifact,text-embedding-3-small (Aiberm),tangent_delta_svd,8,0.5,0.9111111111111111,0.9111111111111111,0.9,0.9111111111111111,0.7933333333333334,0.8198454973535806
scifact,text-embedding-3-small (Aiberm),tangent_delta_svd,16,0.5,0.9111111111111111,0.9111111111111111,0.9,0.9111111111111111,0.8,0.8249577619559637
scifact,text-embedding-3-small (Aiberm),tangent_delta_svd,32,0.5,0.9111111111111111,0.9111111111111111,0.9,0.9111111111111111,0.8370370370370371,0.8496108657601666
scifact,text-embedding-3-small (Aiberm),tangent_delta_svd,64,0.5,0.9111111111111111,0.9333333333333333,0.9,0.9333333333333333,0.8765432098765432,0.8835029868555309
scifact,text-embedding-3-small (Aiberm),tangent_delta_svd,128,0.5,0.9555555555555556,1.0,0.9444444444444444,1.0,0.917989417989418,0.9305904065744798
scifact,text-embedding-3-small (Aiberm),ranking_boundary_svd,8,0.5,0.9111111111111111,0.9111111111111111,0.9,0.9111111111111111,0.7962962962962964,0.8220482118765979
scifact,text-embedding-3-small (Aiberm),ranking_boundary_svd,16,0.5,0.9111111111111111,0.9111111111111111,0.9,0.9111111111111111,0.8,0.8249577619559637
scifact,text-embedding-3-small (Aiberm),ranking_boundary_svd,32,0.5,0.9111111111111111,0.9111111111111111,0.9,0.9111111111111111,0.8370370370370371,0.8524719951305656
scifact,text-embedding-3-small (Aiberm),ranking_boundary_svd,64,0.5,0.9111111111111111,0.9333333333333333,0.9,0.9333333333333333,0.8879629629629631,0.8920253230233152
scifact,text-embedding-3-small (Aiberm),ranking_boundary_svd,128,0.5,0.9777777777777777,1.0,0.9666666666666667,1.0,0.9216931216931217,0.9337858024165239
scifact,text-embedding-3-small (Aiberm),random_subspace,8,0.5,0.9111111111111111,0.9111111111111111,0.9,0.9111111111111111,0.7933333333333334,0.8198454973535806
scifact,text-embedding-3-small (Aiberm),random_subspace,16,0.5,0.9111111111111111,0.9111111111111111,0.9,0.9111111111111111,0.7933333333333334,0.8198454973535806
scifact,text-embedding-3-small (Aiberm),random_subspace,32,0.5,0.9111111111111111,0.9111111111111111,0.9,0.9111111111111111,0.7933333333333334,0.8198454973535806
scifact,text-embedding-3-small (Aiberm),random_subspace,64,0.5,0.9111111111111111,0.9111111111111111,0.9,0.9111111111111111,0.7970370370370371,0.8227550474329464
scifact,text-embedding-3-small (Aiberm),random_subspace,128,0.5,0.9111111111111111,0.9111111111111111,0.9,0.9111111111111111,0.8092592592592593,0.831930469594444
scifact,text-embedding-3-small (Aiberm),baseline,0,0.75,0.9111111111111111,0.9111111111111111,0.9,0.9111111111111111,0.7933333333333334,0.8198454973535806
scifact,text-embedding-3-small (Aiberm),full_oracle,0,0.75,1.0,1.0,0.9888888888888889,1.0,1.0,0.9941611195444917
scifact,text-embedding-3-small (Aiberm),delta_svd,8,0.75,0.9111111111111111,0.9111111111111111,0.9,0.9111111111111111,0.8055555555555556,0.828709251976641
scifact,text-embedding-3-small (Aiberm),delta_svd,16,0.75,0.9111111111111111,0.9111111111111111,0.9,0.9111111111111111,0.8222222222222222,0.8416725515578918
scifact,text-embedding-3-small (Aiberm),delta_svd,32,0.75,0.9111111111111111,0.9111111111111111,0.9,0.9111111111111111,0.8740740740740741,0.8768134313963313
scifact,text-embedding-3-small (Aiberm),delta_svd,64,0.75,0.9555555555555556,0.9555555555555556,0.9444444444444444,0.9555555555555556,0.9081481481481481,0.9129243936205897
scifact,text-embedding-3-small (Aiberm),delta_svd,128,0.75,1.0,1.0,0.9888888888888889,1.0,0.9703703703703703,0.9713059987760371
scifact,text-embedding-3-small (Aiberm),tangent_delta_svd,8,0.75,0.9111111111111111,0.9111111111111111,0.9,0.9111111111111111,0.7933333333333334,0.8195338298151433
scifact,text-embedding-3-small (Aiberm),tangent_delta_svd,16,0.75,0.9111111111111111,0.9111111111111111,0.9,0.9111111111111111,0.8296296296296295,0.847179984178186
scifact,text-embedding-3-small (Aiberm),tangent_delta_svd,32,0.75,0.9111111111111111,0.9111111111111111,0.9,0.9111111111111111,0.8740740740740741,0.8771250989347685
scifact,text-embedding-3-small (Aiberm),tangent_delta_svd,64,0.75,0.9111111111111111,0.9777777777777777,0.9,0.9777777777777777,0.9063492063492063,0.915947083543704
scifact,text-embedding-3-small (Aiberm),tangent_delta_svd,128,0.75,1.0,1.0,0.9888888888888889,1.0,0.985185185185185,0.983361675971818
scifact,text-embedding-3-small (Aiberm),ranking_boundary_svd,8,0.75,0.9111111111111111,0.9111111111111111,0.9,0.9111111111111111,0.7962962962962964,0.8220482118765979
scifact,text-embedding-3-small (Aiberm),ranking_boundary_svd,16,0.75,0.9111111111111111,0.9111111111111111,0.9,0.9111111111111111,0.8148148148148149,0.8360688730670748
scifact,text-embedding-3-small (Aiberm),ranking_boundary_svd,32,0.75,0.9111111111111111,0.9111111111111111,0.9,0.9111111111111111,0.862962962962963,0.868611870364586
scifact,text-embedding-3-small (Aiberm),ranking_boundary_svd,64,0.75,0.9555555555555556,1.0,0.9444444444444444,1.0,0.9118518518518518,0.9254045338793642
scifact,text-embedding-3-small (Aiberm),ranking_boundary_svd,128,0.75,1.0,1.0,0.9888888888888889,1.0,0.985185185185185,0.9824171098871483
scifact,text-embedding-3-small (Aiberm),random_subspace,8,0.75,0.9111111111111111,0.9111111111111111,0.9,0.9111111111111111,0.7933333333333334,0.8198454973535806
scifact,text-embedding-3-small (Aiberm),random_subspace,16,0.75,0.9111111111111111,0.9111111111111111,0.9,0.9111111111111111,0.7933333333333334,0.8198454973535806
scifact,text-embedding-3-small (Aiberm),random_subspace,32,0.75,0.9111111111111111,0.9111111111111111,0.9,0.9111111111111111,0.7933333333333334,0.8198454973535806
scifact,text-embedding-3-small (Aiberm),random_subspace,64,0.75,0.9111111111111111,0.9111111111111111,0.9,0.9111111111111111,0.7981481481481483,0.8237289085626985
scifact,text-embedding-3-small (Aiberm),random_subspace,128,0.75,0.9111111111111111,0.9111111111111111,0.9,0.9111111111111111,0.8481481481481482,0.8609852237007481
scifact,text-embedding-3-small (Aiberm),baseline,0,1.0,0.9111111111111111,0.9111111111111111,0.9,0.9111111111111111,0.7933333333333334,0.8198454973535806
scifact,text-embedding-3-small (Aiberm),full_oracle,0,1.0,1.0,1.0,0.9888888888888889,1.0,1.0,0.9932165534598221
scifact,text-embedding-3-small (Aiberm),delta_svd,8,1.0,0.9111111111111111,0.9111111111111111,0.9,0.9111111111111111,0.8074074074074074,0.8302497729083433
scifact,text-embedding-3-small (Aiberm),delta_svd,16,1.0,0.9111111111111111,0.9111111111111111,0.9,0.9111111111111111,0.8222222222222222,0.8413608840194544
scifact,text-embedding-3-small (Aiberm),delta_svd,32,1.0,0.9111111111111111,0.9333333333333333,0.9,0.9333333333333333,0.8765432098765432,0.8835029868555309
scifact,text-embedding-3-small (Aiberm),delta_svd,64,1.0,0.9555555555555556,1.0,0.9444444444444444,1.0,0.9313227513227512,0.9406926245460642
scifact,text-embedding-3-small (Aiberm),delta_svd,128,1.0,1.0,1.0,0.9888888888888889,1.0,1.0,0.9939176530117982
scifact,text-embedding-3-small (Aiberm),tangent_delta_svd,8,1.0,0.9111111111111111,0.9111111111111111,0.9,0.9111111111111111,0.8044444444444445,0.8277353908468886
scifact,text-embedding-3-small (Aiberm),tangent_delta_svd,16,1.0,0.9111111111111111,0.9111111111111111,0.9,0.9111111111111111,0.8407407407407407,0.8553815452099313
scifact,text-embedding-3-small (Aiberm),tangent_delta_svd,32,1.0,0.9111111111111111,0.9333333333333333,0.9,0.9333333333333333,0.8762962962962964,0.8832370942033955
scifact,text-embedding-3-small (Aiberm),tangent_delta_svd,64,1.0,1.0,1.0,0.9888888888888889,1.0,0.932962962962963,0.9425144914992032
scifact,text-embedding-3-small (Aiberm),tangent_delta_svd,128,1.0,1.0,1.0,0.9888888888888889,1.0,1.0,0.9944727870829291
scifact,text-embedding-3-small (Aiberm),ranking_boundary_svd,8,1.0,0.9111111111111111,0.9111111111111111,0.9,0.9111111111111111,0.8111111111111111,0.8331593229877091
scifact,text-embedding-3-small (Aiberm),ranking_boundary_svd,16,1.0,0.9111111111111111,0.9111111111111111,0.9,0.9111111111111111,0.8518518518518517,0.8635831062416767
scifact,text-embedding-3-small (Aiberm),ranking_boundary_svd,32,1.0,0.9111111111111111,0.9333333333333333,0.9,0.9333333333333333,0.8879629629629631,0.8920253230233152
scifact,text-embedding-3-small (Aiberm),ranking_boundary_svd,64,1.0,0.9777777777777777,1.0,0.9666666666666667,1.0,0.9370370370370371,0.9455767131733337
scifact,text-embedding-3-small (Aiberm),ranking_boundary_svd,128,1.0,1.0,1.0,0.9888888888888889,1.0,1.0,0.9939176530117982
scifact,text-embedding-3-small (Aiberm),random_subspace,8,1.0,0.9111111111111111,0.9111111111111111,0.9,0.9111111111111111,0.7933333333333334,0.8198454973535806
scifact,text-embedding-3-small (Aiberm),random_subspace,16,1.0,0.9111111111111111,0.9111111111111111,0.9,0.9111111111111111,0.7933333333333334,0.8195338298151433
scifact,text-embedding-3-small (Aiberm),random_subspace,32,1.0,0.9111111111111111,0.9111111111111111,0.9,0.9111111111111111,0.7970370370370371,0.8227550474329464
scifact,text-embedding-3-small (Aiberm),random_subspace,64,1.0,0.9111111111111111,0.9111111111111111,0.9,0.9111111111111111,0.8092592592592593,0.831930469594444
scifact,text-embedding-3-small (Aiberm),random_subspace,128,1.0,0.9111111111111111,0.9333333333333333,0.9,0.9333333333333333,0.854320987654321,0.8705843292393136
nfcorpus,text-embedding-3-small (Aiberm),baseline,0,0.0,0.5918367346938775,0.6326530612244898,0.1327469763665033,0.1816579564048936,0.4824263038548753,0.3245269233554225
nfcorpus,text-embedding-3-small (Aiberm),full_oracle,0,0.0,0.5918367346938775,0.6326530612244898,0.1327469763665033,0.1816579564048936,0.4824263038548753,0.3245269233554225
nfcorpus,text-embedding-3-small (Aiberm),delta_svd,8,0.0,0.5918367346938775,0.6326530612244898,0.1327469763665033,0.1816579564048936,0.4824263038548753,0.3245269233554225
nfcorpus,text-embedding-3-small (Aiberm),delta_svd,16,0.0,0.5918367346938775,0.6326530612244898,0.1327469763665033,0.1816579564048936,0.4824263038548753,0.3245269233554225
nfcorpus,text-embedding-3-small (Aiberm),delta_svd,32,0.0,0.5918367346938775,0.6326530612244898,0.1327469763665033,0.1816579564048936,0.4824263038548753,0.3245269233554225
nfcorpus,text-embedding-3-small (Aiberm),delta_svd,64,0.0,0.5918367346938775,0.6326530612244898,0.1327469763665033,0.1816579564048936,0.4824263038548753,0.3245269233554225
nfcorpus,text-embedding-3-small (Aiberm),delta_svd,128,0.0,0.5918367346938775,0.6326530612244898,0.1327469763665033,0.1816579564048936,0.4824263038548753,0.3245269233554225
nfcorpus,text-embedding-3-small (Aiberm),tangent_delta_svd,8,0.0,0.5918367346938775,0.6326530612244898,0.1327469763665033,0.1816579564048936,0.4824263038548753,0.3245269233554225
nfcorpus,text-embedding-3-small (Aiberm),tangent_delta_svd,16,0.0,0.5918367346938775,0.6326530612244898,0.1327469763665033,0.1816579564048936,0.4824263038548753,0.3245269233554225
nfcorpus,text-embedding-3-small (Aiberm),tangent_delta_svd,32,0.0,0.5918367346938775,0.6326530612244898,0.1327469763665033,0.1816579564048936,0.4824263038548753,0.3245269233554225
nfcorpus,text-embedding-3-small (Aiberm),tangent_delta_svd,64,0.0,0.5918367346938775,0.6326530612244898,0.1327469763665033,0.1816579564048936,0.4824263038548753,0.3245269233554225
nfcorpus,text-embedding-3-small (Aiberm),tangent_delta_svd,128,0.0,0.5918367346938775,0.6326530612244898,0.1327469763665033,0.1816579564048936,0.4824263038548753,0.3245269233554225
nfcorpus,text-embedding-3-small (Aiberm),ranking_boundary_svd,8,0.0,0.5918367346938775,0.6326530612244898,0.1327469763665033,0.1816579564048936,0.4824263038548753,0.3245269233554225
nfcorpus,text-embedding-3-small (Aiberm),ranking_boundary_svd,16,0.0,0.5918367346938775,0.6326530612244898,0.1327469763665033,0.1816579564048936,0.4824263038548753,0.3245269233554225
nfcorpus,text-embedding-3-small (Aiberm),ranking_boundary_svd,32,0.0,0.5918367346938775,0.6326530612244898,0.1327469763665033,0.1816579564048936,0.4824263038548753,0.3245269233554225
nfcorpus,text-embedding-3-small (Aiberm),ranking_boundary_svd,64,0.0,0.5918367346938775,0.6326530612244898,0.1327469763665033,0.1816579564048936,0.4824263038548753,0.3245269233554225
nfcorpus,text-embedding-3-small (Aiberm),ranking_boundary_svd,128,0.0,0.5918367346938775,0.6326530612244898,0.1327469763665033,0.1816579564048936,0.4824263038548753,0.3245269233554225
nfcorpus,text-embedding-3-small (Aiberm),random_subspace,8,0.0,0.5918367346938775,0.6326530612244898,0.1327469763665033,0.1816579564048936,0.4824263038548753,0.3245269233554225
nfcorpus,text-embedding-3-small (Aiberm),random_subspace,16,0.0,0.5918367346938775,0.6326530612244898,0.1327469763665033,0.1816579564048936,0.4824263038548753,0.3245269233554225
nfcorpus,text-embedding-3-small (Aiberm),random_subspace,32,0.0,0.5918367346938775,0.6326530612244898,0.1327469763665033,0.1816579564048936,0.4824263038548753,0.3245269233554225
nfcorpus,text-embedding-3-small (Aiberm),random_subspace,64,0.0,0.5918367346938775,0.6326530612244898,0.1327469763665033,0.1816579564048936,0.4824263038548753,0.3245269233554225
nfcorpus,text-embedding-3-small (Aiberm),random_subspace,128,0.0,0.5918367346938775,0.6326530612244898,0.1327469763665033,0.1816579564048936,0.4824263038548753,0.3245269233554225
nfcorpus,text-embedding-3-small (Aiberm),baseline,0,0.05,0.5918367346938775,0.6326530612244898,0.1327469763665033,0.1816579564048936,0.4824263038548753,0.3245269233554225
nfcorpus,text-embedding-3-small (Aiberm),full_oracle,0,0.05,0.6530612244897959,0.7346938775510204,0.14528447448653148,0.20485508332157282,0.5123582766439908,0.34679663515867465
nfcorpus,text-embedding-3-small (Aiberm),delta_svd,8,0.05,0.5918367346938775,0.6326530612244898,0.13322158481453367,0.1816579564048936,0.4830741820537739,0.3249635314843805
nfcorpus,text-embedding-3-small (Aiberm),delta_svd,16,0.05,0.5918367346938775,0.6326530612244898,0.13322158481453367,0.1816579564048936,0.4830741820537739,0.3249401429824908
nfcorpus,text-embedding-3-small (Aiberm),delta_svd,32,0.05,0.5918367346938775,0.6530612244897959,0.13322158481453367,0.19129514461351035,0.48874311629413675,0.328730047518882
nfcorpus,text-embedding-3-small (Aiberm),delta_svd,64,0.05,0.5918367346938775,0.6530612244897959,0.13322158481453367,0.19186203803754664,0.4895124716553288,0.3297754166405144
nfcorpus,text-embedding-3-small (Aiberm),delta_svd,128,0.05,0.5918367346938775,0.6530612244897959,0.13322158481453367,0.1933197639850685,0.48987690314220933,0.3317707072766862
nfcorpus,text-embedding-3-small (Aiberm),tangent_delta_svd,8,0.05,0.5918367346938775,0.6530612244897959,0.13322158481453367,0.19186203803754664,0.48511499838030453,0.3285572712842061
nfcorpus,text-embedding-3-small (Aiberm),tangent_delta_svd,16,0.05,0.5918367346938775,0.6530612244897959,0.13322158481453367,0.19186203803754664,0.48851635892452216,0.3291453643602166
nfcorpus,text-embedding-3-small (Aiberm),tangent_delta_svd,32,0.05,0.5918367346938775,0.6530612244897959,0.13322158481453367,0.19186203803754664,0.48874311629413675,0.3292577698411558
nfcorpus,text-embedding-3-small (Aiberm),tangent_delta_svd,64,0.05,0.5918367346938775,0.6530612244897959,0.13322158481453367,0.1933197639850685,0.4895124716553288,0.33136225587364787
nfcorpus,text-embedding-3-small (Aiberm),tangent_delta_svd,128,0.05,0.5918367346938775,0.673469387755102,0.13322158481453367,0.19397809183233647,0.4919177194687399,0.3330690907093179
nfcorpus,text-embedding-3-small (Aiberm),ranking_boundary_svd,8,0.05,0.5918367346938775,0.6326530612244898,0.13322158481453367,0.1816579564048936,0.4827097505668934,0.3248587482378652
nfcorpus,text-embedding-3-small (Aiberm),ranking_boundary_svd,16,0.05,0.5918367346938775,0.6530612244897959,0.13322158481453367,0.19186203803754664,0.4847505668934241,0.3284758765395805
nfcorpus,text-embedding-3-small (Aiberm),ranking_boundary_svd,32,0.05,0.5918367346938775,0.6530612244897959,0.13322158481453367,0.19186203803754664,0.48874311629413675,0.3292950870131864
nfcorpus,text-embedding-3-small (Aiberm),ranking_boundary_svd,64,0.05,0.5918367346938775,0.6530612244897959,0.13322158481453367,0.1933197639850685,0.4893909944930353,0.3315927826231393
nfcorpus,text-embedding-3-small (Aiberm),ranking_boundary_svd,128,0.05,0.5918367346938775,0.673469387755102,0.13322158481453367,0.19397809183233647,0.49214447683835444,0.33297630348839635
nfcorpus,text-embedding-3-small (Aiberm),random_subspace,8,0.05,0.5918367346938775,0.6326530612244898,0.1327469763665033,0.1816579564048936,0.4824263038548753,0.3245035348535328
nfcorpus,text-embedding-3-small (Aiberm),random_subspace,16,0.05,0.5918367346938775,0.6530612244897959,0.1327469763665033,0.19186203803754664,0.4844671201814059,0.3281440516571378
nfcorpus,text-embedding-3-small (Aiberm),random_subspace,32,0.05,0.5918367346938775,0.6530612244897959,0.1327469763665033,0.19186203803754664,0.4844671201814059,0.3282243108441293
nfcorpus,text-embedding-3-small (Aiberm),random_subspace,64,0.05,0.5918367346938775,0.6530612244897959,0.1327469763665033,0.19186203803754664,0.4844671201814059,0.3282243108441293
nfcorpus,text-embedding-3-small (Aiberm),random_subspace,128,0.05,0.5918367346938775,0.6530612244897959,0.1327469763665033,0.19186203803754664,0.48511499838030453,0.3284137423479225
nfcorpus,text-embedding-3-small (Aiberm),baseline,0,0.1,0.5918367346938775,0.6326530612244898,0.1327469763665033,0.1816579564048936,0.4824263038548753,0.3245269233554225
nfcorpus,text-embedding-3-small (Aiberm),full_oracle,0,0.1,0.7551020408163265,0.7959183673469388,0.19650808081217866,0.2300350103648539,0.6171768707482993,0.38916646309975683
nfcorpus,text-embedding-3-small (Aiberm),delta_svd,8,0.1,0.5918367346938775,0.6326530612244898,0.13322158481453367,0.18311568235241546,0.48647554259799153,0.3271588643161506
nfcorpus,text-embedding-3-small (Aiberm),delta_svd,16,0.1,0.5918367346938775,0.6530612244897959,0.13322158481453367,0.19186203803754664,0.48851635892452216,0.33018136267004766
nfcorpus,text-embedding-3-small (Aiberm),delta_svd,32,0.1,0.5918367346938775,0.6530612244897959,0.13322158481453367,0.19186203803754664,0.4895124716553288,0.33082549389947025
nfcorpus,text-embedding-3-small (Aiberm),delta_svd,64,0.1,0.6122448979591837,0.673469387755102,0.1344220650066105,0.19397809183233647,0.49390184645286683,0.3335463577337976
nfcorpus,text-embedding-3-small (Aiberm),delta_svd,128,0.1,0.6326530612244898,0.6938775510204082,0.14462614663926354,0.20202797845365164,0.503935860058309,0.34213542942214903
nfcorpus,text-embedding-3-small (Aiberm),tangent_delta_svd,8,0.1,0.5918367346938775,0.6530612244897959,0.13322158481453367,0.19186203803754664,0.48511499838030453,0.3285572712842061
nfcorpus,text-embedding-3-small (Aiberm),tangent_delta_svd,16,0.1,0.5918367346938775,0.6530612244897959,0.13322158481453367,0.19186203803754664,0.48851635892452216,0.32912346984795865
nfcorpus,text-embedding-3-small (Aiberm),tangent_delta_svd,32,0.1,0.5918367346938775,0.6530612244897959,0.13322158481453367,0.1933197639850685,0.4895124716553288,0.3311930749269767
nfcorpus,text-embedding-3-small (Aiberm),tangent_delta_svd,64,0.1,0.6122448979591837,0.6530612244897959,0.1344220650066105,0.19388665740910477,0.49222546161321673,0.33469738678806615
nfcorpus,text-embedding-3-small (Aiberm),tangent_delta_svd,128,0.1,0.6326530612244898,0.7142857142857143,0.14462614663926354,0.2038832660232249,0.5062034337544541,0.34346288783510964
nfcorpus,text-embedding-3-small (Aiberm),ranking_boundary_svd,8,0.1,0.5918367346938775,0.6530612244897959,0.13322158481453367,0.19186203803754664,0.48851635892452216,0.32916875286210634
nfcorpus,text-embedding-3-small (Aiberm),ranking_boundary_svd,16,0.1,0.5918367346938775,0.6530612244897959,0.13322158481453367,0.19186203803754664,0.48851635892452216,0.32914685834984836
nfcorpus,text-embedding-3-small (Aiberm),ranking_boundary_svd,32,0.1,0.5918367346938775,0.6530612244897959,0.13322158481453367,0.19129514461351035,0.4895124716553288,0.329158772558561
nfcorpus,text-embedding-3-small (Aiberm),ranking_boundary_svd,64,0.1,0.6122448979591837,0.6530612244897959,0.1344220650066105,0.1933197639850685,0.4908406219630709,0.33220776904862104
nfcorpus,text-embedding-3-small (Aiberm),ranking_boundary_svd,128,0.1,0.6326530612244898,0.7142857142857143,0.14462614663926354,0.2038832660232249,0.5069970845481049,0.344100764193329
nfcorpus,text-embedding-3-small (Aiberm),random_subspace,8,0.1,0.5918367346938775,0.6530612244897959,0.1327469763665033,0.19186203803754664,0.4844671201814059,0.32812066315524807
nfcorpus,text-embedding-3-small (Aiberm),random_subspace,16,0.1,0.5918367346938775,0.6530612244897959,0.1327469763665033,0.19186203803754664,0.4844671201814059,0.3282243108441293
nfcorpus,text-embedding-3-small (Aiberm),random_subspace,32,0.1,0.5918367346938775,0.6530612244897959,0.1327469763665033,0.19186203803754664,0.4844671201814059,0.3282243108441293
nfcorpus,text-embedding-3-small (Aiberm),random_subspace,64,0.1,0.5918367346938775,0.6530612244897959,0.1327469763665033,0.19186203803754664,0.485341755749919,0.3285634650008923
nfcorpus,text-embedding-3-small (Aiberm),random_subspace,128,0.1,0.5918367346938775,0.6530612244897959,0.1327469763665033,0.19186203803754664,0.485341755749919,0.32859168108665154
nfcorpus,text-embedding-3-small (Aiberm),baseline,0,0.2,0.5918367346938775,0.6326530612244898,0.1327469763665033,0.1816579564048936,0.4824263038548753,0.3245269233554225
nfcorpus,text-embedding-3-small (Aiberm),full_oracle,0,0.2,0.8979591836734694,0.9795918367346939,0.24226506924169192,0.300626683705046,0.8200923226433431,0.4742401115824038
nfcorpus,text-embedding-3-small (Aiberm),delta_svd,8,0.2,0.5918367346938775,0.6326530612244898,0.13322158481453367,0.1816579564048936,0.4869614512471655,0.32673470238072705
nfcorpus,text-embedding-3-small (Aiberm),delta_svd,16,0.2,0.5918367346938775,0.6530612244897959,0.13322158481453367,0.19186203803754664,0.4890022675736962,0.3304188805949661
nfcorpus,text-embedding-3-small (Aiberm),delta_svd,32,0.2,0.6122448979591837,0.6530612244897959,0.1344220650066105,0.19197175934542465,0.4915775834143181,0.3329898784446535
nfcorpus,text-embedding-3-small (Aiberm),delta_svd,64,0.2,0.6326530612244898,0.6938775510204082,0.14316842069174168,0.20057025250612975,0.5207725947521866,0.34604861384215274
nfcorpus,text-embedding-3-small (Aiberm),delta_svd,128,0.2,0.7142857142857143,0.7755102040816326,0.1799783520375519,0.22055242945370154,0.5651927437641723,0.3676369015684822
nfcorpus,text-embedding-3-small (Aiberm),tangent_delta_svd,8,0.2,0.5918367346938775,0.6530612244897959,0.13322158481453367,0.1933197639850685,0.4890022675736962,0.330915753442834
nfcorpus,text-embedding-3-small (Aiberm),tangent_delta_svd,16,0.2,0.5918367346938775,0.6530612244897959,0.13322158481453367,0.19197175934542465,0.4890022675736962,0.33145343148162765
nfcorpus,text-embedding-3-small (Aiberm),tangent_delta_svd,32,0.2,0.6122448979591837,0.6530612244897959,0.1344220650066105,0.19197175934542465,0.4944120505344995,0.33454279364847944
nfcorpus,text-embedding-3-small (Aiberm),tangent_delta_svd,64,0.2,0.6530612244897959,0.6938775510204082,0.16357658395704783,0.20213769976152962,0.5310090702947846,0.3497172232840548
nfcorpus,text-embedding-3-small (Aiberm),tangent_delta_svd,128,0.2,0.7142857142857143,0.7755102040816326,0.17916202550693966,0.22055242945370154,0.5798185941043084,0.3734226178834131
nfcorpus,text-embedding-3-small (Aiberm),ranking_boundary_svd,8,0.2,0.5918367346938775,0.6326530612244898,0.13322158481453367,0.18311568235241546,0.48647554259799153,0.3269401084741167
nfcorpus,text-embedding-3-small (Aiberm),ranking_boundary_svd,16,0.2,0.5918367346938775,0.6530612244897959,0.13322158481453367,0.19186203803754664,0.4890022675736962,0.3300390741598755
nfcorpus,text-embedding-3-small (Aiberm),ranking_boundary_svd,32,0.2,0.6122448979591837,0.6530612244897959,0.1344220650066105,0.19197175934542465,0.4918610301263362,0.3334163179623017
nfcorpus,text-embedding-3-small (Aiberm),ranking_boundary_svd,64,0.2,0.6530612244897959,0.7142857142857143,0.16357658395704783,0.20399298733110294,0.5140265630061548,0.3486660210210349
nfcorpus,text-embedding-3-small (Aiberm),ranking_boundary_svd,128,0.2,0.7142857142857143,0.7755102040816326,0.17916202550693966,0.22890122351678135,0.5764172335600907,0.37518342632924817
nfcorpus,text-embedding-3-small (Aiberm),random_subspace,8,0.2,0.5918367346938775,0.6530612244897959,0.13322158481453367,0.19186203803754664,0.4844671201814059,0.3282875805934214
nfcorpus,text-embedding-3-small (Aiberm),random_subspace,16,0.2,0.5918367346938775,0.6530612244897959,0.13322158481453367,0.19186203803754664,0.4847505668934241,0.3284758765395805
nfcorpus,text-embedding-3-small (Aiberm),random_subspace,32,0.2,0.5918367346938775,0.6530612244897959,0.13322158481453367,0.19186203803754664,0.48511499838030453,0.32850932042502
nfcorpus,text-embedding-3-small (Aiberm),random_subspace,64,0.2,0.5918367346938775,0.6530612244897959,0.1327469763665033,0.19186203803754664,0.485341755749919,0.3285634650008923
nfcorpus,text-embedding-3-small (Aiberm),random_subspace,128,0.2,0.5918367346938775,0.6530612244897959,0.1327469763665033,0.1933197639850685,0.48987690314220933,0.33165442854486105
nfcorpus,text-embedding-3-small (Aiberm),baseline,0,0.3,0.5918367346938775,0.6326530612244898,0.1327469763665033,0.1816579564048936,0.4824263038548753,0.3245269233554225
nfcorpus,text-embedding-3-small (Aiberm),full_oracle,0,0.3,1.0,1.0,0.28631342451453695,0.33085168216351907,0.9795918367346939,0.5494696636650227
nfcorpus,text-embedding-3-small (Aiberm),delta_svd,8,0.3,0.5918367346938775,0.6326530612244898,0.13322158481453367,0.18177133508970084,0.4869614512471655,0.32712316204437286
nfcorpus,text-embedding-3-small (Aiberm),delta_svd,16,0.3,0.6122448979591837,0.6530612244897959,0.1344220650066105,0.18993460039582327,0.48968253968253966,0.33053119921457774
nfcorpus,text-embedding-3-small (Aiberm),delta_svd,32,0.3,0.6122448979591837,0.673469387755102,0.13296433905908864,0.1940125756719553,0.5151603498542274,0.34041925634755077
nfcorpus,text-embedding-3-small (Aiberm),delta_svd,64,0.3,0.673469387755102,0.7346938775510204,0.16405897936237346,0.21355802546756963,0.5585519922254616,0.36315075994282897
nfcorpus,text-embedding-3-small (Aiberm),delta_svd,128,0.3,0.7551020408163265,0.8367346938775511,0.18933124773121648,0.2510256940283486,0.6468172983479106,0.4041803497193921
nfcorpus,text-embedding-3-small (Aiberm),tangent_delta_svd,8,0.3,0.5918367346938775,0.6530612244897959,0.13322158481453367,0.19286624924583948,0.4890022675736962,0.32977904046785395
nfcorpus,text-embedding-3-small (Aiberm),tangent_delta_svd,16,0.3,0.6122448979591837,0.6530612244897959,0.1344220650066105,0.18947742827966502,0.490702947845805,0.33001720319863065
nfcorpus,text-embedding-3-small (Aiberm),tangent_delta_svd,32,0.3,0.6326530612244898,0.6938775510204082,0.14462614663926354,0.20811276120071223,0.5213151927437641,0.3472319234647155
nfcorpus,text-embedding-3-small (Aiberm),tangent_delta_svd,64,0.3,0.6938775510204082,0.7346938775510204,0.1744389934369688,0.21401154020679866,0.5603741496598639,0.3653940379287044
nfcorpus,text-embedding-3-small (Aiberm),tangent_delta_svd,128,0.3,0.7959183673469388,0.8367346938775511,0.20255926318989165,0.2510256940283486,0.6624392614188532,0.413225909578265
nfcorpus,text-embedding-3-small (Aiberm),ranking_boundary_svd,8,0.3,0.5918367346938775,0.6326530612244898,0.13113441168584047,0.18266216761318643,0.4869614512471655,0.3251966460526294
nfcorpus,text-embedding-3-small (Aiberm),ranking_boundary_svd,16,0.3,0.5918367346938775,0.6530612244897959,0.1317638588670118,0.19140852329831762,0.4890022675736962,0.3287142109860601
nfcorpus,text-embedding-3-small (Aiberm),ranking_boundary_svd,32,0.3,0.6326530612244898,0.7142857142857143,0.14316842069174168,0.21171893485296883,0.5106575963718821,0.346320786071023
nfcorpus,text-embedding-3-small (Aiberm),ranking_boundary_svd,64,0.3,0.673469387755102,0.7346938775510204,0.16423491180431576,0.21401154020679866,0.5581875607385811,0.3644449620285101
nfcorpus,text-embedding-3-small (Aiberm),ranking_boundary_svd,128,0.3,0.7959183673469388,0.8367346938775511,0.21072252849601408,0.2510256940283486,0.6658406219630709,0.4142206311460041
nfcorpus,text-embedding-3-small (Aiberm),random_subspace,8,0.3,0.5918367346938775,0.6530612244897959,0.13322158481453367,0.19186203803754664,0.4847505668934241,0.3284524880376907
nfcorpus,text-embedding-3-small (Aiberm),random_subspace,16,0.3,0.5918367346938775,0.6530612244897959,0.13322158481453367,0.19186203803754664,0.48511499838030453,0.32858065978609585
nfcorpus,text-embedding-3-small (Aiberm),random_subspace,32,0.3,0.5918367346938775,0.6530612244897959,0.13322158481453367,0.19186203803754664,0.48511499838030453,0.3286319642416434
nfcorpus,text-embedding-3-small (Aiberm),random_subspace,64,0.3,0.5918367346938775,0.6530612244897959,0.1327469763665033,0.1933197639850685,0.4859896339488176,0.3309317152150849
nfcorpus,text-embedding-3-small (Aiberm),random_subspace,128,0.3,0.5918367346938775,0.673469387755102,0.1327469763665033,0.19397809183233647,0.49327826368642697,0.33365544438462374
nfcorpus,text-embedding-3-small (Aiberm),baseline,0,0.5,0.5918367346938775,0.6326530612244898,0.1327469763665033,0.1816579564048936,0.4824263038548753,0.3245269233554225
nfcorpus,text-embedding-3-small (Aiberm),full_oracle,0,0.5,1.0,1.0,0.29957842271090634,0.33741334967696596,1.0,0.571847204441214
nfcorpus,text-embedding-3-small (Aiberm),delta_svd,8,0.5,0.6122448979591837,0.6326530612244898,0.1314175298592182,0.17973051876317023,0.48866213151927435,0.32663854817659327
nfcorpus,text-embedding-3-small (Aiberm),delta_svd,16,0.5,0.6122448979591837,0.673469387755102,0.13635439940216273,0.20024840333635435,0.5085600907029477,0.34029448108284016
nfcorpus,text-embedding-3-small (Aiberm),delta_svd,32,0.5,0.6326530612244898,0.7142857142857143,0.14462614663926354,0.20638647929009848,0.5354308390022675,0.3529985692887676
nfcorpus,text-embedding-3-small (Aiberm),delta_svd,64,0.5,0.7755102040816326,0.8163265306122449,0.18994068909501488,0.23845099340743373,0.6365889212827989,0.39901036144794394
nfcorpus,text-embedding-3-small (Aiberm),delta_svd,128,0.5,0.8979591836734694,0.9591836734693877,0.2262686826580315,0.2802722467200858,0.7813411078717201,0.464540603480977
nfcorpus,text-embedding-3-small (Aiberm),tangent_delta_svd,8,0.5,0.6122448979591837,0.6530612244897959,0.1344220650066105,0.19483125812329077,0.49438775510204086,0.3341796905233248
nfcorpus,text-embedding-3-small (Aiberm),tangent_delta_svd,16,0.5,0.6122448979591837,0.6938775510204082,0.13343894750711902,0.20219512532915931,0.5091269841269841,0.34157328589812996
nfcorpus,text-embedding-3-small (Aiberm),tangent_delta_svd,32,0.5,0.673469387755102,0.7346938775510204,0.17563595315927416,0.2085855602910228,0.5564058956916099,0.36314462588249125
nfcorpus,text-embedding-3-small (Aiberm),tangent_delta_svd,64,0.5,0.7959183673469388,0.8163265306122449,0.1997011150045091,0.24865507504008677,0.6549562682215743,0.410698242893802
nfcorpus,text-embedding-3-small (Aiberm),tangent_delta_svd,128,0.5,0.9183673469387755,0.9591836734693877,0.23978577780777965,0.2822033417387385,0.8127551020408164,0.4736155725822852
nfcorpus,text-embedding-3-small (Aiberm),ranking_boundary_svd,8,0.5,0.6122448979591837,0.6326530612244898,0.1302373862089831,0.1827718889210644,0.48866213151927435,0.3271359629123642
nfcorpus,text-embedding-3-small (Aiberm),ranking_boundary_svd,16,0.5,0.6122448979591837,0.6938775510204082,0.13278840661714636,0.20090673118362226,0.5111920958859734,0.3400837961867859
nfcorpus,text-embedding-3-small (Aiberm),ranking_boundary_svd,32,0.5,0.673469387755102,0.7346938775510204,0.15548855611918455,0.21299113204353334,0.5404761904761904,0.355243812718202
nfcorpus,text-embedding-3-small (Aiberm),ranking_boundary_svd,64,0.5,0.8163265306122449,0.8163265306122449,0.20344102957498847,0.25324691177478065,0.6639455782312925,0.4128737382729312
nfcorpus,text-embedding-3-small (Aiberm),ranking_boundary_svd,128,0.5,0.8979591836734694,0.9591836734693877,0.22686083917542896,0.28058511869194397,0.8112730806608358,0.46951435484537396
nfcorpus,text-embedding-3-small (Aiberm),random_subspace,8,0.5,0.5918367346938775,0.6530612244897959,0.13322158481453367,0.19186203803754664,0.48511499838030453,0.32858065978609585
nfcorpus,text-embedding-3-small (Aiberm),random_subspace,16,0.5,0.5918367346938775,0.6530612244897959,0.13322158481453367,0.19186203803754664,0.48511499838030453,0.3286088758718551
nfcorpus,text-embedding-3-small (Aiberm),random_subspace,32,0.5,0.5918367346938775,0.6530612244897959,0.13322158481453367,0.19186203803754664,0.4856252024619372,0.3291060608225692
nfcorpus,text-embedding-3-small (Aiberm),random_subspace,64,0.5,0.5918367346938775,0.6530612244897959,0.1327469763665033,0.1933197639850685,0.49101068999028186,0.3323033173753504
nfcorpus,text-embedding-3-small (Aiberm),random_subspace,128,0.5,0.6326530612244898,0.7142857142857143,0.14415153819123316,0.2033163725991886,0.5055231616456106,0.3416189957157307
nfcorpus,text-embedding-3-small (Aiberm),baseline,0,0.75,0.5918367346938775,0.6326530612244898,0.1327469763665033,0.1816579564048936,0.4824263038548753,0.3245269233554225
nfcorpus,text-embedding-3-small (Aiberm),full_oracle,0,0.75,1.0,1.0,0.30906444996248467,0.34487216356006767,0.9897959183673469,0.5802291990874204
nfcorpus,text-embedding-3-small (Aiberm),delta_svd,8,0.75,0.6122448979591837,0.6326530612244898,0.1293767135326876,0.1767888745973225,0.4971655328798186,0.32762777756304357
nfcorpus,text-embedding-3-small (Aiberm),delta_svd,16,0.75,0.6122448979591837,0.6938775510204082,0.13635439940216273,0.1975179102174478,0.5269193391642372,0.34425547962127956
nfcorpus,text-embedding-3-small (Aiberm),delta_svd,32,0.75,0.6938775510204082,0.7755102040816326,0.1837003328494333,0.21902893887133357,0.5837301587301588,0.3693448937859398
nfcorpus,text-embedding-3-small (Aiberm),delta_svd,64,0.75,0.8367346938775511,0.8775510204081632,0.19558329022148693,0.26471226596561215,0.7490281827016521,0.43928713458437807
nfcorpus,text-embedding-3-small (Aiberm),delta_svd,128,0.75,0.9795918367346939,1.0,0.2579194381983428,0.3276383276950047,0.9206349206349207,0.5175883466534608
nfcorpus,text-embedding-3-small (Aiberm),tangent_delta_svd,8,0.75,0.6122448979591837,0.673469387755102,0.1344220650066105,0.2025508677062544,0.5034013605442177,0.34026228297179795
nfcorpus,text-embedding-3-small (Aiberm),tangent_delta_svd,16,0.75,0.6326530612244898,0.7346938775510204,0.1465584810348158,0.20775068088471485,0.5454000647878199,0.3523503538136902
nfcorpus,text-embedding-3-small (Aiberm),tangent_delta_svd,32,0.75,0.6938775510204082,0.7755102040816326,0.18671467036044034,0.2200120563708251,0.604842889536767,0.3810251168598746
nfcorpus,text-embedding-3-small (Aiberm),tangent_delta_svd,64,0.75,0.8367346938775511,0.9183673469387755,0.20870852749331414,0.2690967440093213,0.7645367670877875,0.4482770271415073
nfcorpus,text-embedding-3-small (Aiberm),tangent_delta_svd,128,0.75,0.9795918367346939,1.0,0.2615823011930031,0.3276199130593488,0.9387755102040817,0.525620266901526
nfcorpus,text-embedding-3-small (Aiberm),ranking_boundary_svd,8,0.75,0.6122448979591837,0.6530612244897959,0.1302373862089831,0.19308569186159544,0.49801587301587297,0.33445808619455897
nfcorpus,text-embedding-3-small (Aiberm),ranking_boundary_svd,16,0.75,0.6326530612244898,0.7346938775510204,0.14346709669782978,0.2088844677327874,0.5492306446388079,0.35481488108727777
nfcorpus,text-embedding-3-small (Aiberm),ranking_boundary_svd,32,0.75,0.7551020408163265,0.7755102040816326,0.18982097247130533,0.22388802536307315,0.6018950437317784,0.3823693022032584
nfcorpus,text-embedding-3-small (Aiberm),ranking_boundary_svd,64,0.75,0.8367346938775511,0.9183673469387755,0.1955045216384805,0.2722640424365692,0.758948817622287,0.4491626117071076
nfcorpus,text-embedding-3-small (Aiberm),ranking_boundary_svd,128,0.75,0.9795918367346939,1.0,0.26376237841479994,0.3291861209378491,0.9319727891156464,0.5238112088412676
nfcorpus,text-embedding-3-small (Aiberm),random_subspace,8,0.75,0.5918367346938775,0.6530612244897959,0.13322158481453367,0.19186203803754664,0.48511499838030453,0.32858065978609585
nfcorpus,text-embedding-3-small (Aiberm),random_subspace,16,0.75,0.5918367346938775,0.6530612244897959,0.13322158481453367,0.19186203803754664,0.48511499838030453,0.3286617487589515
nfcorpus,text-embedding-3-small (Aiberm),random_subspace,32,0.75,0.5918367346938775,0.6530612244897959,0.13322158481453367,0.19186203803754664,0.48611111111111116,0.329437038221558
nfcorpus,text-embedding-3-small (Aiberm),random_subspace,64,0.75,0.6326530612244898,0.6938775510204082,0.14415153819123316,0.19583337940190973,0.49914965986394555,0.3363600412223086
nfcorpus,text-embedding-3-small (Aiberm),random_subspace,128,0.75,0.673469387755102,0.7551020408163265,0.16567154404303627,0.20836982255059777,0.5340702947845805,0.35520655582513255
nfcorpus,text-embedding-3-small (Aiberm),baseline,0,1.0,0.5918367346938775,0.6326530612244898,0.1327469763665033,0.1816579564048936,0.4824263038548753,0.3245269233554225
nfcorpus,text-embedding-3-small (Aiberm),full_oracle,0,1.0,1.0,1.0,0.30655277759167293,0.34946339903432033,0.9897959183673469,0.5826120112841471
nfcorpus,text-embedding-3-small (Aiberm),delta_svd,8,1.0,0.6122448979591837,0.6326530612244898,0.13130904792823983,0.1767888745973225,0.5097181729834791,0.3312722865300827
nfcorpus,text-embedding-3-small (Aiberm),delta_svd,16,1.0,0.6530612244897959,0.7755102040816326,0.15426823160170922,0.2202294190634104,0.562358276643991,0.3613255747442174
nfcorpus,text-embedding-3-small (Aiberm),delta_svd,32,1.0,0.7551020408163265,0.7755102040816326,0.1912786984188272,0.21801838972413845,0.622108843537415,0.38060016866893936
nfcorpus,text-embedding-3-small (Aiberm),delta_svd,64,1.0,0.8979591836734694,0.9387755102040817,0.21238424487620275,0.2722254145773828,0.7912131519274377,0.46031444196931426
nfcorpus,text-embedding-3-small (Aiberm),delta_svd,128,1.0,1.0,1.0,0.28558967662186735,0.33640455229294236,0.9863945578231291,0.5501401549028709
nfcorpus,text-embedding-3-small (Aiberm),tangent_delta_svd,8,1.0,0.6326530612244898,0.673469387755102,0.1445176647082852,0.20209369559009607,0.5173712342079688,0.3444822514996747
nfcorpus,text-embedding-3-small (Aiberm),tangent_delta_svd,16,1.0,0.6530612244897959,0.7551020408163265,0.15676256266746888,0.21795476251736792,0.5522918691286037,0.35607092487193037
nfcorpus,text-embedding-3-small (Aiberm),tangent_delta_svd,32,1.0,0.7346938775510204,0.7755102040816326,0.1929193138642914,0.21846204544729728,0.6287657920310982,0.38627927802186907
nfcorpus,text-embedding-3-small (Aiberm),tangent_delta_svd,64,1.0,0.8979591836734694,0.9591836734693877,0.21440971480053517,0.26876398920652045,0.8215986394557825,0.46489444252857315
nfcorpus,text-embedding-3-small (Aiberm),tangent_delta_svd,128,1.0,1.0,1.0,0.2878338024006396,0.33657914361359664,0.9897959183673469,0.5541793199257157
nfcorpus,text-embedding-3-small (Aiberm),ranking_boundary_svd,8,1.0,0.6122448979591837,0.673469387755102,0.1302940755513867,0.19256988606628658,0.5040492387431162,0.3350079139189021
nfcorpus,text-embedding-3-small (Aiberm),ranking_boundary_svd,16,1.0,0.673469387755102,0.7551020408163265,0.15578723212527265,0.2185216559414042,0.5677356656948493,0.36286978162725125
nfcorpus,text-embedding-3-small (Aiberm),ranking_boundary_svd,32,1.0,0.7755102040816326,0.7755102040816326,0.19575789269393984,0.23326796781624484,0.6299319727891156,0.3942359190879984
nfcorpus,text-embedding-3-small (Aiberm),ranking_boundary_svd,64,1.0,0.8979591836734694,0.9591836734693877,0.22824811598616135,0.27927762234137016,0.8223356009070296,0.4673761129580532
nfcorpus,text-embedding-3-small (Aiberm),ranking_boundary_svd,128,1.0,1.0,1.0,0.2937367449730174,0.3379150730453144,1.0,0.561806860818683
nfcorpus,text-embedding-3-small (Aiberm),random_subspace,8,1.0,0.5918367346938775,0.6530612244897959,0.13322158481453367,0.19186203803754664,0.48511499838030453,0.32847791801304854
nfcorpus,text-embedding-3-small (Aiberm),random_subspace,16,1.0,0.5918367346938775,0.6530612244897959,0.13322158481453367,0.19186203803754664,0.4856009070294785,0.3287958843879826
nfcorpus,text-embedding-3-small (Aiberm),random_subspace,32,1.0,0.5918367346938775,0.6530612244897959,0.13322158481453367,0.19526339858176436,0.48675898931000977,0.3318323009964377
nfcorpus,text-embedding-3-small (Aiberm),random_subspace,64,1.0,0.6326530612244898,0.6938775510204082,0.14415153819123316,0.19583337940190973,0.5046161321671525,0.33807250780966763
nfcorpus,text-embedding-3-small (Aiberm),random_subspace,128,1.0,0.6938775510204082,0.7551020408163265,0.16956764793914017,0.20836982255059777,0.5998542274052479,0.37492582053405393
