dataset,model,lambda,rank,metric,baseline,full_oracle,low_rank_oracle,ideal_gain_retention
arguana,BGE-M3,0.0,64,HitRate@5,0.6255924170616114,0.6255924170616114,0.6255924170616114,
arguana,BGE-M3,0.0,64,HitRate@10,0.8009478672985783,0.8009478672985783,0.8009478672985783,
arguana,BGE-M3,0.0,64,Recall@5,0.6255924170616114,0.6255924170616114,0.6255924170616114,
arguana,BGE-M3,0.0,64,Recall@10,0.8009478672985783,0.8009478672985783,0.8009478672985783,
arguana,BGE-M3,0.0,64,MRR@10,0.270025577371549,0.270025577371549,0.270025577371549,
arguana,BGE-M3,0.0,64,NDCG@10,0.3985451543461574,0.3985451543461574,0.3985451543461574,
arguana,BGE-M3,0.0,128,HitRate@5,0.6255924170616114,0.6255924170616114,0.6255924170616114,
arguana,BGE-M3,0.0,128,HitRate@10,0.8009478672985783,0.8009478672985783,0.8009478672985783,
arguana,BGE-M3,0.0,128,Recall@5,0.6255924170616114,0.6255924170616114,0.6255924170616114,
arguana,BGE-M3,0.0,128,Recall@10,0.8009478672985783,0.8009478672985783,0.8009478672985783,
arguana,BGE-M3,0.0,128,MRR@10,0.270025577371549,0.270025577371549,0.270025577371549,
arguana,BGE-M3,0.0,128,NDCG@10,0.3985451543461574,0.3985451543461574,0.3985451543461574,
arguana,BGE-M3,0.0,256,HitRate@5,0.6255924170616114,0.6255924170616114,0.6255924170616114,
arguana,BGE-M3,0.0,256,HitRate@10,0.8009478672985783,0.8009478672985783,0.8009478672985783,
arguana,BGE-M3,0.0,256,Recall@5,0.6255924170616114,0.6255924170616114,0.6255924170616114,
arguana,BGE-M3,0.0,256,Recall@10,0.8009478672985783,0.8009478672985783,0.8009478672985783,
arguana,BGE-M3,0.0,256,MRR@10,0.270025577371549,0.270025577371549,0.270025577371549,
arguana,BGE-M3,0.0,256,NDCG@10,0.3985451543461574,0.3985451543461574,0.3985451543461574,
arguana,BGE-M3,0.01,64,HitRate@5,0.6255924170616114,0.6350710900473934,0.6327014218009479,0.7500000000000029
arguana,BGE-M3,0.01,64,HitRate@10,0.8009478672985783,0.8080568720379147,0.8009478672985783,0.0
arguana,BGE-M3,0.01,64,Recall@5,0.6255924170616114,0.6350710900473934,0.6327014218009479,0.7500000000000029
arguana,BGE-M3,0.01,64,Recall@10,0.8009478672985783,0.8080568720379147,0.8009478672985783,0.0
arguana,BGE-M3,0.01,64,MRR@10,0.270025577371549,0.2778153915594674,0.27191472955690965,0.24251569290197597
arguana,BGE-M3,0.01,64,NDCG@10,0.3985451543461574,0.4065884467227642,0.4002036149236838,0.2061917557976479
arguana,BGE-M3,0.01,128,HitRate@5,0.6255924170616114,0.6350710900473934,0.6350710900473934,1.0
arguana,BGE-M3,0.01,128,HitRate@10,0.8009478672985783,0.8080568720379147,0.8056872037914692,0.6666666666666666
arguana,BGE-M3,0.01,128,Recall@5,0.6255924170616114,0.6350710900473934,0.6350710900473934,1.0
arguana,BGE-M3,0.01,128,Recall@10,0.8009478672985783,0.8080568720379147,0.8056872037914692,0.6666666666666666
arguana,BGE-M3,0.01,128,MRR@10,0.270025577371549,0.2778153915594674,0.2739684420371624,0.5061564461612729
arguana,BGE-M3,0.01,128,NDCG@10,0.3985451543461574,0.4065884467227642,0.4028922169029299,0.5404581051181957
arguana,BGE-M3,0.01,256,HitRate@5,0.6255924170616114,0.6350710900473934,0.6350710900473934,1.0
arguana,BGE-M3,0.01,256,HitRate@10,0.8009478672985783,0.8080568720379147,0.8080568720379147,1.0
arguana,BGE-M3,0.01,256,Recall@5,0.6255924170616114,0.6350710900473934,0.6350710900473934,1.0
arguana,BGE-M3,0.01,256,Recall@10,0.8009478672985783,0.8080568720379147,0.8080568720379147,1.0
arguana,BGE-M3,0.01,256,MRR@10,0.270025577371549,0.2778153915594674,0.2764330850823742,0.8225494929985515
arguana,BGE-M3,0.01,256,NDCG@10,0.3985451543461574,0.4065884467227642,0.4054368523826283,0.856825503013516
arguana,BGE-M3,0.02,64,HitRate@5,0.6255924170616114,0.6445497630331753,0.6374407582938388,0.6249999999999986
arguana,BGE-M3,0.02,64,HitRate@10,0.8009478672985783,0.8175355450236966,0.8056872037914692,0.2857142857142838
arguana,BGE-M3,0.02,64,Recall@5,0.6255924170616114,0.6445497630331753,0.6374407582938388,0.6249999999999986
arguana,BGE-M3,0.02,64,Recall@10,0.8009478672985783,0.8175355450236966,0.8056872037914692,0.2857142857142838
arguana,BGE-M3,0.02,64,MRR@10,0.270025577371549,0.28592492289174753,0.27670578499962384,0.42015613910574584
arguana,BGE-M3,0.02,64,NDCG@10,0.3985451543461574,0.41537883355589783,0.40515603549897455,0.3927175438267779
arguana,BGE-M3,0.02,128,HitRate@5,0.6255924170616114,0.6445497630331753,0.6374407582938388,0.6249999999999986
arguana,BGE-M3,0.02,128,HitRate@10,0.8009478672985783,0.8175355450236966,0.8080568720379147,0.4285714285714257
arguana,BGE-M3,0.02,128,Recall@5,0.6255924170616114,0.6445497630331753,0.6374407582938388,0.6249999999999986
arguana,BGE-M3,0.02,128,Recall@10,0.8009478672985783,0.8175355450236966,0.8080568720379147,0.4285714285714257
arguana,BGE-M3,0.02,128,MRR@10,0.270025577371549,0.28592492289174753,0.27831847588956593,0.5215874142417775
arguana,BGE-M3,0.02,128,NDCG@10,0.3985451543461574,0.41537883355589783,0.4070429259917172,0.5048077452160765
arguana,BGE-M3,0.02,256,HitRate@5,0.6255924170616114,0.6445497630331753,0.6398104265402843,0.7499999999999971
arguana,BGE-M3,0.02,256,HitRate@10,0.8009478672985783,0.8175355450236966,0.8127962085308057,0.7142857142857162
arguana,BGE-M3,0.02,256,Recall@5,0.6255924170616114,0.6445497630331753,0.6398104265402843,0.7499999999999971
arguana,BGE-M3,0.02,256,Recall@10,0.8009478672985783,0.8175355450236966,0.8127962085308057,0.7142857142857162
arguana,BGE-M3,0.02,256,MRR@10,0.270025577371549,0.28592492289174753,0.2817723613932145,0.7388218594748052
arguana,BGE-M3,0.02,256,NDCG@10,0.3985451543461574,0.41537883355589783,0.41097605498517514,0.7384541717906139
arguana,BGE-M3,0.05,64,HitRate@5,0.6255924170616114,0.7085308056872038,0.6445497630331753,0.22857142857142818
arguana,BGE-M3,0.05,64,HitRate@10,0.8009478672985783,0.8625592417061612,0.8175355450236966,0.26923076923076766
arguana,BGE-M3,0.05,64,Recall@5,0.6255924170616114,0.7085308056872038,0.6445497630331753,0.22857142857142818
arguana,BGE-M3,0.05,64,Recall@10,0.8009478672985783,0.8625592417061612,0.8175355450236966,0.26923076923076766
arguana,BGE-M3,0.05,64,MRR@10,0.270025577371549,0.31155871511321753,0.2865615361468442,0.39813892410795054
arguana,BGE-M3,0.05,64,NDCG@10,0.3985451543461574,0.4463366904666338,0.41592933179231584,0.36375012936046097
arguana,BGE-M3,0.05,128,HitRate@5,0.6255924170616114,0.7085308056872038,0.6658767772511849,0.48571428571428593
arguana,BGE-M3,0.05,128,HitRate@10,0.8009478672985783,0.8625592417061612,0.8317535545023697,0.4999999999999991
arguana,BGE-M3,0.05,128,Recall@5,0.6255924170616114,0.7085308056872038,0.6658767772511849,0.48571428571428593
arguana,BGE-M3,0.05,128,Recall@10,0.8009478672985783,0.8625592417061612,0.8317535545023697,0.4999999999999991
arguana,BGE-M3,0.05,128,MRR@10,0.270025577371549,0.31155871511321753,0.296305386293538,0.6327431624705664
arguana,BGE-M3,0.05,128,NDCG@10,0.3985451543461574,0.4463366904666338,0.4270599914719016,0.5966503577926833
arguana,BGE-M3,0.05,256,HitRate@5,0.6255924170616114,0.7085308056872038,0.6848341232227488,0.7142857142857141
arguana,BGE-M3,0.05,256,HitRate@10,0.8009478672985783,0.8625592417061612,0.8459715639810427,0.7307692307692306
arguana,BGE-M3,0.05,256,Recall@5,0.6255924170616114,0.7085308056872038,0.6848341232227488,0.7142857142857141
arguana,BGE-M3,0.05,256,Recall@10,0.8009478672985783,0.8625592417061612,0.8459715639810427,0.7307692307692306
arguana,BGE-M3,0.05,256,MRR@10,0.270025577371549,0.31155871511321753,0.30308056872037914,0.7958703133490297
arguana,BGE-M3,0.05,256,NDCG@10,0.3985451543461574,0.4463366904666338,0.4356618093712844,0.7766365770616915
arguana,BGE-M3,0.1,64,HitRate@5,0.6255924170616114,0.7890995260663507,0.6848341232227488,0.3623188405797102
arguana,BGE-M3,0.1,64,HitRate@10,0.8009478672985783,0.9265402843601895,0.8507109004739336,0.39622641509433915
arguana,BGE-M3,0.1,64,Recall@5,0.6255924170616114,0.7890995260663507,0.6848341232227488,0.3623188405797102
arguana,BGE-M3,0.1,64,Recall@10,0.8009478672985783,0.9265402843601895,0.8507109004739336,0.39622641509433915
arguana,BGE-M3,0.1,64,MRR@10,0.270025577371549,0.35027458060633415,0.3034275558564658,0.41622920084368376
arguana,BGE-M3,0.1,64,NDCG@10,0.3985451543461574,0.4924433732552634,0.43693357586822973,0.4088301350980102
arguana,BGE-M3,0.1,128,HitRate@5,0.6255924170616114,0.7890995260663507,0.7322274881516587,0.652173913043478
arguana,BGE-M3,0.1,128,HitRate@10,0.8009478672985783,0.9265402843601895,0.8696682464454977,0.547169811320755
arguana,BGE-M3,0.1,128,Recall@5,0.6255924170616114,0.7890995260663507,0.7322274881516587,0.652173913043478
arguana,BGE-M3,0.1,128,Recall@10,0.8009478672985783,0.9265402843601895,0.8696682464454977,0.547169811320755
arguana,BGE-M3,0.1,128,MRR@10,0.270025577371549,0.35027458060633415,0.31849563680132403,0.6039957815795644
arguana,BGE-M3,0.1,128,NDCG@10,0.3985451543461574,0.4924433732552634,0.4537705125504671,0.5881406361687025
arguana,BGE-M3,0.1,256,HitRate@5,0.6255924170616114,0.7890995260663507,0.7654028436018957,0.8550724637681157
arguana,BGE-M3,0.1,256,HitRate@10,0.8009478672985783,0.9265402843601895,0.9028436018957346,0.8113207547169817
arguana,BGE-M3,0.1,256,Recall@5,0.6255924170616114,0.7890995260663507,0.7654028436018957,0.8550724637681157
arguana,BGE-M3,0.1,256,Recall@10,0.8009478672985783,0.9265402843601895,0.9028436018957346,0.8113207547169817
arguana,BGE-M3,0.1,256,MRR@10,0.270025577371549,0.35027458060633415,0.3335110584518168,0.7911061635809706
arguana,BGE-M3,0.1,256,NDCG@10,0.3985451543461574,0.4924433732552634,0.4733546825028922,0.7967087025276897
arguana,BGE-M3,0.2,64,HitRate@5,0.6255924170616114,0.943127962085308,0.7630331753554502,0.43283582089552236
arguana,BGE-M3,0.2,64,HitRate@10,0.8009478672985783,0.981042654028436,0.9052132701421801,0.5789473684210525
arguana,BGE-M3,0.2,64,Recall@5,0.6255924170616114,0.943127962085308,0.7630331753554502,0.43283582089552236
arguana,BGE-M3,0.2,64,Recall@10,0.8009478672985783,0.981042654028436,0.9052132701421801,0.5789473684210525
arguana,BGE-M3,0.2,64,MRR@10,0.270025577371549,0.42353306251410516,0.337018543594373,0.4364149810715117
arguana,BGE-M3,0.2,64,NDCG@10,0.3985451543461574,0.5651678411288458,0.47686646000205773,0.47005187089587674
arguana,BGE-M3,0.2,128,HitRate@5,0.6255924170616114,0.943127962085308,0.8199052132701422,0.6119402985074628
arguana,BGE-M3,0.2,128,HitRate@10,0.8009478672985783,0.981042654028436,0.9454976303317536,0.8026315789473685
arguana,BGE-M3,0.2,128,Recall@5,0.6255924170616114,0.943127962085308,0.8199052132701422,0.6119402985074628
arguana,BGE-M3,0.2,128,Recall@10,0.8009478672985783,0.981042654028436,0.9454976303317536,0.8026315789473685
arguana,BGE-M3,0.2,128,MRR@10,0.270025577371549,0.42353306251410516,0.3643477770255022,0.6144469083469123
arguana,BGE-M3,0.2,128,NDCG@10,0.3985451543461574,0.5651678411288458,0.5083326863809919,0.6588990620348174
arguana,BGE-M3,0.2,256,HitRate@5,0.6255924170616114,0.943127962085308,0.8815165876777251,0.8059701492537314
arguana,BGE-M3,0.2,256,HitRate@10,0.8009478672985783,0.981042654028436,0.9715639810426541,0.9473684210526316
arguana,BGE-M3,0.2,256,Recall@5,0.6255924170616114,0.943127962085308,0.8815165876777251,0.8059701492537314
arguana,BGE-M3,0.2,256,Recall@10,0.8009478672985783,0.981042654028436,0.9715639810426541,0.9473684210526316
arguana,BGE-M3,0.2,256,MRR@10,0.270025577371549,0.42353306251410516,0.3932417437749191,0.8026720409688444
arguana,BGE-M3,0.2,256,NDCG@10,0.3985451543461574,0.5651678411288458,0.5380278669251319,0.8371171733708137
arguana,BGE-M3,0.3,64,HitRate@5,0.6255924170616114,0.985781990521327,0.8364928909952607,0.5855263157894738
arguana,BGE-M3,0.3,64,HitRate@10,0.8009478672985783,0.995260663507109,0.9502369668246445,0.7682926829268293
arguana,BGE-M3,0.3,64,Recall@5,0.6255924170616114,0.985781990521327,0.8364928909952607,0.5855263157894738
arguana,BGE-M3,0.3,64,Recall@10,0.8009478672985783,0.995260663507109,0.9502369668246445,0.7682926829268293
arguana,BGE-M3,0.3,64,MRR@10,0.270025577371549,0.4706781764838636,0.3686460919280825,0.49149881433298065
arguana,BGE-M3,0.3,64,NDCG@10,0.3985451543461574,0.6065308944429773,0.5131527911359297,0.5510360312991702
arguana,BGE-M3,0.3,128,HitRate@5,0.6255924170616114,0.985781990521327,0.9052132701421801,0.7763157894736843
arguana,BGE-M3,0.3,128,HitRate@10,0.8009478672985783,0.995260663507109,0.9739336492890995,0.8902439024390246
arguana,BGE-M3,0.3,128,Recall@5,0.6255924170616114,0.985781990521327,0.9052132701421801,0.7763157894736843
arguana,BGE-M3,0.3,128,Recall@10,0.8009478672985783,0.995260663507109,0.9739336492890995,0.8902439024390246
arguana,BGE-M3,0.3,128,MRR@10,0.270025577371549,0.4706781764838636,0.4059608440532611,0.6774657656222175
arguana,BGE-M3,0.3,128,NDCG@10,0.3985451543461574,0.6065308944429773,0.5491510343717584,0.7241163743028352
arguana,BGE-M3,0.3,256,HitRate@5,0.6255924170616114,0.985781990521327,0.9620853080568721,0.9342105263157897
arguana,BGE-M3,0.3,256,HitRate@10,0.8009478672985783,0.995260663507109,0.9881516587677726,0.9634146341463419
arguana,BGE-M3,0.3,256,Recall@5,0.6255924170616114,0.985781990521327,0.9620853080568721,0.9342105263157897
arguana,BGE-M3,0.3,256,Recall@10,0.8009478672985783,0.995260663507109,0.9881516587677726,0.9634146341463419
arguana,BGE-M3,0.3,256,MRR@10,0.270025577371549,0.4706781764838636,0.4439357180470924,0.866722591408835
arguana,BGE-M3,0.3,256,NDCG@10,0.3985451543461574,0.6065308944429773,0.5833418104937211,0.8885063757810447
arguana,BGE-M3,0.5,64,HitRate@5,0.6255924170616114,0.9976303317535545,0.933649289099526,0.8280254777070062
arguana,BGE-M3,0.5,64,HitRate@10,0.8009478672985783,0.9976303317535545,0.9881516587677726,0.9518072289156627
arguana,BGE-M3,0.5,64,Recall@5,0.6255924170616114,0.9976303317535545,0.933649289099526,0.8280254777070062
arguana,BGE-M3,0.5,64,Recall@10,0.8009478672985783,0.9976303317535545,0.9881516587677726,0.9518072289156627
arguana,BGE-M3,0.5,64,MRR@10,0.270025577371549,0.5716824644549763,0.42570243737305347,0.5160726198120912
arguana,BGE-M3,0.5,64,NDCG@10,0.3985451543461574,0.6830150978526012,0.5683121959535763,0.5967837568877408
arguana,BGE-M3,0.5,128,HitRate@5,0.6255924170616114,0.9976303317535545,0.9881516587677726,0.9745222929936306
arguana,BGE-M3,0.5,128,HitRate@10,0.8009478672985783,0.9976303317535545,0.995260663507109,0.9879518072289153
arguana,BGE-M3,0.5,128,Recall@5,0.6255924170616114,0.9976303317535545,0.9881516587677726,0.9745222929936306
arguana,BGE-M3,0.5,128,Recall@10,0.8009478672985783,0.9976303317535545,0.995260663507109,0.9879518072289153
arguana,BGE-M3,0.5,128,MRR@10,0.270025577371549,0.5716824644549763,0.4671067479124351,0.6533289275983964
arguana,BGE-M3,0.5,128,NDCG@10,0.3985451543461574,0.6830150978526012,0.6036586871766558,0.7210376263383771
arguana,BGE-M3,0.5,256,HitRate@5,0.6255924170616114,0.9976303317535545,0.9976303317535545,1.0
arguana,BGE-M3,0.5,256,HitRate@10,0.8009478672985783,0.9976303317535545,0.9976303317535545,1.0
arguana,BGE-M3,0.5,256,Recall@5,0.6255924170616114,0.9976303317535545,0.9976303317535545,1.0
arguana,BGE-M3,0.5,256,Recall@10,0.8009478672985783,0.9976303317535545,0.9976303317535545,1.0
arguana,BGE-M3,0.5,256,MRR@10,0.270025577371549,0.5716824644549763,0.48696682464454977,0.7191655704283746
arguana,BGE-M3,0.5,256,NDCG@10,0.3985451543461574,0.6830150978526012,0.6201085699435027,0.7788640615816992
arguana,BGE-M3,0.75,64,HitRate@5,0.6255924170616114,0.9976303317535545,0.985781990521327,0.968152866242038
arguana,BGE-M3,0.75,64,HitRate@10,0.8009478672985783,0.9976303317535545,0.9976303317535545,1.0
arguana,BGE-M3,0.75,64,Recall@5,0.6255924170616114,0.9976303317535545,0.985781990521327,0.968152866242038
arguana,BGE-M3,0.75,64,Recall@10,0.8009478672985783,0.9976303317535545,0.9976303317535545,1.0
arguana,BGE-M3,0.75,64,MRR@10,0.270025577371549,0.9893364928909952,0.4671894982321523,0.2741011106695392
arguana,BGE-M3,0.75,64,NDCG@10,0.3985451543461574,0.9915083134478677,0.6042510473127184,0.34691175970896443
arguana,BGE-M3,0.75,128,HitRate@5,0.6255924170616114,0.9976303317535545,0.9976303317535545,1.0
arguana,BGE-M3,0.75,128,HitRate@10,0.8009478672985783,0.9976303317535545,0.9976303317535545,1.0
arguana,BGE-M3,0.75,128,Recall@5,0.6255924170616114,0.9976303317535545,0.9976303317535545,1.0
arguana,BGE-M3,0.75,128,Recall@10,0.8009478672985783,0.9976303317535545,0.9976303317535545,1.0
arguana,BGE-M3,0.75,128,MRR@10,0.270025577371549,0.9893364928909952,0.5140205371248026,0.33920653015122676
arguana,BGE-M3,0.75,128,NDCG@10,0.3985451543461574,0.9915083134478677,0.640302611207377,0.4077107542860874
arguana,BGE-M3,0.75,256,HitRate@5,0.6255924170616114,0.9976303317535545,0.9976303317535545,1.0
arguana,BGE-M3,0.75,256,HitRate@10,0.8009478672985783,0.9976303317535545,0.9976303317535545,1.0
arguana,BGE-M3,0.75,256,Recall@5,0.6255924170616114,0.9976303317535545,0.9976303317535545,1.0
arguana,BGE-M3,0.75,256,Recall@10,0.8009478672985783,0.9976303317535545,0.9976303317535545,1.0
arguana,BGE-M3,0.75,256,MRR@10,0.270025577371549,0.9893364928909952,0.9593206951026856,0.9582714551653454
arguana,BGE-M3,0.75,256,NDCG@10,0.3985451543461574,0.9915083134478677,0.9693337022765763,0.9626037286955834
arguana,BGE-M3,1.0,64,HitRate@5,0.6255924170616114,0.9976303317535545,0.9976303317535545,1.0
arguana,BGE-M3,1.0,64,HitRate@10,0.8009478672985783,0.9976303317535545,0.9976303317535545,1.0
arguana,BGE-M3,1.0,64,Recall@5,0.6255924170616114,0.9976303317535545,0.9976303317535545,1.0
arguana,BGE-M3,1.0,64,Recall@10,0.8009478672985783,0.9976303317535545,0.9976303317535545,1.0
arguana,BGE-M3,1.0,64,MRR@10,0.270025577371549,0.9964454976303317,0.498696682464455,0.3147918975176827
arguana,BGE-M3,1.0,64,NDCG@10,0.3985451543461574,0.9967557577098849,0.6286197632008325,0.38460469868131664
arguana,BGE-M3,1.0,128,HitRate@5,0.6255924170616114,0.9976303317535545,0.9976303317535545,1.0
arguana,BGE-M3,1.0,128,HitRate@10,0.8009478672985783,0.9976303317535545,0.9976303317535545,1.0
arguana,BGE-M3,1.0,128,Recall@5,0.6255924170616114,0.9976303317535545,0.9976303317535545,1.0
arguana,BGE-M3,1.0,128,Recall@10,0.8009478672985783,0.9976303317535545,0.9976303317535545,1.0
arguana,BGE-M3,1.0,128,MRR@10,0.270025577371549,0.9964454976303317,0.8424170616113744,0.7879622629785736
arguana,BGE-M3,1.0,128,NDCG@10,0.3985451543461574,0.9967557577098849,0.8830049258378557,0.8098481851835954
arguana,BGE-M3,1.0,256,HitRate@5,0.6255924170616114,0.9976303317535545,0.9976303317535545,1.0
arguana,BGE-M3,1.0,256,HitRate@10,0.8009478672985783,0.9976303317535545,0.9976303317535545,1.0
arguana,BGE-M3,1.0,256,Recall@5,0.6255924170616114,0.9976303317535545,0.9976303317535545,1.0
arguana,BGE-M3,1.0,256,Recall@10,0.8009478672985783,0.9976303317535545,0.9976303317535545,1.0
arguana,BGE-M3,1.0,256,MRR@10,0.270025577371549,0.9964454976303317,0.9774881516587678,0.9739030477512091
arguana,BGE-M3,1.0,256,NDCG@10,0.3985451543461574,0.9967557577098849,0.9827625730111724,0.9766082636783283
arguana,E5,0.0,64,HitRate@5,0.504739336492891,0.504739336492891,0.504739336492891,
arguana,E5,0.0,64,HitRate@10,0.6587677725118484,0.6587677725118484,0.6587677725118484,
arguana,E5,0.0,64,Recall@5,0.504739336492891,0.504739336492891,0.504739336492891,
arguana,E5,0.0,64,Recall@10,0.6587677725118484,0.6587677725118484,0.6587677725118484,
arguana,E5,0.0,64,MRR@10,0.2182849996238622,0.2182849996238622,0.2182849996238622,
arguana,E5,0.0,64,NDCG@10,0.32469041221510037,0.32469041221510037,0.32469041221510037,
arguana,E5,0.0,128,HitRate@5,0.504739336492891,0.504739336492891,0.504739336492891,
arguana,E5,0.0,128,HitRate@10,0.6587677725118484,0.6587677725118484,0.6587677725118484,
arguana,E5,0.0,128,Recall@5,0.504739336492891,0.504739336492891,0.504739336492891,
arguana,E5,0.0,128,Recall@10,0.6587677725118484,0.6587677725118484,0.6587677725118484,
arguana,E5,0.0,128,MRR@10,0.2182849996238622,0.2182849996238622,0.2182849996238622,
arguana,E5,0.0,128,NDCG@10,0.32469041221510037,0.32469041221510037,0.32469041221510037,
arguana,E5,0.0,256,HitRate@5,0.504739336492891,0.504739336492891,0.504739336492891,
arguana,E5,0.0,256,HitRate@10,0.6587677725118484,0.6587677725118484,0.6587677725118484,
arguana,E5,0.0,256,Recall@5,0.504739336492891,0.504739336492891,0.504739336492891,
arguana,E5,0.0,256,Recall@10,0.6587677725118484,0.6587677725118484,0.6587677725118484,
arguana,E5,0.0,256,MRR@10,0.2182849996238622,0.2182849996238622,0.2182849996238622,
arguana,E5,0.0,256,NDCG@10,0.32469041221510037,0.32469041221510037,0.32469041221510037,
arguana,E5,0.01,64,HitRate@5,0.504739336492891,0.518957345971564,0.5118483412322274,0.4999999999999961
arguana,E5,0.01,64,HitRate@10,0.6587677725118484,0.6824644549763034,0.6706161137440758,0.49999999999999767
arguana,E5,0.01,64,Recall@5,0.504739336492891,0.518957345971564,0.5118483412322274,0.4999999999999961
arguana,E5,0.01,64,Recall@10,0.6587677725118484,0.6824644549763034,0.6706161137440758,0.49999999999999767
arguana,E5,0.01,64,MRR@10,0.2182849996238622,0.22538177988414956,0.22194952230497256,0.5163641181926601
arguana,E5,0.01,64,NDCG@10,0.32469041221510037,0.33587471426339377,0.33033078786602155,0.5043118136980069
arguana,E5,0.01,128,HitRate@5,0.504739336492891,0.518957345971564,0.514218009478673,0.6666666666666693
arguana,E5,0.01,128,HitRate@10,0.6587677725118484,0.6824644549763034,0.6729857819905213,0.5999999999999962
arguana,E5,0.01,128,Recall@5,0.504739336492891,0.518957345971564,0.514218009478673,0.6666666666666693
arguana,E5,0.01,128,Recall@10,0.6587677725118484,0.6824644549763034,0.6729857819905213,0.5999999999999962
arguana,E5,0.01,128,MRR@10,0.2182849996238622,0.22538177988414956,0.22167682238772288,0.4779382536107071
arguana,E5,0.01,128,NDCG@10,0.32469041221510037,0.33587471426339377,0.330649611905461,0.5328182004231488
arguana,E5,0.01,256,HitRate@5,0.504739336492891,0.518957345971564,0.5165876777251185,0.8333333333333346
arguana,E5,0.01,256,HitRate@10,0.6587677725118484,0.6824644549763034,0.6777251184834123,0.7999999999999982
arguana,E5,0.01,256,Recall@5,0.504739336492891,0.518957345971564,0.5165876777251185,0.8333333333333346
arguana,E5,0.01,256,Recall@10,0.6587677725118484,0.6824644549763034,0.6777251184834123,0.7999999999999982
arguana,E5,0.01,256,MRR@10,0.2182849996238622,0.22538177988414956,0.2233779056646355,0.7176361468132988
arguana,E5,0.01,256,NDCG@10,0.32469041221510037,0.33587471426339377,0.3330810361705763,0.7502143557323024
arguana,E5,0.02,64,HitRate@5,0.504739336492891,0.5545023696682464,0.518957345971564,0.28571428571428475
arguana,E5,0.02,64,HitRate@10,0.6587677725118484,0.7203791469194313,0.6848341232227488,0.42307692307692313
arguana,E5,0.02,64,Recall@5,0.504739336492891,0.5545023696682464,0.518957345971564,0.28571428571428475
arguana,E5,0.02,64,Recall@10,0.6587677725118484,0.7203791469194313,0.6848341232227488,0.42307692307692313
arguana,E5,0.02,64,MRR@10,0.2182849996238622,0.23752915068080946,0.22566858496953285,0.3836794527241633
arguana,E5,0.02,64,NDCG@10,0.32469041221510037,0.3540783645119767,0.3364928793937383,0.4016090355465973
arguana,E5,0.02,128,HitRate@5,0.504739336492891,0.5545023696682464,0.5260663507109005,0.42857142857142827
arguana,E5,0.02,128,HitRate@10,0.6587677725118484,0.7203791469194313,0.6895734597156398,0.4999999999999991
arguana,E5,0.02,128,Recall@5,0.504739336492891,0.5545023696682464,0.5260663507109005,0.42857142857142827
arguana,E5,0.02,128,Recall@10,0.6587677725118484,0.7203791469194313,0.6895734597156398,0.4999999999999991
arguana,E5,0.02,128,MRR@10,0.2182849996238622,0.23752915068080946,0.22855168133604153,0.5334962130466651
arguana,E5,0.02,128,NDCG@10,0.32469041221510037,0.3540783645119767,0.3399680028890158,0.5198589721250938
arguana,E5,0.02,256,HitRate@5,0.504739336492891,0.5545023696682464,0.5402843601895735,0.7142857142857152
arguana,E5,0.02,256,HitRate@10,0.6587677725118484,0.7203791469194313,0.6990521327014217,0.6538461538461529
arguana,E5,0.02,256,Recall@5,0.504739336492891,0.5545023696682464,0.5402843601895735,0.7142857142857152
arguana,E5,0.02,256,Recall@10,0.6587677725118484,0.7203791469194313,0.6990521327014217,0.6538461538461529
arguana,E5,0.02,256,MRR@10,0.2182849996238622,0.23752915068080946,0.23089407959076205,0.6552162228194472
arguana,E5,0.02,256,NDCG@10,0.32469041221510037,0.3540783645119767,0.3440277373781299,0.658001788205057
arguana,E5,0.05,64,HitRate@5,0.504739336492891,0.6516587677725119,0.556872037914692,0.3548387096774193
arguana,E5,0.05,64,HitRate@10,0.6587677725118484,0.7843601895734598,0.7345971563981043,0.6037735849056604
arguana,E5,0.05,64,Recall@5,0.504739336492891,0.6516587677725119,0.556872037914692,0.3548387096774193
arguana,E5,0.05,64,Recall@10,0.6587677725118484,0.7843601895734598,0.7345971563981043,0.6037735849056604
arguana,E5,0.05,64,MRR@10,0.2182849996238622,0.27463796735123747,0.24137515985857214,0.40974169002803296
arguana,E5,0.05,64,NDCG@10,0.32469041221510037,0.3989349811972884,0.3603673495976963,0.4805326217350007
arguana,E5,0.05,128,HitRate@5,0.504739336492891,0.6516587677725119,0.5758293838862559,0.48387096774193533
arguana,E5,0.05,128,HitRate@10,0.6587677725118484,0.7843601895734598,0.7417061611374408,0.6603773584905661
arguana,E5,0.05,128,Recall@5,0.504739336492891,0.6516587677725119,0.5758293838862559,0.48387096774193533
arguana,E5,0.05,128,Recall@10,0.6587677725118484,0.7843601895734598,0.7417061611374408,0.6603773584905661
arguana,E5,0.05,128,MRR@10,0.2182849996238622,0.27463796735123747,0.24931072745053787,0.5505606728073689
arguana,E5,0.05,128,NDCG@10,0.32469041221510037,0.3989349811972884,0.36851725767310045,0.5903037226671027
arguana,E5,0.05,256,HitRate@5,0.504739336492891,0.6516587677725119,0.6066350710900474,0.6935483870967744
arguana,E5,0.05,256,HitRate@10,0.6587677725118484,0.7843601895734598,0.7654028436018957,0.8490566037735843
arguana,E5,0.05,256,Recall@5,0.504739336492891,0.6516587677725119,0.6066350710900474,0.6935483870967744
arguana,E5,0.05,256,Recall@10,0.6587677725118484,0.7843601895734598,0.7654028436018957,0.8490566037735843
arguana,E5,0.05,256,MRR@10,0.2182849996238622,0.27463796735123747,0.2589144662604378,0.7209818448805231
arguana,E5,0.05,256,NDCG@10,0.32469041221510037,0.3989349811972884,0.38169518187491996,0.7677971660593194
arguana,E5,0.1,64,HitRate@5,0.504739336492891,0.7701421800947867,0.6350710900473934,0.4910714285714285
arguana,E5,0.1,64,HitRate@10,0.6587677725118484,0.8838862559241706,0.7772511848341233,0.5263157894736844
arguana,E5,0.1,64,Recall@5,0.504739336492891,0.7701421800947867,0.6350710900473934,0.4910714285714285
arguana,E5,0.1,64,Recall@10,0.6587677725118484,0.8838862559241706,0.7772511848341233,0.5263157894736844
arguana,E5,0.1,64,MRR@10,0.2182849996238622,0.33546979613330324,0.2658626720830512,0.40600550477856473
arguana,E5,0.1,64,NDCG@10,0.32469041221510037,0.47116834026335,0.39022964251917946,0.4474341709864339
arguana,E5,0.1,128,HitRate@5,0.504739336492891,0.7701421800947867,0.6635071090047393,0.5982142857142855
arguana,E5,0.1,128,HitRate@10,0.6587677725118484,0.8838862559241706,0.8056872037914692,0.6526315789473685
arguana,E5,0.1,128,Recall@5,0.504739336492891,0.7701421800947867,0.6635071090047393,0.5982142857142855
arguana,E5,0.1,128,Recall@10,0.6587677725118484,0.8838862559241706,0.8056872037914692,0.6526315789473685
arguana,E5,0.1,128,MRR@10,0.2182849996238622,0.33546979613330324,0.28362295945234334,0.5575634534059813
arguana,E5,0.1,128,NDCG@10,0.32469041221510037,0.47116834026335,0.41104151937653816,0.5895161701972862
arguana,E5,0.1,256,HitRate@5,0.504739336492891,0.7701421800947867,0.7037914691943128,0.7499999999999999
arguana,E5,0.1,256,HitRate@10,0.6587677725118484,0.8838862559241706,0.8412322274881516,0.8105263157894737
arguana,E5,0.1,256,Recall@5,0.504739336492891,0.7701421800947867,0.7037914691943128,0.7499999999999999
arguana,E5,0.1,256,Recall@10,0.6587677725118484,0.8838862559241706,0.8412322274881516,0.8105263157894737
arguana,E5,0.1,256,MRR@10,0.2182849996238622,0.33546979613330324,0.30312288422477995,0.7239666503502675
arguana,E5,0.1,256,NDCG@10,0.32469041221510037,0.47116834026335,0.43503242483045923,0.7533012931409866
arguana,E5,0.2,64,HitRate@5,0.504739336492891,0.943127962085308,0.7322274881516587,0.5189189189189188
arguana,E5,0.2,64,HitRate@10,0.6587677725118484,0.985781990521327,0.8696682464454977,0.6449275362318843
arguana,E5,0.2,64,Recall@5,0.504739336492891,0.943127962085308,0.7322274881516587,0.5189189189189188
arguana,E5,0.2,64,Recall@10,0.6587677725118484,0.985781990521327,0.8696682464454977,0.6449275362318843
arguana,E5,0.2,64,MRR@10,0.2182849996238622,0.4347494922139472,0.31728823440908754,0.4573647788633216
arguana,E5,0.2,64,NDCG@10,0.32469041221510037,0.5750794989684477,0.45281450726655675,0.5116999974430537
arguana,E5,0.2,128,HitRate@5,0.504739336492891,0.943127962085308,0.7890995260663507,0.6486486486486486
arguana,E5,0.2,128,HitRate@10,0.6587677725118484,0.985781990521327,0.909952606635071,0.7681159420289855
arguana,E5,0.2,128,Recall@5,0.504739336492891,0.943127962085308,0.7890995260663507,0.6486486486486486
arguana,E5,0.2,128,Recall@10,0.6587677725118484,0.985781990521327,0.909952606635071,0.7681159420289855
arguana,E5,0.2,128,MRR@10,0.2182849996238622,0.4347494922139472,0.34643327315128264,0.5920059774888465
arguana,E5,0.2,128,NDCG@10,0.32469041221510037,0.5750794989684477,0.48592504450213947,0.6439363407474213
arguana,E5,0.2,256,HitRate@5,0.504739336492891,0.943127962085308,0.8791469194312796,0.8540540540540542
arguana,E5,0.2,256,HitRate@10,0.6587677725118484,0.985781990521327,0.9620853080568721,0.9275362318840582
arguana,E5,0.2,256,Recall@5,0.504739336492891,0.943127962085308,0.8791469194312796,0.8540540540540542
arguana,E5,0.2,256,Recall@10,0.6587677725118484,0.985781990521327,0.9620853080568721,0.9275362318840582
arguana,E5,0.2,256,MRR@10,0.2182849996238622,0.4347494922139472,0.38999755510419015,0.7932596862687175
arguana,E5,0.2,256,NDCG@10,0.32469041221510037,0.5750794989684477,0.5332716184996957,0.8330283439631858
arguana,E5,0.3,64,HitRate@5,0.504739336492891,0.9928909952606635,0.8222748815165877,0.6504854368932038
arguana,E5,0.3,64,HitRate@10,0.6587677725118484,0.9976303317535545,0.9383886255924171,0.8251748251748252
arguana,E5,0.3,64,Recall@5,0.504739336492891,0.9928909952606635,0.8222748815165877,0.6504854368932038
arguana,E5,0.3,64,Recall@10,0.6587677725118484,0.9976303317535545,0.9383886255924171,0.8251748251748252
arguana,E5,0.3,64,MRR@10,0.2182849996238622,0.4826055066576394,0.35925863236289785,0.5333435317639611
arguana,E5,0.3,64,NDCG@10,0.32469041221510037,0.6163936995398402,0.5028860948239631,0.61087992611645
arguana,E5,0.3,128,HitRate@5,0.504739336492891,0.9928909952606635,0.9075829383886256,0.8252427184466019
arguana,E5,0.3,128,HitRate@10,0.6587677725118484,0.9976303317535545,0.981042654028436,0.951048951048951
arguana,E5,0.3,128,Recall@5,0.504739336492891,0.9928909952606635,0.9075829383886256,0.8252427184466019
arguana,E5,0.3,128,Recall@10,0.6587677725118484,0.9976303317535545,0.981042654028436,0.951048951048951
arguana,E5,0.3,128,MRR@10,0.2182849996238622,0.4826055066576394,0.40377642368163696,0.7017670559858266
arguana,E5,0.3,128,NDCG@10,0.32469041221510037,0.6163936995398402,0.5487708880877458,0.7681794673201159
arguana,E5,0.3,256,HitRate@5,0.504739336492891,0.9928909952606635,0.9597156398104265,0.9320388349514562
arguana,E5,0.3,256,HitRate@10,0.6587677725118484,0.9976303317535545,0.9928909952606635,0.9860139860139858
arguana,E5,0.3,256,Recall@5,0.504739336492891,0.9928909952606635,0.9597156398104265,0.9320388349514562
arguana,E5,0.3,256,Recall@10,0.6587677725118484,0.9976303317535545,0.9928909952606635,0.9860139860139858
arguana,E5,0.3,256,MRR@10,0.2182849996238622,0.4826055066576394,0.4472626570375386,0.8662879016966157
arguana,E5,0.3,256,NDCG@10,0.32469041221510037,0.6163936995398402,0.5869494101738337,0.8990608243189678
arguana,E5,0.5,64,HitRate@5,0.504739336492891,0.9976303317535545,0.9454976303317536,0.8942307692307693
arguana,E5,0.5,64,HitRate@10,0.6587677725118484,0.9976303317535545,0.985781990521327,0.9650349650349649
arguana,E5,0.5,64,Recall@5,0.504739336492891,0.9976303317535545,0.9454976303317536,0.8942307692307693
arguana,E5,0.5,64,Recall@10,0.6587677725118484,0.9976303317535545,0.985781990521327,0.9650349650349649
arguana,E5,0.5,64,MRR@10,0.2182849996238622,0.7993680884676146,0.424252426088919,0.3544543464083489
arguana,E5,0.5,64,NDCG@10,0.32469041221510037,0.8512100001861993,0.5666775490395447,0.45959759589747157
arguana,E5,0.5,128,HitRate@5,0.504739336492891,0.9976303317535545,0.981042654028436,0.9663461538461539
arguana,E5,0.5,128,HitRate@10,0.6587677725118484,0.9976303317535545,0.995260663507109,0.9930069930069928
arguana,E5,0.5,128,Recall@5,0.504739336492891,0.9976303317535545,0.981042654028436,0.9663461538461539
arguana,E5,0.5,128,Recall@10,0.6587677725118484,0.9976303317535545,0.995260663507109,0.9930069930069928
arguana,E5,0.5,128,MRR@10,0.2182849996238622,0.7993680884676146,0.470667832693899,0.4343317468973875
arguana,E5,0.5,128,NDCG@10,0.32469041221510037,0.8512100001861993,0.6063203503291928,0.5348897639294502
arguana,E5,0.5,256,HitRate@5,0.504739336492891,0.9976303317535545,0.9976303317535545,1.0
arguana,E5,0.5,256,HitRate@10,0.6587677725118484,0.9976303317535545,0.9976303317535545,1.0
arguana,E5,0.5,256,Recall@5,0.504739336492891,0.9976303317535545,0.9976303317535545,1.0
arguana,E5,0.5,256,Recall@10,0.6587677725118484,0.9976303317535545,0.9976303317535545,1.0
arguana,E5,0.5,256,MRR@10,0.2182849996238622,0.7993680884676146,0.5035545023696683,0.49092721544080636
arguana,E5,0.5,256,NDCG@10,0.32469041221510037,0.8512100001861993,0.6325212251398465,0.5846521572178304
arguana,E5,0.75,64,HitRate@5,0.504739336492891,0.9976303317535545,0.9834123222748815,0.971153846153846
arguana,E5,0.75,64,HitRate@10,0.6587677725118484,0.9976303317535545,0.9976303317535545,1.0
arguana,E5,0.75,64,Recall@5,0.504739336492891,0.9976303317535545,0.9834123222748815,0.971153846153846
arguana,E5,0.75,64,Recall@10,0.6587677725118484,0.9976303317535545,0.9976303317535545,1.0
arguana,E5,0.75,64,MRR@10,0.2182849996238622,0.9845971563981043,0.4663535319341006,0.32371733909908484
arguana,E5,0.75,64,NDCG@10,0.32469041221510037,0.9880100172731895,0.6035355725377325,0.42037828852987497
arguana,E5,0.75,128,HitRate@5,0.504739336492891,0.9976303317535545,0.9976303317535545,1.0
arguana,E5,0.75,128,HitRate@10,0.6587677725118484,0.9976303317535545,0.9976303317535545,1.0
arguana,E5,0.75,128,Recall@5,0.504739336492891,0.9976303317535545,0.9976303317535545,1.0
arguana,E5,0.75,128,Recall@10,0.6587677725118484,0.9976303317535545,0.9976303317535545,1.0
arguana,E5,0.75,128,MRR@10,0.2182849996238622,0.9845971563981043,0.5129146919431279,0.38447738263672687
arguana,E5,0.75,128,NDCG@10,0.32469041221510037,0.9880100172731895,0.6393577635434098,0.474382709223185
arguana,E5,0.75,256,HitRate@5,0.504739336492891,0.9976303317535545,0.9976303317535545,1.0
arguana,E5,0.75,256,HitRate@10,0.6587677725118484,0.9976303317535545,0.9976303317535545,1.0
arguana,E5,0.75,256,Recall@5,0.504739336492891,0.9976303317535545,0.9976303317535545,1.0
arguana,E5,0.75,256,Recall@10,0.6587677725118484,0.9976303317535545,0.9976303317535545,1.0
arguana,E5,0.75,256,MRR@10,0.2182849996238622,0.9845971563981043,0.8313586097946288,0.8000311684359459
arguana,E5,0.75,256,NDCG@10,0.32469041221510037,0.9880100172731895,0.8748234993652767,0.829363526956209
arguana,E5,1.0,64,HitRate@5,0.504739336492891,0.9976303317535545,0.9928909952606635,0.9903846153846153
arguana,E5,1.0,64,HitRate@10,0.6587677725118484,0.9976303317535545,0.9976303317535545,1.0
arguana,E5,1.0,64,Recall@5,0.504739336492891,0.9976303317535545,0.9928909952606635,0.9903846153846153
arguana,E5,1.0,64,Recall@10,0.6587677725118484,0.9976303317535545,0.9976303317535545,1.0
arguana,E5,1.0,64,MRR@10,0.2182849996238622,0.9798578199052133,0.5018618821936357,0.37235688435547176
arguana,E5,1.0,64,NDCG@10,0.32469041221510037,0.9845117210985116,0.6308114975517254,0.46394543676478295
arguana,E5,1.0,128,HitRate@5,0.504739336492891,0.9976303317535545,0.9976303317535545,1.0
arguana,E5,1.0,128,HitRate@10,0.6587677725118484,0.9976303317535545,0.9976303317535545,1.0
arguana,E5,1.0,128,Recall@5,0.504739336492891,0.9976303317535545,0.9976303317535545,1.0
arguana,E5,1.0,128,Recall@10,0.6587677725118484,0.9976303317535545,0.9976303317535545,1.0
arguana,E5,1.0,128,MRR@10,0.2182849996238622,0.9798578199052133,0.67239336492891,0.5962770114843182
arguana,E5,1.0,128,NDCG@10,0.32469041221510037,0.9845117210985116,0.7574663039544918,0.6558986287844514
arguana,E5,1.0,256,HitRate@5,0.504739336492891,0.9976303317535545,0.9976303317535545,1.0
arguana,E5,1.0,256,HitRate@10,0.6587677725118484,0.9976303317535545,0.9976303317535545,1.0
arguana,E5,1.0,256,Recall@5,0.504739336492891,0.9976303317535545,0.9976303317535545,1.0
arguana,E5,1.0,256,Recall@10,0.6587677725118484,0.9976303317535545,0.9976303317535545,1.0
arguana,E5,1.0,256,MRR@10,0.2182849996238622,0.9798578199052133,0.9786729857819905,0.9984442274045638
arguana,E5,1.0,256,NDCG@10,0.32469041221510037,0.9845117210985116,0.983637147054842,0.9986745289491336
arguana,Qwen3,0.0,64,HitRate@5,0.7985781990521327,0.7985781990521327,0.7985781990521327,
arguana,Qwen3,0.0,64,HitRate@10,0.919431279620853,0.919431279620853,0.919431279620853,
arguana,Qwen3,0.0,64,Recall@5,0.7985781990521327,0.7985781990521327,0.7985781990521327,
arguana,Qwen3,0.0,64,Recall@10,0.919431279620853,0.919431279620853,0.919431279620853,
arguana,Qwen3,0.0,64,MRR@10,0.3523593244564808,0.3523593244564808,0.3523593244564808,
arguana,Qwen3,0.0,64,NDCG@10,0.49269780713835204,0.49269780713835204,0.49269780713835204,
arguana,Qwen3,0.0,128,HitRate@5,0.7985781990521327,0.7985781990521327,0.7985781990521327,
arguana,Qwen3,0.0,128,HitRate@10,0.919431279620853,0.919431279620853,0.919431279620853,
arguana,Qwen3,0.0,128,Recall@5,0.7985781990521327,0.7985781990521327,0.7985781990521327,
arguana,Qwen3,0.0,128,Recall@10,0.919431279620853,0.919431279620853,0.919431279620853,
arguana,Qwen3,0.0,128,MRR@10,0.3523593244564808,0.3523593244564808,0.3523593244564808,
arguana,Qwen3,0.0,128,NDCG@10,0.49269780713835204,0.49269780713835204,0.49269780713835204,
arguana,Qwen3,0.0,256,HitRate@5,0.7985781990521327,0.7985781990521327,0.7985781990521327,
arguana,Qwen3,0.0,256,HitRate@10,0.919431279620853,0.919431279620853,0.919431279620853,
arguana,Qwen3,0.0,256,Recall@5,0.7985781990521327,0.7985781990521327,0.7985781990521327,
arguana,Qwen3,0.0,256,Recall@10,0.919431279620853,0.919431279620853,0.919431279620853,
arguana,Qwen3,0.0,256,MRR@10,0.3523593244564808,0.3523593244564808,0.3523593244564808,
arguana,Qwen3,0.0,256,NDCG@10,0.49269780713835204,0.49269780713835204,0.49269780713835204,
arguana,Qwen3,0.01,64,HitRate@5,0.7985781990521327,0.8080568720379147,0.8056872037914692,0.7500000000000029
arguana,Qwen3,0.01,64,HitRate@10,0.919431279620853,0.9289099526066351,0.9265402843601895,0.7499999999999941
arguana,Qwen3,0.01,64,Recall@5,0.7985781990521327,0.8080568720379147,0.8056872037914692,0.7500000000000029
arguana,Qwen3,0.01,64,Recall@10,0.919431279620853,0.9289099526066351,0.9265402843601895,0.7499999999999941
arguana,Qwen3,0.01,64,MRR@10,0.3523593244564808,0.35861543669600543,0.3554643421349583,0.496317450774098
arguana,Qwen3,0.01,64,NDCG@10,0.49269780713835204,0.49987855083940097,0.49679303134016306,0.5703064156450548
arguana,Qwen3,0.01,128,HitRate@5,0.7985781990521327,0.8080568720379147,0.8080568720379147,1.0
arguana,Qwen3,0.01,128,HitRate@10,0.919431279620853,0.9289099526066351,0.9265402843601895,0.7499999999999941
arguana,Qwen3,0.01,128,Recall@5,0.7985781990521327,0.8080568720379147,0.8080568720379147,1.0
arguana,Qwen3,0.01,128,Recall@10,0.919431279620853,0.9289099526066351,0.9265402843601895,0.7499999999999941
arguana,Qwen3,0.01,128,MRR@10,0.3523593244564808,0.35861543669600543,0.35543237042052206,0.4912069742973075
arguana,Qwen3,0.01,128,NDCG@10,0.49269780713835204,0.49987855083940097,0.49682435281797216,0.5746682866591287
arguana,Qwen3,0.01,256,HitRate@5,0.7985781990521327,0.8080568720379147,0.8056872037914692,0.7500000000000029
arguana,Qwen3,0.01,256,HitRate@10,0.919431279620853,0.9289099526066351,0.9265402843601895,0.7499999999999941
arguana,Qwen3,0.01,256,Recall@5,0.7985781990521327,0.8080568720379147,0.8056872037914692,0.7500000000000029
arguana,Qwen3,0.01,256,Recall@10,0.919431279620853,0.9289099526066351,0.9265402843601895,0.7499999999999941
arguana,Qwen3,0.01,256,MRR@10,0.3523593244564808,0.35861543669600543,0.35679775069585495,0.7094543814820368
arguana,Qwen3,0.01,256,NDCG@10,0.49269780713835204,0.49987855083940097,0.4979147180072149,0.7265140055201763
arguana,Qwen3,0.02,64,HitRate@5,0.7985781990521327,0.8222748815165877,0.8056872037914692,0.3000000000000005
arguana,Qwen3,0.02,64,HitRate@10,0.919431279620853,0.9383886255924171,0.9241706161137441,0.25000000000000144
arguana,Qwen3,0.02,64,Recall@5,0.7985781990521327,0.8222748815165877,0.8056872037914692,0.3000000000000005
arguana,Qwen3,0.02,64,Recall@10,0.919431279620853,0.9383886255924171,0.9241706161137441,0.25000000000000144
arguana,Qwen3,0.02,64,MRR@10,0.3523593244564808,0.36514236816369516,0.35545493868953587,0.24216566132117498
arguana,Qwen3,0.02,64,NDCG@10,0.49269780713835204,0.5073365846106541,0.49632280175956545,0.24762960076906912
arguana,Qwen3,0.02,128,HitRate@5,0.7985781990521327,0.8222748815165877,0.8080568720379147,0.3999999999999991
arguana,Qwen3,0.02,128,HitRate@10,0.919431279620853,0.9383886255924171,0.9289099526066351,0.5000000000000029
arguana,Qwen3,0.02,128,Recall@5,0.7985781990521327,0.8222748815165877,0.8080568720379147,0.3999999999999991
arguana,Qwen3,0.02,128,Recall@10,0.919431279620853,0.9383886255924171,0.9289099526066351,0.5000000000000029
arguana,Qwen3,0.02,128,MRR@10,0.3523593244564808,0.36514236816369516,0.3600673286692244,0.6029866117404764
arguana,Qwen3,0.02,128,NDCG@10,0.49269780713835204,0.5073365846106541,0.5010611635813499,0.5713152248418348
arguana,Qwen3,0.02,256,HitRate@5,0.7985781990521327,0.8222748815165877,0.8127962085308057,0.600000000000001
arguana,Qwen3,0.02,256,HitRate@10,0.919431279620853,0.9383886255924171,0.9312796208530806,0.6250000000000008
arguana,Qwen3,0.02,256,Recall@5,0.7985781990521327,0.8222748815165877,0.8127962085308057,0.600000000000001
arguana,Qwen3,0.02,256,Recall@10,0.919431279620853,0.9383886255924171,0.9312796208530806,0.6250000000000008
arguana,Qwen3,0.02,256,MRR@10,0.3523593244564808,0.36514236816369516,0.36032686376288275,0.623289686626457
arguana,Qwen3,0.02,256,NDCG@10,0.49269780713835204,0.5073365846106541,0.5018698765935972,0.6265597979475764
arguana,Qwen3,0.05,64,HitRate@5,0.7985781990521327,0.8530805687203792,0.8222748815165877,0.4347826086956521
arguana,Qwen3,0.05,64,HitRate@10,0.919431279620853,0.9549763033175356,0.9383886255924171,0.5333333333333343
arguana,Qwen3,0.05,64,Recall@5,0.7985781990521327,0.8530805687203792,0.8222748815165877,0.4347826086956521
arguana,Qwen3,0.05,64,Recall@10,0.919431279620853,0.9549763033175356,0.9383886255924171,0.5333333333333343
arguana,Qwen3,0.05,64,MRR@10,0.3523593244564808,0.38385616489881896,0.36331245768449566,0.3477533960292602
arguana,Qwen3,0.05,64,NDCG@10,0.49269780713835204,0.5263857432043689,0.5058210071604504,0.3895519154507232
arguana,Qwen3,0.05,128,HitRate@5,0.7985781990521327,0.8530805687203792,0.8246445497630331,0.4782608695652167
arguana,Qwen3,0.05,128,HitRate@10,0.919431279620853,0.9549763033175356,0.9383886255924171,0.5333333333333343
arguana,Qwen3,0.05,128,Recall@5,0.7985781990521327,0.8530805687203792,0.8246445497630331,0.4782608695652167
arguana,Qwen3,0.05,128,Recall@10,0.919431279620853,0.9549763033175356,0.9383886255924171,0.5333333333333343
arguana,Qwen3,0.05,128,MRR@10,0.3523593244564808,0.38385616489881896,0.3687899646430452,0.5216599492461556
arguana,Qwen3,0.05,128,NDCG@10,0.49269780713835204,0.5263857432043689,0.5103732127605369,0.5246805737088527
arguana,Qwen3,0.05,256,HitRate@5,0.7985781990521327,0.8530805687203792,0.8293838862559242,0.5652173913043479
arguana,Qwen3,0.05,256,HitRate@10,0.919431279620853,0.9549763033175356,0.9454976303317536,0.7333333333333344
arguana,Qwen3,0.05,256,Recall@5,0.7985781990521327,0.8530805687203792,0.8293838862559242,0.5652173913043479
arguana,Qwen3,0.05,256,Recall@10,0.919431279620853,0.9549763033175356,0.9454976303317536,0.7333333333333344
arguana,Qwen3,0.05,256,MRR@10,0.3523593244564808,0.38385616489881896,0.3744668246445498,0.7018958053440811
arguana,Qwen3,0.05,256,NDCG@10,0.49269780713835204,0.5263857432043689,0.5166154902470429,0.7099776923650157
arguana,Qwen3,0.1,64,HitRate@5,0.7985781990521327,0.8981042654028436,0.8412322274881516,0.42857142857142844
arguana,Qwen3,0.1,64,HitRate@10,0.919431279620853,0.9739336492890995,0.9478672985781991,0.5217391304347834
arguana,Qwen3,0.1,64,Recall@5,0.7985781990521327,0.8981042654028436,0.8412322274881516,0.42857142857142844
arguana,Qwen3,0.1,64,Recall@10,0.919431279620853,0.9739336492890995,0.9478672985781991,0.5217391304347834
arguana,Qwen3,0.1,64,MRR@10,0.3523593244564808,0.4139547130068457,0.37641239750244493,0.39050119841839376
arguana,Qwen3,0.1,64,NDCG@10,0.49269780713835204,0.5552939954257491,0.5187508238945853,0.4162077191763875
arguana,Qwen3,0.1,128,HitRate@5,0.7985781990521327,0.8981042654028436,0.8578199052132701,0.5952380952380951
arguana,Qwen3,0.1,128,HitRate@10,0.919431279620853,0.9739336492890995,0.9597156398104265,0.7391304347826083
arguana,Qwen3,0.1,128,Recall@5,0.7985781990521327,0.8981042654028436,0.8578199052132701,0.5952380952380951
arguana,Qwen3,0.1,128,Recall@10,0.919431279620853,0.9739336492890995,0.9597156398104265,0.7391304347826083
arguana,Qwen3,0.1,128,MRR@10,0.3523593244564808,0.4139547130068457,0.38573967501692624,0.5419293772804307
arguana,Qwen3,0.1,128,NDCG@10,0.49269780713835204,0.5552939954257491,0.5289673783864899,0.5794214031310316
arguana,Qwen3,0.1,256,HitRate@5,0.7985781990521327,0.8981042654028436,0.8815165876777251,0.8333333333333334
arguana,Qwen3,0.1,256,HitRate@10,0.919431279620853,0.9739336492890995,0.966824644549763,0.8695652173913042
arguana,Qwen3,0.1,256,Recall@5,0.7985781990521327,0.8981042654028436,0.8815165876777251,0.8333333333333334
arguana,Qwen3,0.1,256,Recall@10,0.919431279620853,0.9739336492890995,0.966824644549763,0.8695652173913042
arguana,Qwen3,0.1,256,MRR@10,0.3523593244564808,0.4139547130068457,0.4006817497931242,0.784513686396043
arguana,Qwen3,0.1,256,NDCG@10,0.49269780713835204,0.5552939954257491,0.5427349997104421,0.7993648485807955
arguana,Qwen3,0.2,64,HitRate@5,0.7985781990521327,0.976303317535545,0.8791469194312796,0.45333333333333364
arguana,Qwen3,0.2,64,HitRate@10,0.919431279620853,0.9928909952606635,0.9691943127962085,0.6774193548387095
arguana,Qwen3,0.2,64,Recall@5,0.7985781990521327,0.976303317535545,0.8791469194312796,0.45333333333333364
arguana,Qwen3,0.2,64,Recall@10,0.919431279620853,0.9928909952606635,0.9691943127962085,0.6774193548387095
arguana,Qwen3,0.2,64,MRR@10,0.3523593244564808,0.4578387121041149,0.4014453095614233,0.46536092216348296
arguana,Qwen3,0.2,64,NDCG@10,0.49269780713835204,0.5954589298342492,0.5439360520829172,0.498615075432714
arguana,Qwen3,0.2,128,HitRate@5,0.7985781990521327,0.976303317535545,0.9146919431279621,0.6533333333333335
arguana,Qwen3,0.2,128,HitRate@10,0.919431279620853,0.9928909952606635,0.976303317535545,0.7741935483870969
arguana,Qwen3,0.2,128,Recall@5,0.7985781990521327,0.976303317535545,0.9146919431279621,0.6533333333333335
arguana,Qwen3,0.2,128,Recall@10,0.919431279620853,0.9928909952606635,0.976303317535545,0.7741935483870969
arguana,Qwen3,0.2,128,MRR@10,0.3523593244564808,0.4578387121041149,0.4167785676671933,0.6107282630983059
arguana,Qwen3,0.2,128,NDCG@10,0.49269780713835204,0.5954589298342492,0.5583149252868924,0.6385403003305277
arguana,Qwen3,0.2,256,HitRate@5,0.7985781990521327,0.976303317535545,0.9454976303317536,0.8266666666666671
arguana,Qwen3,0.2,256,HitRate@10,0.919431279620853,0.9928909952606635,0.9881516587677726,0.9354838709677428
arguana,Qwen3,0.2,256,Recall@5,0.7985781990521327,0.976303317535545,0.9454976303317536,0.8266666666666671
arguana,Qwen3,0.2,256,Recall@10,0.919431279620853,0.9928909952606635,0.9881516587677726,0.9354838709677428
arguana,Qwen3,0.2,256,MRR@10,0.3523593244564808,0.4578387121041149,0.43374896562100357,0.771616549732106
arguana,Qwen3,0.2,256,NDCG@10,0.49269780713835204,0.5954589298342492,0.5748588741267667,0.799534540232257
arguana,Qwen3,0.3,64,HitRate@5,0.7985781990521327,0.995260663507109,0.919431279620853,0.6144578313253012
arguana,Qwen3,0.3,64,HitRate@10,0.919431279620853,0.9976303317535545,0.9739336492890995,0.696969696969697
arguana,Qwen3,0.3,64,Recall@5,0.7985781990521327,0.995260663507109,0.919431279620853,0.6144578313253012
arguana,Qwen3,0.3,64,Recall@10,0.919431279620853,0.9976303317535545,0.9739336492890995,0.696969696969697
arguana,Qwen3,0.3,64,MRR@10,0.3523593244564808,0.4854660347551343,0.41503987060859104,0.47090447965750915
arguana,Qwen3,0.3,64,NDCG@10,0.49269780713835204,0.618654362431788,0.5565023729494605,0.5065601044936924
arguana,Qwen3,0.3,128,HitRate@5,0.7985781990521327,0.995260663507109,0.9620853080568721,0.8313253012048197
arguana,Qwen3,0.3,128,HitRate@10,0.919431279620853,0.9976303317535545,0.990521327014218,0.909090909090909
arguana,Qwen3,0.3,128,Recall@5,0.7985781990521327,0.995260663507109,0.9620853080568721,0.8313253012048197
arguana,Qwen3,0.3,128,Recall@10,0.919431279620853,0.9976303317535545,0.990521327014218,0.909090909090909
arguana,Qwen3,0.3,128,MRR@10,0.3523593244564808,0.4854660347551343,0.44478484916873545,0.6943716399036393
arguana,Qwen3,0.3,128,NDCG@10,0.49269780713835204,0.618654362431788,0.5842780338570556,0.727077892098214
arguana,Qwen3,0.3,256,HitRate@5,0.7985781990521327,0.995260663507109,0.9786729857819905,0.9156626506024096
arguana,Qwen3,0.3,256,HitRate@10,0.919431279620853,0.9976303317535545,0.9976303317535545,1.0
arguana,Qwen3,0.3,256,Recall@5,0.7985781990521327,0.995260663507109,0.9786729857819905,0.9156626506024096
arguana,Qwen3,0.3,256,Recall@10,0.919431279620853,0.9976303317535545,0.9976303317535545,1.0
arguana,Qwen3,0.3,256,MRR@10,0.3523593244564808,0.4854660347551343,0.4604481682088317,0.8120465415292015
arguana,Qwen3,0.3,256,NDCG@10,0.49269780713835204,0.618654362431788,0.5986618270069035,0.8412743554449498
arguana,Qwen3,0.5,64,HitRate@5,0.7985781990521327,0.9976303317535545,0.9691943127962085,0.8571428571428569
arguana,Qwen3,0.5,64,HitRate@10,0.919431279620853,0.9976303317535545,0.995260663507109,0.9696969696969687
arguana,Qwen3,0.5,64,Recall@5,0.7985781990521327,0.9976303317535545,0.9691943127962085,0.8571428571428569
arguana,Qwen3,0.5,64,Recall@10,0.919431279620853,0.9976303317535545,0.995260663507109,0.9696969696969687
arguana,Qwen3,0.5,64,MRR@10,0.3523593244564808,0.8428120063191153,0.4512158654931167,0.20156183194105465
arguana,Qwen3,0.5,64,NDCG@10,0.49269780713835204,0.8832589797224188,0.590685194486322,0.2508887063700079
arguana,Qwen3,0.5,128,HitRate@5,0.7985781990521327,0.9976303317535545,0.990521327014218,0.9642857142857142
arguana,Qwen3,0.5,128,HitRate@10,0.919431279620853,0.9976303317535545,0.9976303317535545,1.0
arguana,Qwen3,0.5,128,Recall@5,0.7985781990521327,0.9976303317535545,0.990521327014218,0.9642857142857142
arguana,Qwen3,0.5,128,Recall@10,0.919431279620853,0.9976303317535545,0.9976303317535545,1.0
arguana,Qwen3,0.5,128,MRR@10,0.3523593244564808,0.8428120063191153,0.475121304445949,0.25030341260087396
arguana,Qwen3,0.5,128,NDCG@10,0.49269780713835204,0.8832589797224188,0.6105500720704231,0.30175110380872233
arguana,Qwen3,0.5,256,HitRate@5,0.7985781990521327,0.9976303317535545,0.9976303317535545,1.0
arguana,Qwen3,0.5,256,HitRate@10,0.919431279620853,0.9976303317535545,0.9976303317535545,1.0
arguana,Qwen3,0.5,256,Recall@5,0.7985781990521327,0.9976303317535545,0.9976303317535545,1.0
arguana,Qwen3,0.5,256,Recall@10,0.919431279620853,0.9976303317535545,0.9976303317535545,1.0
arguana,Qwen3,0.5,256,MRR@10,0.3523593244564808,0.8428120063191153,0.5012638230647709,0.3036062480946839
arguana,Qwen3,0.5,256,NDCG@10,0.49269780713835204,0.8832589797224188,0.6306076780808118,0.35310696665008384
arguana,Qwen3,0.75,64,HitRate@5,0.7985781990521327,0.9976303317535545,0.990521327014218,0.9642857142857142
arguana,Qwen3,0.75,64,HitRate@10,0.919431279620853,0.9976303317535545,0.9976303317535545,1.0
arguana,Qwen3,0.75,64,Recall@5,0.7985781990521327,0.9976303317535545,0.990521327014218,0.9642857142857142
arguana,Qwen3,0.75,64,Recall@10,0.919431279620853,0.9976303317535545,0.9976303317535545,1.0
arguana,Qwen3,0.75,64,MRR@10,0.3523593244564808,0.976303317535545,0.47613123448431505,0.1983702245726248
arguana,Qwen3,0.75,64,NDCG@10,0.49269780713835204,0.9818879989675029,0.6112286757619182,0.24230017404961163
arguana,Qwen3,0.75,128,HitRate@5,0.7985781990521327,0.9976303317535545,0.9976303317535545,1.0
arguana,Qwen3,0.75,128,HitRate@10,0.919431279620853,0.9976303317535545,0.9976303317535545,1.0
arguana,Qwen3,0.75,128,Recall@5,0.7985781990521327,0.9976303317535545,0.9976303317535545,1.0
arguana,Qwen3,0.75,128,Recall@10,0.919431279620853,0.9976303317535545,0.9976303317535545,1.0
arguana,Qwen3,0.75,128,MRR@10,0.3523593244564808,0.976303317535545,0.5265402843601895,0.2791612097171629
arguana,Qwen3,0.75,128,NDCG@10,0.49269780713835204,0.9818879989675029,0.6494905308188033,0.3205148555701438
arguana,Qwen3,0.75,256,HitRate@5,0.7985781990521327,0.9976303317535545,0.9976303317535545,1.0
arguana,Qwen3,0.75,256,HitRate@10,0.919431279620853,0.9976303317535545,0.9976303317535545,1.0
arguana,Qwen3,0.75,256,Recall@5,0.7985781990521327,0.9976303317535545,0.9976303317535545,1.0
arguana,Qwen3,0.75,256,Recall@10,0.919431279620853,0.9976303317535545,0.9976303317535545,1.0
arguana,Qwen3,0.75,256,MRR@10,0.3523593244564808,0.976303317535545,0.8665086887835703,0.824031275290983
arguana,Qwen3,0.75,256,NDCG@10,0.49269780713835204,0.9818879989675029,0.9008066667907996,0.8342539700693327
arguana,Qwen3,1.0,64,HitRate@5,0.7985781990521327,0.9976303317535545,0.995260663507109,0.9880952380952377
arguana,Qwen3,1.0,64,HitRate@10,0.919431279620853,0.9976303317535545,0.9976303317535545,1.0
arguana,Qwen3,1.0,64,Recall@5,0.7985781990521327,0.9976303317535545,0.995260663507109,0.9880952380952377
arguana,Qwen3,1.0,64,Recall@10,0.919431279620853,0.9976303317535545,0.9976303317535545,1.0
arguana,Qwen3,1.0,64,MRR@10,0.3523593244564808,0.9822274881516587,0.5068720379146919,0.2453096097947679
arguana,Qwen3,1.0,64,NDCG@10,0.49269780713835204,0.9862608691858505,0.6345695334160845,0.28744397056212295
arguana,Qwen3,1.0,128,HitRate@5,0.7985781990521327,0.9976303317535545,0.9976303317535545,1.0
arguana,Qwen3,1.0,128,HitRate@10,0.919431279620853,0.9976303317535545,0.9976303317535545,1.0
arguana,Qwen3,1.0,128,Recall@5,0.7985781990521327,0.9976303317535545,0.9976303317535545,1.0
arguana,Qwen3,1.0,128,Recall@10,0.919431279620853,0.9976303317535545,0.9976303317535545,1.0
arguana,Qwen3,1.0,128,MRR@10,0.3523593244564808,0.9822274881516587,0.7756714060031596,0.672064577868614
arguana,Qwen3,1.0,128,NDCG@10,0.49269780713835204,0.9862608691858505,0.8337185193128088,0.6909364545226813
arguana,Qwen3,1.0,256,HitRate@5,0.7985781990521327,0.9976303317535545,0.9976303317535545,1.0
arguana,Qwen3,1.0,256,HitRate@10,0.919431279620853,0.9976303317535545,0.9976303317535545,1.0
arguana,Qwen3,1.0,256,Recall@5,0.7985781990521327,0.9976303317535545,0.9976303317535545,1.0
arguana,Qwen3,1.0,256,Recall@10,0.919431279620853,0.9976303317535545,0.9976303317535545,1.0
arguana,Qwen3,1.0,256,MRR@10,0.3523593244564808,0.9822274881516587,0.9715639810426541,0.9830702554540204
arguana,Qwen3,1.0,256,NDCG@10,0.49269780713835204,0.9862608691858505,0.9783897027928247,0.9840523592661633
fiqa,BGE-M3,0.0,64,HitRate@5,0.6157407407407407,0.6157407407407407,0.6157407407407407,
fiqa,BGE-M3,0.0,64,HitRate@10,0.6805555555555556,0.6805555555555556,0.6805555555555556,
fiqa,BGE-M3,0.0,64,Recall@5,0.40038895432413946,0.40038895432413946,0.40038895432413946,
fiqa,BGE-M3,0.0,64,Recall@10,0.47334963561815413,0.47334963561815413,0.47334963561815413,
fiqa,BGE-M3,0.0,64,MRR@10,0.5037814765824025,0.5037814765824025,0.5037814765824025,
fiqa,BGE-M3,0.0,64,NDCG@10,0.4132489609242356,0.4132489609242356,0.4132489609242356,
fiqa,BGE-M3,0.0,128,HitRate@5,0.6157407407407407,0.6157407407407407,0.6157407407407407,
fiqa,BGE-M3,0.0,128,HitRate@10,0.6805555555555556,0.6805555555555556,0.6805555555555556,
fiqa,BGE-M3,0.0,128,Recall@5,0.40038895432413946,0.40038895432413946,0.40038895432413946,
fiqa,BGE-M3,0.0,128,Recall@10,0.47334963561815413,0.47334963561815413,0.47334963561815413,
fiqa,BGE-M3,0.0,128,MRR@10,0.5037814765824025,0.5037814765824025,0.5037814765824025,
fiqa,BGE-M3,0.0,128,NDCG@10,0.4132489609242356,0.4132489609242356,0.4132489609242356,
fiqa,BGE-M3,0.0,256,HitRate@5,0.6157407407407407,0.6157407407407407,0.6157407407407407,
fiqa,BGE-M3,0.0,256,HitRate@10,0.6805555555555556,0.6805555555555556,0.6805555555555556,
fiqa,BGE-M3,0.0,256,Recall@5,0.40038895432413946,0.40038895432413946,0.40038895432413946,
fiqa,BGE-M3,0.0,256,Recall@10,0.47334963561815413,0.47334963561815413,0.47334963561815413,
fiqa,BGE-M3,0.0,256,MRR@10,0.5037814765824025,0.5037814765824025,0.5037814765824025,
fiqa,BGE-M3,0.0,256,NDCG@10,0.4132489609242356,0.4132489609242356,0.4132489609242356,
fiqa,BGE-M3,0.01,64,HitRate@5,0.6157407407407407,0.6311728395061729,0.6219135802469136,0.4
fiqa,BGE-M3,0.01,64,HitRate@10,0.6805555555555556,0.6959876543209876,0.6882716049382716,0.4999999999999964
fiqa,BGE-M3,0.01,64,Recall@5,0.40038895432413946,0.40894090905664976,0.403989777369407,0.42105263157895284
fiqa,BGE-M3,0.01,64,Recall@10,0.47334963561815413,0.48155436812844216,0.4765003557827632,0.3840125391849537
fiqa,BGE-M3,0.01,64,MRR@10,0.5037814765824025,0.520026822457378,0.511159489515971,0.45416164053076347
fiqa,BGE-M3,0.01,64,NDCG@10,0.4132489609242356,0.42434302069310653,0.41764729321543526,0.3964583193918829
fiqa,BGE-M3,0.01,128,HitRate@5,0.6157407407407407,0.6311728395061729,0.6234567901234568,0.5
fiqa,BGE-M3,0.01,128,HitRate@10,0.6805555555555556,0.6959876543209876,0.691358024691358,0.6999999999999978
fiqa,BGE-M3,0.01,128,Recall@5,0.40038895432413946,0.40894090905664976,0.40488998313072383,0.5263157894736845
fiqa,BGE-M3,0.01,128,Recall@10,0.47334963561815413,0.48155436812844216,0.4776963434370842,0.5297805642633321
fiqa,BGE-M3,0.01,128,MRR@10,0.5037814765824025,0.520026822457378,0.514737041936116,0.6743817852834776
fiqa,BGE-M3,0.01,128,NDCG@10,0.4132489609242356,0.42434302069310653,0.41995133763664333,0.6041410315107627
fiqa,BGE-M3,0.01,256,HitRate@5,0.6157407407407407,0.6311728395061729,0.6280864197530864,0.8
fiqa,BGE-M3,0.01,256,HitRate@10,0.6805555555555556,0.6959876543209876,0.6944444444444444,0.8999999999999992
fiqa,BGE-M3,0.01,256,Recall@5,0.40038895432413946,0.40894090905664976,0.40662609424183493,0.7293233082706759
fiqa,BGE-M3,0.01,256,Recall@10,0.47334963561815413,0.48155436812844216,0.48001115825189894,0.8119122257053274
fiqa,BGE-M3,0.01,256,MRR@10,0.5037814765824025,0.520026822457378,0.5187169312169312,0.9193682147165269
fiqa,BGE-M3,0.01,256,NDCG@10,0.4132489609242356,0.42434302069310653,0.42306022497940265,0.8843709390043761
fiqa,BGE-M3,0.02,64,HitRate@5,0.6157407407407407,0.6450617283950617,0.6280864197530864,0.42105263157894895
fiqa,BGE-M3,0.02,64,HitRate@10,0.6805555555555556,0.7098765432098766,0.6944444444444444,0.4736842105263138
fiqa,BGE-M3,0.02,64,Recall@5,0.40038895432413946,0.4194090160525346,0.40659853692261094,0.3264754177533066
fiqa,BGE-M3,0.02,64,Recall@10,0.47334963561815413,0.4920782021476466,0.4812757330118441,0.42320897230487553
fiqa,BGE-M3,0.02,64,MRR@10,0.5037814765824025,0.5342212913972172,0.5183329659024103,0.47804132214778705
fiqa,BGE-M3,0.02,64,NDCG@10,0.4132489609242356,0.43497774052127136,0.42334506853670567,0.4646421842231487
fiqa,BGE-M3,0.02,128,HitRate@5,0.6157407407407407,0.6450617283950617,0.6327160493827161,0.5789473684210549
fiqa,BGE-M3,0.02,128,HitRate@10,0.6805555555555556,0.7098765432098766,0.6990740740740741,0.6315789473684197
fiqa,BGE-M3,0.02,128,Recall@5,0.40038895432413946,0.4194090160525346,0.4112557238714646,0.5713319810682879
fiqa,BGE-M3,0.02,128,Recall@10,0.47334963561815413,0.4920782021476466,0.4852623585262474,0.6360723277637892
fiqa,BGE-M3,0.02,128,MRR@10,0.5037814765824025,0.5342212913972172,0.5224334950029395,0.6127507192146009
fiqa,BGE-M3,0.02,128,NDCG@10,0.4132489609242356,0.43497774052127136,0.42706846756185485,0.6360001295012682
fiqa,BGE-M3,0.02,256,HitRate@5,0.6157407407407407,0.6450617283950617,0.6388888888888888,0.7894736842105256
fiqa,BGE-M3,0.02,256,HitRate@10,0.6805555555555556,0.7098765432098766,0.7052469135802469,0.8421052631578941
fiqa,BGE-M3,0.02,256,Recall@5,0.40038895432413946,0.4194090160525346,0.4152019319843394,0.7788080749541196
fiqa,BGE-M3,0.02,256,Recall@10,0.47334963561815413,0.4920782021476466,0.48744857251801693,0.7528038452735168
fiqa,BGE-M3,0.02,256,MRR@10,0.5037814765824025,0.5342212913972172,0.5277085782872819,0.786046230913152
fiqa,BGE-M3,0.02,256,NDCG@10,0.4132489609242356,0.43497774052127136,0.4300498819690044,0.7732105233862644
fiqa,BGE-M3,0.05,64,HitRate@5,0.6157407407407407,0.6944444444444444,0.6435185185185185,0.3529411764705883
fiqa,BGE-M3,0.05,64,HitRate@10,0.6805555555555556,0.7592592592592593,0.7098765432098766,0.3725490196078433
fiqa,BGE-M3,0.05,64,Recall@5,0.40038895432413946,0.4493325904205534,0.41828835173742585,0.36571450020644997
fiqa,BGE-M3,0.05,64,Recall@10,0.47334963561815413,0.5227740495101606,0.492681456917568,0.3911391107571725
fiqa,BGE-M3,0.05,64,MRR@10,0.5037814765824025,0.5832224916715658,0.5352004948069763,0.3955012179704604
fiqa,BGE-M3,0.05,64,NDCG@10,0.4132489609242356,0.4682704336425513,0.4359229111982538,0.41209275495220404
fiqa,BGE-M3,0.05,128,HitRate@5,0.6157407407407407,0.6944444444444444,0.6574074074074074,0.5294117647058831
fiqa,BGE-M3,0.05,128,HitRate@10,0.6805555555555556,0.7592592592592593,0.7253086419753086,0.5686274509803917
fiqa,BGE-M3,0.05,128,Recall@5,0.40038895432413946,0.4493325904205534,0.42934802251931875,0.5916819939191461
fiqa,BGE-M3,0.05,128,Recall@10,0.47334963561815413,0.5227740495101606,0.503252444571889,0.6050210128758072
fiqa,BGE-M3,0.05,128,MRR@10,0.5037814765824025,0.5832224916715658,0.5514513521457964,0.6000662945946758
fiqa,BGE-M3,0.05,128,NDCG@10,0.4132489609242356,0.4682704336425513,0.4467369734873786,0.6086353365091854
fiqa,BGE-M3,0.05,256,HitRate@5,0.6157407407407407,0.6944444444444444,0.6682098765432098,0.6666666666666666
fiqa,BGE-M3,0.05,256,HitRate@10,0.6805555555555556,0.7592592592592593,0.7484567901234568,0.8627450980392151
fiqa,BGE-M3,0.05,256,Recall@5,0.40038895432413946,0.4493325904205534,0.4354437015316645,0.7162268683607975
fiqa,BGE-M3,0.05,256,Recall@10,0.47334963561815413,0.5227740495101606,0.5179129383990495,0.9016455486607744
fiqa,BGE-M3,0.05,256,MRR@10,0.5037814765824025,0.5832224916715658,0.5730464922594553,0.8719049674693963
fiqa,BGE-M3,0.05,256,NDCG@10,0.4132489609242356,0.4682704336425513,0.4612384056642546,0.8721948426517522
fiqa,BGE-M3,0.1,64,HitRate@5,0.6157407407407407,0.7731481481481481,0.6759259259259259,0.3823529411764708
fiqa,BGE-M3,0.1,64,HitRate@10,0.6805555555555556,0.8395061728395061,0.7422839506172839,0.3883495145631066
fiqa,BGE-M3,0.1,64,Recall@5,0.40038895432413946,0.49850097176486063,0.43748661746346923,0.37811538389518906
fiqa,BGE-M3,0.1,64,Recall@10,0.47334963561815413,0.5779713599158044,0.5145449158180639,0.39375455218754246
fiqa,BGE-M3,0.1,64,MRR@10,0.5037814765824025,0.6771696796002351,0.5685123946698021,0.3733294247287525
fiqa,BGE-M3,0.1,64,NDCG@10,0.4132489609242356,0.5330964939174734,0.45836453135537975,0.3764413776768333
fiqa,BGE-M3,0.1,128,HitRate@5,0.6157407407407407,0.7731481481481481,0.7129629629629629,0.6176470588235292
fiqa,BGE-M3,0.1,128,HitRate@10,0.6805555555555556,0.8395061728395061,0.7777777777777778,0.6116504854368934
fiqa,BGE-M3,0.1,128,Recall@5,0.40038895432413946,0.49850097176486063,0.45952879853342815,0.6027788007215397
fiqa,BGE-M3,0.1,128,Recall@10,0.47334963561815413,0.5779713599158044,0.5394921565060453,0.6322063733122463
fiqa,BGE-M3,0.1,128,MRR@10,0.5037814765824025,0.6771696796002351,0.5984580148932,0.5460379464285715
fiqa,BGE-M3,0.1,128,NDCG@10,0.4132489609242356,0.5330964939174734,0.4820572340017191,0.5741317435492472
fiqa,BGE-M3,0.1,256,HitRate@5,0.6157407407407407,0.7731481481481481,0.7530864197530864,0.8725490196078433
fiqa,BGE-M3,0.1,256,HitRate@10,0.6805555555555556,0.8395061728395061,0.8101851851851852,0.8155339805825248
fiqa,BGE-M3,0.1,256,Recall@5,0.40038895432413946,0.49850097176486063,0.4868178931836339,0.8809210238869504
fiqa,BGE-M3,0.1,256,Recall@10,0.47334963561815413,0.5779713599158044,0.5576781500392611,0.8060325423541215
fiqa,BGE-M3,0.1,256,MRR@10,0.5037814765824025,0.6771696796002351,0.6424939986282578,0.8000113019891502
fiqa,BGE-M3,0.1,256,NDCG@10,0.4132489609242356,0.5330964939174734,0.5095854106651986,0.8038250545082027
fiqa,BGE-M3,0.2,64,HitRate@5,0.6157407407407407,0.9212962962962963,0.7577160493827161,0.46464646464646486
fiqa,BGE-M3,0.2,64,HitRate@10,0.6805555555555556,0.9506172839506173,0.816358024691358,0.5028571428571427
fiqa,BGE-M3,0.2,64,Recall@5,0.40038895432413946,0.608518975880087,0.491207467943579,0.43635470241387825
fiqa,BGE-M3,0.2,64,Recall@10,0.47334963561815413,0.6697567350345128,0.5646140210955025,0.4646694836823551
fiqa,BGE-M3,0.2,64,MRR@10,0.5037814765824025,0.8529400597687634,0.6470446306094454,0.4103097014532712
fiqa,BGE-M3,0.2,64,NDCG@10,0.4132489609242356,0.653885013344506,0.514221805100835,0.41960813087247034
fiqa,BGE-M3,0.2,128,HitRate@5,0.6157407407407407,0.9212962962962963,0.816358024691358,0.6565656565656566
fiqa,BGE-M3,0.2,128,HitRate@10,0.6805555555555556,0.9506172839506173,0.8641975308641975,0.6799999999999998
fiqa,BGE-M3,0.2,128,Recall@5,0.40038895432413946,0.608518975880087,0.5290179470735026,0.6180222910070968
fiqa,BGE-M3,0.2,128,Recall@10,0.47334963561815413,0.6697567350345128,0.6009595813993963,0.6497216554821418
fiqa,BGE-M3,0.2,128,MRR@10,0.5037814765824025,0.8529400597687634,0.7166329854987262,0.6096127065640995
fiqa,BGE-M3,0.2,128,NDCG@10,0.4132489609242356,0.653885013344506,0.5608453448780851,0.6133593967709907
fiqa,BGE-M3,0.2,256,HitRate@5,0.6157407407407407,0.9212962962962963,0.8734567901234568,0.8434343434343434
fiqa,BGE-M3,0.2,256,HitRate@10,0.6805555555555556,0.9506172839506173,0.9135802469135802,0.8628571428571427
fiqa,BGE-M3,0.2,256,Recall@5,0.40038895432413946,0.608518975880087,0.5709160952216508,0.8193298574740783
fiqa,BGE-M3,0.2,256,Recall@10,0.47334963561815413,0.6697567350345128,0.6410958982718242,0.8540743341363075
fiqa,BGE-M3,0.2,256,MRR@10,0.5037814765824025,0.8529400597687634,0.7912851508916325,0.8234186073431767
fiqa,BGE-M3,0.2,256,NDCG@10,0.4132489609242356,0.653885013344506,0.6123265389152868,0.8272973895173553
fiqa,BGE-M3,0.3,64,HitRate@5,0.6157407407407407,0.9953703703703703,0.8148148148148148,0.5243902439024389
fiqa,BGE-M3,0.3,64,HitRate@10,0.6805555555555556,0.9969135802469136,0.8641975308641975,0.5804878048780486
fiqa,BGE-M3,0.3,64,Recall@5,0.40038895432413946,0.6699111716472828,0.527511480289258,0.4716588013696294
fiqa,BGE-M3,0.3,64,Recall@10,0.47334963561815413,0.7181174749461786,0.598225989545434,0.5101828502882989
fiqa,BGE-M3,0.3,64,MRR@10,0.5037814765824025,0.9730881344307271,0.7136316872427982,0.44714944301560994
fiqa,BGE-M3,0.3,64,NDCG@10,0.4132489609242356,0.7414638785537729,0.5582950072832722,0.44192399116591324
fiqa,BGE-M3,0.3,128,HitRate@5,0.6157407407407407,0.9953703703703703,0.9027777777777778,0.7560975609756099
fiqa,BGE-M3,0.3,128,HitRate@10,0.6805555555555556,0.9969135802469136,0.9382716049382716,0.8146341463414632
fiqa,BGE-M3,0.3,128,Recall@5,0.40038895432413946,0.6699111716472828,0.593164037608482,0.7152474671622902
fiqa,BGE-M3,0.3,128,Recall@10,0.47334963561815413,0.7181174749461786,0.6608636819284968,0.7660893964874468
fiqa,BGE-M3,0.3,128,MRR@10,0.5037814765824025,0.9730881344307271,0.8238217715069567,0.6819427970442051
fiqa,BGE-M3,0.3,128,NDCG@10,0.4132489609242356,0.7414638785537729,0.6354251619059859,0.6769229216830569
fiqa,BGE-M3,0.3,256,HitRate@5,0.6157407407407407,0.9953703703703703,0.9691358024691358,0.9308943089430894
fiqa,BGE-M3,0.3,256,HitRate@10,0.6805555555555556,0.9969135802469136,0.9814814814814815,0.9512195121951221
fiqa,BGE-M3,0.3,256,Recall@5,0.40038895432413946,0.6699111716472828,0.6439999429582762,0.9038623644968745
fiqa,BGE-M3,0.3,256,Recall@10,0.47334963561815413,0.7181174749461786,0.7017814961101998,0.9332592922304379
fiqa,BGE-M3,0.3,256,MRR@10,0.5037814765824025,0.9730881344307271,0.9251169655104841,0.8977828928739664
fiqa,BGE-M3,0.3,256,NDCG@10,0.4132489609242356,0.7414638785537729,0.706548362525092,0.8936199601137851
fiqa,BGE-M3,0.5,64,HitRate@5,0.6157407407407407,1.0,0.9290123456790124,0.8152610441767069
fiqa,BGE-M3,0.5,64,HitRate@10,0.6805555555555556,1.0,0.9598765432098766,0.8743961352657006
fiqa,BGE-M3,0.5,64,Recall@5,0.40038895432413946,0.6836315990251175,0.6184248578924505,0.769784874020272
fiqa,BGE-M3,0.5,64,Recall@10,0.47334963561815413,0.7419000538213502,0.6776761904076719,0.7608498849363776
fiqa,BGE-M3,0.5,64,MRR@10,0.5037814765824025,1.0,0.8569622036057222,0.7117443431794203
fiqa,BGE-M3,0.5,64,NDCG@10,0.4132489609242356,0.7720002131341723,0.6582437778337663,0.6829099979452137
fiqa,BGE-M3,0.5,128,HitRate@5,0.6157407407407407,1.0,0.9953703703703703,0.9879518072289156
fiqa,BGE-M3,0.5,128,HitRate@10,0.6805555555555556,1.0,0.9984567901234568,0.9951690821256038
fiqa,BGE-M3,0.5,128,Recall@5,0.40038895432413946,0.6836315990251175,0.6756982086843197,0.9719908336925285
fiqa,BGE-M3,0.5,128,Recall@10,0.47334963561815413,0.7419000538213502,0.7149483832354202,0.8996401838944923
fiqa,BGE-M3,0.5,128,MRR@10,0.5037814765824025,1.0,0.9771494708994709,0.9539506728947742
fiqa,BGE-M3,0.5,128,NDCG@10,0.4132489609242356,0.7720002131341723,0.7427436206763762,0.9184488074185857
fiqa,BGE-M3,0.5,256,HitRate@5,0.6157407407407407,1.0,1.0,1.0
fiqa,BGE-M3,0.5,256,HitRate@10,0.6805555555555556,1.0,1.0,1.0
fiqa,BGE-M3,0.5,256,Recall@5,0.40038895432413946,0.6836315990251175,0.6840670046688566,1.0015372178303121
fiqa,BGE-M3,0.5,256,Recall@10,0.47334963561815413,0.7419000538213502,0.7332617528219381,0.9678335969193091
fiqa,BGE-M3,0.5,256,MRR@10,0.5037814765824025,1.0,1.0,1.0
fiqa,BGE-M3,0.5,256,NDCG@10,0.4132489609242356,0.7720002131341723,0.7662656232557312,0.9840151362730706
fiqa,BGE-M3,0.75,64,HitRate@5,0.6157407407407407,1.0,0.9922839506172839,0.9799196787148593
fiqa,BGE-M3,0.75,64,HitRate@10,0.6805555555555556,1.0,0.9969135802469136,0.9903381642512077
fiqa,BGE-M3,0.75,64,Recall@5,0.40038895432413946,0.6910279835048354,0.6706367920488291,0.9298401473694412
fiqa,BGE-M3,0.75,64,Recall@10,0.47334963561815413,0.7370947639466158,0.7107632893512523,0.9001631811656787
fiqa,BGE-M3,0.75,64,MRR@10,0.5037814765824025,1.0,0.9650781403096219,0.9296240304576674
fiqa,BGE-M3,0.75,64,NDCG@10,0.4132489609242356,0.7718231453704473,0.7338441488718658,0.8940832939291574
fiqa,BGE-M3,0.75,128,HitRate@5,0.6157407407407407,1.0,1.0,1.0
fiqa,BGE-M3,0.75,128,HitRate@10,0.6805555555555556,1.0,1.0,1.0
fiqa,BGE-M3,0.75,128,Recall@5,0.40038895432413946,0.6910279835048354,0.6804154093505945,0.9634853784635964
fiqa,BGE-M3,0.75,128,Recall@10,0.47334963561815413,0.7370947639466158,0.7272022987300766,0.9624923300792901
fiqa,BGE-M3,0.75,128,MRR@10,0.5037814765824025,1.0,1.0,1.0
fiqa,BGE-M3,0.75,128,NDCG@10,0.4132489609242356,0.7718231453704473,0.7639079504355326,0.977925920832424
fiqa,BGE-M3,0.75,256,HitRate@5,0.6157407407407407,1.0,1.0,1.0
fiqa,BGE-M3,0.75,256,HitRate@10,0.6805555555555556,1.0,1.0,1.0
fiqa,BGE-M3,0.75,256,Recall@5,0.40038895432413946,0.6910279835048354,0.6886501487195932,0.991818597825814
fiqa,BGE-M3,0.75,256,Recall@10,0.47334963561815413,0.7370947639466158,0.7343341329452441,0.9895329592668962
fiqa,BGE-M3,0.75,256,MRR@10,0.5037814765824025,1.0,1.0,1.0
fiqa,BGE-M3,0.75,256,NDCG@10,0.4132489609242356,0.7718231453704473,0.7697560663762096,0.9942352821706056
fiqa,BGE-M3,1.0,64,HitRate@5,0.6157407407407407,1.0,0.9969135802469136,0.9919678714859438
fiqa,BGE-M3,1.0,64,HitRate@10,0.6805555555555556,1.0,1.0,1.0
fiqa,BGE-M3,1.0,64,Recall@5,0.40038895432413946,0.682964711899897,0.6755560797227463,0.9737817842524426
fiqa,BGE-M3,1.0,64,Recall@10,0.47334963561815413,0.7273829908089168,0.7134695123121048,0.9452297180172899
fiqa,BGE-M3,1.0,64,MRR@10,0.5037814765824025,1.0,0.9903806584362139,0.9806147068079302
fiqa,BGE-M3,1.0,64,NDCG@10,0.4132489609242356,0.7642220465132458,0.7502039626974366,0.9600593766548118
fiqa,BGE-M3,1.0,128,HitRate@5,0.6157407407407407,1.0,1.0,1.0
fiqa,BGE-M3,1.0,128,HitRate@10,0.6805555555555556,1.0,1.0,1.0
fiqa,BGE-M3,1.0,128,Recall@5,0.40038895432413946,0.682964711899897,0.6883960089978609,1.0192206760571376
fiqa,BGE-M3,1.0,128,Recall@10,0.47334963561815413,0.7273829908089168,0.7222567727197358,0.9798206889590088
fiqa,BGE-M3,1.0,128,MRR@10,0.5037814765824025,1.0,1.0,1.0
fiqa,BGE-M3,1.0,128,NDCG@10,0.4132489609242356,0.7642220465132458,0.761981454838968,0.9936160584207828
fiqa,BGE-M3,1.0,256,HitRate@5,0.6157407407407407,1.0,1.0,1.0
fiqa,BGE-M3,1.0,256,HitRate@10,0.6805555555555556,1.0,1.0,1.0
fiqa,BGE-M3,1.0,256,Recall@5,0.40038895432413946,0.682964711899897,0.6876806877964285,1.0166892444595752
fiqa,BGE-M3,1.0,256,Recall@10,0.47334963561815413,0.7273829908089168,0.7310952679008235,1.0146133451220176
fiqa,BGE-M3,1.0,256,MRR@10,0.5037814765824025,1.0,1.0,1.0
fiqa,BGE-M3,1.0,256,NDCG@10,0.4132489609242356,0.7642220465132458,0.766298473274421,1.0059161994079704
fiqa,E5,0.0,64,HitRate@5,0.6033950617283951,0.6033950617283951,0.6033950617283951,
fiqa,E5,0.0,64,HitRate@10,0.683641975308642,0.683641975308642,0.683641975308642,
fiqa,E5,0.0,64,Recall@5,0.38963848223107483,0.38963848223107483,0.38963848223107483,
fiqa,E5,0.0,64,Recall@10,0.47050885928200736,0.47050885928200736,0.47050885928200736,
fiqa,E5,0.0,64,MRR@10,0.4776816333529297,0.4776816333529297,0.4776816333529297,
fiqa,E5,0.0,64,NDCG@10,0.3986663557596119,0.3986663557596119,0.3986663557596119,
fiqa,E5,0.0,128,HitRate@5,0.6033950617283951,0.6033950617283951,0.6033950617283951,
fiqa,E5,0.0,128,HitRate@10,0.683641975308642,0.683641975308642,0.683641975308642,
fiqa,E5,0.0,128,Recall@5,0.38963848223107483,0.38963848223107483,0.38963848223107483,
fiqa,E5,0.0,128,Recall@10,0.47050885928200736,0.47050885928200736,0.47050885928200736,
fiqa,E5,0.0,128,MRR@10,0.4776816333529297,0.4776816333529297,0.4776816333529297,
fiqa,E5,0.0,128,NDCG@10,0.3986663557596119,0.3986663557596119,0.3986663557596119,
fiqa,E5,0.0,256,HitRate@5,0.6033950617283951,0.6033950617283951,0.6033950617283951,
fiqa,E5,0.0,256,HitRate@10,0.683641975308642,0.683641975308642,0.683641975308642,
fiqa,E5,0.0,256,Recall@5,0.38963848223107483,0.38963848223107483,0.38963848223107483,
fiqa,E5,0.0,256,Recall@10,0.47050885928200736,0.47050885928200736,0.47050885928200736,
fiqa,E5,0.0,256,MRR@10,0.4776816333529297,0.4776816333529297,0.4776816333529297,
fiqa,E5,0.0,256,NDCG@10,0.3986663557596119,0.3986663557596119,0.3986663557596119,
fiqa,E5,0.01,64,HitRate@5,0.6033950617283951,0.6280864197530864,0.6111111111111112,0.3125000000000014
fiqa,E5,0.01,64,HitRate@10,0.683641975308642,0.7021604938271605,0.6929012345679012,0.499999999999997
fiqa,E5,0.01,64,Recall@5,0.38963848223107483,0.40521387905647166,0.3960317802910396,0.4104741684359532
fiqa,E5,0.01,64,Recall@10,0.47050885928200736,0.4861595794466165,0.47789054652480584,0.47165160230074543
fiqa,E5,0.01,64,MRR@10,0.4776816333529297,0.5030368165784833,0.48519988242210454,0.2965172447106504
fiqa,E5,0.01,64,NDCG@10,0.3986663557596119,0.4165896536484267,0.40511308948159874,0.35968457155476863
fiqa,E5,0.01,128,HitRate@5,0.6033950617283951,0.6280864197530864,0.6126543209876543,0.37499999999999717
fiqa,E5,0.01,128,HitRate@10,0.683641975308642,0.7021604938271605,0.6929012345679012,0.499999999999997
fiqa,E5,0.01,128,Recall@5,0.38963848223107483,0.40521387905647166,0.3962889819371301,0.4269874970511903
fiqa,E5,0.01,128,Recall@10,0.47050885928200736,0.4861595794466165,0.47789054652480584,0.47165160230074543
fiqa,E5,0.01,128,MRR@10,0.4776816333529297,0.5030368165784833,0.4901736723495983,0.4926818664863288
fiqa,E5,0.01,128,NDCG@10,0.3986663557596119,0.4165896536484267,0.4078849242940127,0.5143343926763453
fiqa,E5,0.01,256,HitRate@5,0.6033950617283951,0.6280864197530864,0.6188271604938271,0.6249999999999983
fiqa,E5,0.01,256,HitRate@10,0.683641975308642,0.7021604938271605,0.7006172839506173,0.9166666666666662
fiqa,E5,0.01,256,Recall@5,0.38963848223107483,0.40521387905647166,0.4004556486037968,0.6945034206180719
fiqa,E5,0.01,256,Recall@10,0.47050885928200736,0.4861595794466165,0.48637820084579353,1.0139687756779028
fiqa,E5,0.01,256,MRR@10,0.4776816333529297,0.5030368165784833,0.4969595091122869,0.7603130132354351
fiqa,E5,0.01,256,NDCG@10,0.3986663557596119,0.4165896536484267,0.4134507122651724,0.8248680905307495
fiqa,E5,0.02,64,HitRate@5,0.6033950617283951,0.6404320987654321,0.6203703703703703,0.4583333333333331
fiqa,E5,0.02,64,HitRate@10,0.683641975308642,0.7345679012345679,0.7006172839506173,0.3333333333333326
fiqa,E5,0.02,64,Recall@5,0.38963848223107483,0.4147732069028366,0.4012272535420684,0.4610661728876331
fiqa,E5,0.02,64,Recall@10,0.47050885928200736,0.5074730225193188,0.4856451761544354,0.40948625768294233
fiqa,E5,0.02,64,MRR@10,0.4776816333529297,0.5268904320987654,0.4987054183813443,0.4272362984718002
fiqa,E5,0.02,64,NDCG@10,0.3986663557596119,0.43413145541180553,0.41454395666614147,0.44769649774683445
fiqa,E5,0.02,128,HitRate@5,0.6033950617283951,0.6404320987654321,0.6311728395061729,0.7500000000000016
fiqa,E5,0.02,128,HitRate@10,0.683641975308642,0.7345679012345679,0.7052469135802469,0.4242424242424239
fiqa,E5,0.02,128,Recall@5,0.38963848223107483,0.4147732069028366,0.4075286938712865,0.7117727317025623
fiqa,E5,0.02,128,Recall@10,0.47050885928200736,0.5074730225193188,0.4894174669637633,0.511538907572773
fiqa,E5,0.02,128,MRR@10,0.4776816333529297,0.5268904320987654,0.5048311042524005,0.5517198466822634
fiqa,E5,0.02,128,NDCG@10,0.3986663557596119,0.43413145541180553,0.41874195912104994,0.566066458527385
fiqa,E5,0.02,256,HitRate@5,0.6033950617283951,0.6404320987654321,0.6342592592592593,0.8333333333333354
fiqa,E5,0.02,256,HitRate@10,0.683641975308642,0.7345679012345679,0.7175925925925926,0.6666666666666652
fiqa,E5,0.02,256,Recall@5,0.38963848223107483,0.4147732069028366,0.4100149764501617,0.8106909657928091
fiqa,E5,0.02,256,Recall@10,0.47050885928200736,0.5074730225193188,0.4976479196386604,0.7341992346051269
fiqa,E5,0.02,256,MRR@10,0.4776816333529297,0.5268904320987654,0.5167076964530669,0.7930708347852079
fiqa,E5,0.02,256,NDCG@10,0.3986663557596119,0.43413145541180553,0.4262909377602544,0.7789230051954421
fiqa,E5,0.05,64,HitRate@5,0.6033950617283951,0.720679012345679,0.6512345679012346,0.4078947368421053
fiqa,E5,0.05,64,HitRate@10,0.683641975308642,0.7870370370370371,0.7314814814814815,0.46268656716417894
fiqa,E5,0.05,64,Recall@5,0.38963848223107483,0.462937889442519,0.4226196942632128,0.4499519612348053
fiqa,E5,0.05,64,Recall@10,0.47050885928200736,0.5401137485628226,0.5066371171695245,0.51904770283824
fiqa,E5,0.05,64,MRR@10,0.4776816333529297,0.5955332647462277,0.5228805359592397,0.38352377537711674
fiqa,E5,0.05,64,NDCG@10,0.3986663557596119,0.4783293760596128,0.4322323613015103,0.4213498988049045
fiqa,E5,0.05,128,HitRate@5,0.6033950617283951,0.720679012345679,0.6712962962962963,0.5789473684210525
fiqa,E5,0.05,128,HitRate@10,0.683641975308642,0.7870370370370371,0.7484567901234568,0.6268656716417905
fiqa,E5,0.05,128,Recall@5,0.38963848223107483,0.462937889442519,0.43310066134140207,0.5929403901583193
fiqa,E5,0.05,128,Recall@10,0.47050885928200736,0.5401137485628226,0.5192057042751487,0.6996181661417187
fiqa,E5,0.05,128,MRR@10,0.4776816333529297,0.5955332647462277,0.5447977905153831,0.5694970563323929
fiqa,E5,0.05,128,NDCG@10,0.3986663557596119,0.4783293760596128,0.4470944319380922,0.6079116256966689
fiqa,E5,0.05,256,HitRate@5,0.6033950617283951,0.720679012345679,0.6959876543209876,0.7894736842105262
fiqa,E5,0.05,256,HitRate@10,0.683641975308642,0.7870370370370371,0.7700617283950617,0.8358208955223874
fiqa,E5,0.05,256,Recall@5,0.38963848223107483,0.462937889442519,0.4476601116647413,0.7915702410292833
fiqa,E5,0.05,256,Recall@10,0.47050885928200736,0.5401137485628226,0.5312660119373083,0.8728862768559428
fiqa,E5,0.05,256,MRR@10,0.4776816333529297,0.5955332647462277,0.5674676660787772,0.7618565111433278
fiqa,E5,0.05,256,NDCG@10,0.3986663557596119,0.4783293760596128,0.4618458368426759,0.7930841793988983
fiqa,E5,0.1,64,HitRate@5,0.6033950617283951,0.8287037037037037,0.6975308641975309,0.4178082191780821
fiqa,E5,0.1,64,HitRate@10,0.683641975308642,0.8858024691358025,0.7716049382716049,0.4351145038167936
fiqa,E5,0.1,64,Recall@5,0.38963848223107483,0.5353162698070106,0.4501806877964285,0.4155898203341091
fiqa,E5,0.1,64,Recall@10,0.47050885928200736,0.6059806405871221,0.5338808953392287,0.4677877226290572
fiqa,E5,0.1,64,MRR@10,0.4776816333529297,0.7132036302175191,0.5714812365275328,0.39826260146958625
fiqa,E5,0.1,64,NDCG@10,0.3986663557596119,0.5575798614225376,0.4644363640370466,0.4138729933813218
fiqa,E5,0.1,128,HitRate@5,0.6033950617283951,0.8287037037037037,0.7345679012345679,0.5821917808219179
fiqa,E5,0.1,128,HitRate@10,0.683641975308642,0.8858024691358025,0.7978395061728395,0.5648854961832058
fiqa,E5,0.1,128,Recall@5,0.38963848223107483,0.5353162698070106,0.4756583479963109,0.5904803141000303
fiqa,E5,0.1,128,Recall@10,0.47050885928200736,0.6059806405871221,0.5481016968285486,0.5727601482686913
fiqa,E5,0.1,128,MRR@10,0.4776816333529297,0.7132036302175191,0.6110615079365079,0.5663159974830861
fiqa,E5,0.1,128,NDCG@10,0.3986663557596119,0.5575798614225376,0.4886173693214302,0.5660375635574676
fiqa,E5,0.1,256,HitRate@5,0.6033950617283951,0.8287037037037037,0.779320987654321,0.7808219178082192
fiqa,E5,0.1,256,HitRate@10,0.683641975308642,0.8858024691358025,0.8441358024691358,0.793893129770992
fiqa,E5,0.1,256,Recall@5,0.38963848223107483,0.5353162698070106,0.504516372687669,0.7885751998856593
fiqa,E5,0.1,256,Recall@10,0.47050885928200736,0.6059806405871221,0.580457663906738,0.8115993129011847
fiqa,E5,0.1,256,MRR@10,0.4776816333529297,0.7132036302175191,0.6585029639427787,0.767747102169018
fiqa,E5,0.1,256,NDCG@10,0.3986663557596119,0.5575798614225376,0.5226573249581968,0.7802418597547299
fiqa,E5,0.2,64,HitRate@5,0.6033950617283951,0.9645061728395061,0.7824074074074074,0.49572649572649585
fiqa,E5,0.2,64,HitRate@10,0.683641975308642,0.9799382716049383,0.8503086419753086,0.5624999999999999
fiqa,E5,0.2,64,Recall@5,0.38963848223107483,0.638934239628684,0.5118766264599597,0.49033383281338244
fiqa,E5,0.2,64,Recall@10,0.47050885928200736,0.6938229637303711,0.5888871416649194,0.5300976518045428
fiqa,E5,0.2,64,MRR@10,0.4776816333529297,0.9115667254556143,0.6640505584950029,0.4295352122814272
fiqa,E5,0.2,64,NDCG@10,0.3986663557596119,0.6927030045959495,0.5273758705772452,0.4377328993749815
fiqa,E5,0.2,128,HitRate@5,0.6033950617283951,0.9645061728395061,0.8611111111111112,0.7136752136752139
fiqa,E5,0.2,128,HitRate@10,0.683641975308642,0.9799382716049383,0.8950617283950617,0.7135416666666665
fiqa,E5,0.2,128,Recall@5,0.38963848223107483,0.638934239628684,0.5579157211101655,0.6750104399518534
fiqa,E5,0.2,128,Recall@10,0.47050885928200736,0.6938229637303711,0.6178351869324091,0.659726925956294
fiqa,E5,0.2,128,MRR@10,0.4776816333529297,0.9115667254556143,0.7392085537918871,0.6027561794565267
fiqa,E5,0.2,128,NDCG@10,0.3986663557596119,0.6927030045959495,0.5752074613630063,0.6004051069894288
fiqa,E5,0.2,256,HitRate@5,0.6033950617283951,0.9645061728395061,0.9104938271604939,0.8504273504273506
fiqa,E5,0.2,256,HitRate@10,0.683641975308642,0.9799382716049383,0.9475308641975309,0.8906249999999999
fiqa,E5,0.2,256,Recall@5,0.38963848223107483,0.638934239628684,0.5918406182295071,0.8110933700164583
fiqa,E5,0.2,256,Recall@10,0.47050885928200736,0.6938229637303711,0.6635160364327031,0.8642856555230446
fiqa,E5,0.2,256,MRR@10,0.4776816333529297,0.9115667254556143,0.8298941798941799,0.8117645730448246
fiqa,E5,0.2,256,NDCG@10,0.3986663557596119,0.6927030045959495,0.6366363644551339,0.8093209116526745
fiqa,E5,0.3,64,HitRate@5,0.6033950617283951,1.0,0.8595679012345679,0.6459143968871597
fiqa,E5,0.3,64,HitRate@10,0.683641975308642,1.0,0.8996913580246914,0.6829268292682926
fiqa,E5,0.3,64,Recall@5,0.38963848223107483,0.6804399432871655,0.5562500342592935,0.5729391847728103
fiqa,E5,0.3,64,Recall@10,0.47050885928200736,0.7216650419196715,0.6264789993956661,0.6210085631802758
fiqa,E5,0.3,64,MRR@10,0.4776816333529297,0.9931841563786007,0.7482216343327454,0.5248082965567625
fiqa,E5,0.3,64,NDCG@10,0.3986663557596119,0.7561566824901218,0.5832797277376363,0.5164150137052326
fiqa,E5,0.3,128,HitRate@5,0.6033950617283951,1.0,0.9351851851851852,0.8365758754863815
fiqa,E5,0.3,128,HitRate@10,0.683641975308642,1.0,0.9660493827160493,0.8926829268292682
fiqa,E5,0.3,128,Recall@5,0.38963848223107483,0.6804399432871655,0.6179564776786999,0.7851335912084237
fiqa,E5,0.3,128,Recall@10,0.47050885928200736,0.7216650419196715,0.6850016153256894,0.8540214052907652
fiqa,E5,0.3,128,MRR@10,0.4776816333529297,0.9931841563786007,0.8519535077405447,0.7260330603056564
fiqa,E5,0.3,128,NDCG@10,0.3986663557596119,0.7561566824901218,0.6572159225969413,0.7232351409391675
fiqa,E5,0.3,256,HitRate@5,0.6033950617283951,1.0,0.9845679012345679,0.9610894941634243
fiqa,E5,0.3,256,HitRate@10,0.683641975308642,1.0,0.9953703703703703,0.9853658536585366
fiqa,E5,0.3,256,Recall@5,0.38963848223107483,0.6804399432871655,0.6639080012922606,0.9431504163188636
fiqa,E5,0.3,256,Recall@10,0.47050885928200736,0.7216650419196715,0.7159912960838887,0.9774094916708931
fiqa,E5,0.3,256,MRR@10,0.4776816333529297,0.9931841563786007,0.9541813639035862,0.924340249110532
fiqa,E5,0.3,256,NDCG@10,0.3986663557596119,0.7561566824901218,0.727376272686406,0.9194931788310693
fiqa,E5,0.5,64,HitRate@5,0.6033950617283951,1.0,0.9598765432098766,0.8988326848249029
fiqa,E5,0.5,64,HitRate@10,0.683641975308642,1.0,0.9783950617283951,0.9317073170731708
fiqa,E5,0.5,64,Recall@5,0.38963848223107483,0.6932657320388802,0.6379177749548121,0.8177108374854262
fiqa,E5,0.5,64,Recall@10,0.47050885928200736,0.7434266565053602,0.6963465075733594,0.8274932986745785
fiqa,E5,0.5,64,MRR@10,0.4776816333529297,1.0,0.8849402312365277,0.7797133393909197
fiqa,E5,0.5,64,NDCG@10,0.3986663557596119,0.773625654715276,0.6803267146768717,0.751175820153653
fiqa,E5,0.5,128,HitRate@5,0.6033950617283951,1.0,0.9969135802469136,0.9922178988326847
fiqa,E5,0.5,128,HitRate@10,0.683641975308642,1.0,0.9984567901234568,0.9951219512195122
fiqa,E5,0.5,128,Recall@5,0.38963848223107483,0.6932657320388802,0.6756621165185981,0.9420222805053725
fiqa,E5,0.5,128,Recall@10,0.47050885928200736,0.7434266565053602,0.7284024060644431,0.9449495394079358
fiqa,E5,0.5,128,MRR@10,0.4776816333529297,1.0,0.986331569664903,0.9738312278336313
fiqa,E5,0.5,128,NDCG@10,0.3986663557596119,0.773625654715276,0.7541797181254563,0.9481385402522873
fiqa,E5,0.5,256,HitRate@5,0.6033950617283951,1.0,1.0,1.0
fiqa,E5,0.5,256,HitRate@10,0.683641975308642,1.0,1.0,1.0
fiqa,E5,0.5,256,Recall@5,0.38963848223107483,0.6932657320388802,0.6897138997833442,0.9883019977364209
fiqa,E5,0.5,256,Recall@10,0.47050885928200736,0.7434266565053602,0.73808543565488,0.9804291955130029
fiqa,E5,0.5,256,MRR@10,0.4776816333529297,1.0,1.0,1.0
fiqa,E5,0.5,256,NDCG@10,0.3986663557596119,0.773625654715276,0.7704173329971039,0.9914435467339845
fiqa,E5,0.75,64,HitRate@5,0.6033950617283951,1.0,0.9953703703703703,0.9883268482490272
fiqa,E5,0.75,64,HitRate@10,0.683641975308642,1.0,0.9969135802469136,0.9902439024390244
fiqa,E5,0.75,64,Recall@5,0.38963848223107483,0.69570603008103,0.6711249570045867,0.9196874243966113
fiqa,E5,0.75,64,Recall@10,0.47050885928200736,0.7406795921842217,0.717953895384451,0.915883942884383
fiqa,E5,0.75,64,MRR@10,0.4776816333529297,1.0,0.9728137860082304,0.9479508749303865
fiqa,E5,0.75,64,NDCG@10,0.3986663557596119,0.774785777820131,0.7403671998042743,0.9084902932496833
fiqa,E5,0.75,128,HitRate@5,0.6033950617283951,1.0,1.0,1.0
fiqa,E5,0.75,128,HitRate@10,0.683641975308642,1.0,1.0,1.0
fiqa,E5,0.75,128,Recall@5,0.38963848223107483,0.69570603008103,0.6865067459974867,0.9699436149040763
fiqa,E5,0.75,128,Recall@10,0.47050885928200736,0.7406795921842217,0.7358631851687407,0.9821727284678748
fiqa,E5,0.75,128,MRR@10,0.4776816333529297,1.0,1.0,1.0
fiqa,E5,0.75,128,NDCG@10,0.3986663557596119,0.774785777820131,0.7695487972442441,0.986076282508367
fiqa,E5,0.75,256,HitRate@5,0.6033950617283951,1.0,1.0,1.0
fiqa,E5,0.75,256,HitRate@10,0.683641975308642,1.0,1.0,1.0
fiqa,E5,0.75,256,Recall@5,0.38963848223107483,0.69570603008103,0.7005811318311318,1.015928189003859
fiqa,E5,0.75,256,Recall@10,0.47050885928200736,0.7406795921842217,0.7449166831111276,1.0156830122988911
fiqa,E5,0.75,256,MRR@10,0.4776816333529297,1.0,1.0,1.0
fiqa,E5,0.75,256,NDCG@10,0.3986663557596119,0.774785777820131,0.7763190120052164,1.004076455761539
fiqa,E5,1.0,64,HitRate@5,0.6033950617283951,1.0,0.9984567901234568,0.9961089494163424
fiqa,E5,1.0,64,HitRate@10,0.683641975308642,1.0,0.9984567901234568,0.9951219512195122
fiqa,E5,1.0,64,Recall@5,0.38963848223107483,0.6930047061991507,0.6742357779394816,0.9381311208144116
fiqa,E5,1.0,64,Recall@10,0.47050885928200736,0.725066227496783,0.7187727481708963,0.9752767740724885
fiqa,E5,1.0,64,MRR@10,0.4776816333529297,1.0,0.9933127572016462,0.9871969985637662
fiqa,E5,1.0,64,NDCG@10,0.3986663557596119,0.7666718659456228,0.7537389332975569,0.9648566874948997
fiqa,E5,1.0,128,HitRate@5,0.6033950617283951,1.0,1.0,1.0
fiqa,E5,1.0,128,HitRate@10,0.683641975308642,1.0,1.0,1.0
fiqa,E5,1.0,128,Recall@5,0.38963848223107483,0.6930047061991507,0.685953762458392,0.9767576507083378
fiqa,E5,1.0,128,Recall@10,0.47050885928200736,0.725066227496783,0.7278097117217488,1.010777469315487
fiqa,E5,1.0,128,MRR@10,0.4776816333529297,1.0,1.0,1.0
fiqa,E5,1.0,128,NDCG@10,0.3986663557596119,0.7666718659456228,0.7651309443556567,0.995812775767441
fiqa,E5,1.0,256,HitRate@5,0.6033950617283951,1.0,1.0,1.0
fiqa,E5,1.0,256,HitRate@10,0.683641975308642,1.0,1.0,1.0
fiqa,E5,1.0,256,Recall@5,0.38963848223107483,0.6930047061991507,0.6938663317135538,1.0028402157073815
fiqa,E5,1.0,256,Recall@10,0.47050885928200736,0.725066227496783,0.7322739974360344,1.0283149138043024
fiqa,E5,1.0,256,MRR@10,0.4776816333529297,1.0,1.0,1.0
fiqa,E5,1.0,256,NDCG@10,0.3986663557596119,0.7666718659456228,0.7703112009882566,1.0098893493219552
fiqa,Qwen3,0.0,64,HitRate@5,0.6759259259259259,0.6759259259259259,0.6759259259259259,
fiqa,Qwen3,0.0,64,HitRate@10,0.75,0.75,0.75,
fiqa,Qwen3,0.0,64,Recall@5,0.45208036133962054,0.45208036133962054,0.45208036133962054,
fiqa,Qwen3,0.0,64,Recall@10,0.5453282785458712,0.5453282785458712,0.5453282785458712,
fiqa,Qwen3,0.0,64,MRR@10,0.550733024691358,0.550733024691358,0.550733024691358,
fiqa,Qwen3,0.0,64,NDCG@10,0.46796898407580273,0.46796898407580273,0.46796898407580273,
fiqa,Qwen3,0.0,128,HitRate@5,0.6759259259259259,0.6759259259259259,0.6759259259259259,
fiqa,Qwen3,0.0,128,HitRate@10,0.75,0.75,0.75,
fiqa,Qwen3,0.0,128,Recall@5,0.45208036133962054,0.45208036133962054,0.45208036133962054,
fiqa,Qwen3,0.0,128,Recall@10,0.5453282785458712,0.5453282785458712,0.5453282785458712,
fiqa,Qwen3,0.0,128,MRR@10,0.550733024691358,0.550733024691358,0.550733024691358,
fiqa,Qwen3,0.0,128,NDCG@10,0.46796898407580273,0.46796898407580273,0.46796898407580273,
fiqa,Qwen3,0.0,256,HitRate@5,0.6759259259259259,0.6759259259259259,0.6759259259259259,
fiqa,Qwen3,0.0,256,HitRate@10,0.75,0.75,0.75,
fiqa,Qwen3,0.0,256,Recall@5,0.45208036133962054,0.45208036133962054,0.45208036133962054,
fiqa,Qwen3,0.0,256,Recall@10,0.5453282785458712,0.5453282785458712,0.5453282785458712,
fiqa,Qwen3,0.0,256,MRR@10,0.550733024691358,0.550733024691358,0.550733024691358,
fiqa,Qwen3,0.0,256,NDCG@10,0.46796898407580273,0.46796898407580273,0.46796898407580273,
fiqa,Qwen3,0.01,64,HitRate@5,0.6759259259259259,0.6882716049382716,0.6820987654320988,0.5000000000000046
fiqa,Qwen3,0.01,64,HitRate@10,0.75,0.7731481481481481,0.7654320987654321,0.6666666666666651
fiqa,Qwen3,0.01,64,Recall@5,0.45208036133962054,0.46185402389106084,0.4561588445847705,0.4172932330827148
fiqa,Qwen3,0.01,64,Recall@10,0.5453282785458712,0.5594357888339371,0.5548318793689164,0.673655423883314
fiqa,Qwen3,0.01,64,MRR@10,0.550733024691358,0.5646800901430531,0.5574472124240643,0.4814050493962681
fiqa,Qwen3,0.01,64,NDCG@10,0.46796898407580273,0.4790799217800114,0.47436790834950654,0.5759121726764772
fiqa,Qwen3,0.01,128,HitRate@5,0.6759259259259259,0.6882716049382716,0.6820987654320988,0.5000000000000046
fiqa,Qwen3,0.01,128,HitRate@10,0.75,0.7731481481481481,0.7700617283950617,0.866666666666666
fiqa,Qwen3,0.01,128,Recall@5,0.45208036133962054,0.46185402389106084,0.45696719261534074,0.5000000000000057
fiqa,Qwen3,0.01,128,Recall@10,0.5453282785458712,0.5594357888339371,0.5577639781343485,0.8814949863263399
fiqa,Qwen3,0.01,128,MRR@10,0.550733024691358,0.5646800901430531,0.5597314079952969,0.6451811196487375
fiqa,Qwen3,0.01,128,NDCG@10,0.46796898407580273,0.4790799217800114,0.47623737369777586,0.7441666799050785
fiqa,Qwen3,0.01,256,HitRate@5,0.6759259259259259,0.6882716049382716,0.683641975308642,0.6250000000000057
fiqa,Qwen3,0.01,256,HitRate@10,0.75,0.7731481481481481,0.7716049382716049,0.933333333333333
fiqa,Qwen3,0.01,256,Recall@5,0.45208036133962054,0.46185402389106084,0.45773879755361235,0.5789473684210589
fiqa,Qwen3,0.01,256,Recall@10,0.5453282785458712,0.5594357888339371,0.5588356516597258,0.9574597386812514
fiqa,Qwen3,0.01,256,MRR@10,0.550733024691358,0.5646800901430531,0.5615103860474231,0.7727332601536793
fiqa,Qwen3,0.01,256,NDCG@10,0.46796898407580273,0.4790799217800114,0.47761439364016595,0.8681004089069513
fiqa,Qwen3,0.02,64,HitRate@5,0.6759259259259259,0.7052469135802469,0.6851851851851852,0.31578947368421173
fiqa,Qwen3,0.02,64,HitRate@10,0.75,0.7839506172839507,0.7716049382716049,0.6363636363636351
fiqa,Qwen3,0.02,64,Recall@5,0.45208036133962054,0.4756657522861226,0.4579592561074042,0.2492600093472493
fiqa,Qwen3,0.02,64,Recall@10,0.5453282785458712,0.5686583050008975,0.5590499863648012,0.5881565477596672
fiqa,Qwen3,0.02,64,MRR@10,0.550733024691358,0.5827766754850089,0.5624503968253969,0.3656690746474045
fiqa,Qwen3,0.02,64,NDCG@10,0.46796898407580273,0.4905779707272237,0.47799781958057735,0.44357739952685205
fiqa,Qwen3,0.02,128,HitRate@5,0.6759259259259259,0.7052469135802469,0.6929012345679012,0.578947368421051
fiqa,Qwen3,0.02,128,HitRate@10,0.75,0.7839506172839507,0.7762345679012346,0.7727272727272719
fiqa,Qwen3,0.02,128,Recall@5,0.45208036133962054,0.4756657522861226,0.46519764529023794,0.5561613958560566
fiqa,Qwen3,0.02,128,Recall@10,0.5453282785458712,0.5686583050008975,0.5629080110561592,0.7535238995196474
fiqa,Qwen3,0.02,128,MRR@10,0.550733024691358,0.5827766754850089,0.5680041152263375,0.5389863547758306
fiqa,Qwen3,0.02,128,NDCG@10,0.46796898407580273,0.4905779707272237,0.4814826923546658,0.5977140190851377
fiqa,Qwen3,0.02,256,HitRate@5,0.6759259259259259,0.7052469135802469,0.7021604938271605,0.8947368421052627
fiqa,Qwen3,0.02,256,HitRate@10,0.75,0.7839506172839507,0.779320987654321,0.8636363636363632
fiqa,Qwen3,0.02,256,Recall@5,0.45208036133962054,0.4756657522861226,0.47180772759476464,0.8364231188658687
fiqa,Qwen3,0.02,256,Recall@10,0.5453282785458712,0.5686583050008975,0.5667721595962336,0.9191537391395647
fiqa,Qwen3,0.02,256,MRR@10,0.550733024691358,0.5827766754850089,0.5739179159318049,0.7235408783396398
fiqa,Qwen3,0.02,256,NDCG@10,0.46796898407580273,0.4905779707272237,0.48566707081393384,0.7827899149570594
fiqa,Qwen3,0.05,64,HitRate@5,0.6759259259259259,0.7484567901234568,0.7129629629629629,0.5106382978723397
fiqa,Qwen3,0.05,64,HitRate@10,0.75,0.8225308641975309,0.7854938271604939,0.4893617021276603
fiqa,Qwen3,0.05,64,Recall@5,0.45208036133962054,0.5020032008457933,0.4785868281238651,0.5309487009641577
fiqa,Qwen3,0.05,64,Recall@10,0.5453282785458712,0.598456952855101,0.5681267549323105,0.4291181115068513
fiqa,Qwen3,0.05,64,MRR@10,0.550733024691358,0.632543969233784,0.5825029394473838,0.3883333083821131
fiqa,Qwen3,0.05,64,NDCG@10,0.46796898407580273,0.523948609709644,0.4897848266278137,0.38971040454444705
fiqa,Qwen3,0.05,128,HitRate@5,0.6759259259259259,0.7484567901234568,0.7145061728395061,0.5319148936170207
fiqa,Qwen3,0.05,128,HitRate@10,0.75,0.8225308641975309,0.7916666666666666,0.5744680851063826
fiqa,Qwen3,0.05,128,Recall@5,0.45208036133962054,0.5020032008457933,0.4797214830779646,0.5536768743878506
fiqa,Qwen3,0.05,128,Recall@10,0.5453282785458712,0.598456952855101,0.5742628513461846,0.5446131147918878
fiqa,Qwen3,0.05,128,MRR@10,0.550733024691358,0.632543969233784,0.5959184548304919,0.5523152237375939
fiqa,Qwen3,0.05,128,NDCG@10,0.46796898407580273,0.523948609709644,0.4976098866049569,0.5294944757764768
fiqa,Qwen3,0.05,256,HitRate@5,0.6759259259259259,0.7484567901234568,0.7253086419753086,0.6808510638297873
fiqa,Qwen3,0.05,256,HitRate@10,0.75,0.8225308641975309,0.8024691358024691,0.7234042553191492
fiqa,Qwen3,0.05,256,Recall@5,0.45208036133962054,0.5020032008457933,0.48658396216266586,0.6911385883565193
fiqa,Qwen3,0.05,256,Recall@10,0.5453282785458712,0.598456952855101,0.5832649089593533,0.7140518920663446
fiqa,Qwen3,0.05,256,MRR@10,0.550733024691358,0.632543969233784,0.6145037233000196,0.779488599787416
fiqa,Qwen3,0.05,256,NDCG@10,0.46796898407580273,0.523948609709644,0.5104926701215814,0.7596279104101746
fiqa,Qwen3,0.1,64,HitRate@5,0.6759259259259259,0.8271604938271605,0.7345679012345679,0.3877551020408166
fiqa,Qwen3,0.1,64,HitRate@10,0.75,0.8827160493827161,0.8117283950617284,0.4651162790697677
fiqa,Qwen3,0.1,64,Recall@5,0.45208036133962054,0.5578306552843589,0.4921186024195284,0.3786111563985864
fiqa,Qwen3,0.1,64,Recall@10,0.5453282785458712,0.6394163149950186,0.5903808211678582,0.47883391260202274
fiqa,Qwen3,0.1,64,MRR@10,0.550733024691358,0.715625,0.6153396286498138,0.39181169270078986
fiqa,Qwen3,0.1,64,NDCG@10,0.46796898407580273,0.5805124366479828,0.513156683049981,0.4015133527665412
fiqa,Qwen3,0.1,128,HitRate@5,0.6759259259259259,0.8271604938271605,0.7685185185185185,0.6122448979591835
fiqa,Qwen3,0.1,128,HitRate@10,0.75,0.8827160493827161,0.8425925925925926,0.6976744186046507
fiqa,Qwen3,0.1,128,Recall@5,0.45208036133962054,0.5578306552843589,0.5167456600326971,0.6114904865122027
fiqa,Qwen3,0.1,128,Recall@10,0.5453282785458712,0.6394163149950186,0.6126802038839076,0.7158394189088932
fiqa,Qwen3,0.1,128,MRR@10,0.550733024691358,0.715625,0.6455577601410935,0.5750718630924528
fiqa,Qwen3,0.1,128,NDCG@10,0.46796898407580273,0.5805124366479828,0.536203733371302,0.6062969256406695
fiqa,Qwen3,0.1,256,HitRate@5,0.6759259259259259,0.8271604938271605,0.8009259259259259,0.8265306122448979
fiqa,Qwen3,0.1,256,HitRate@10,0.75,0.8827160493827161,0.8549382716049383,0.7906976744186046
fiqa,Qwen3,0.1,256,Recall@5,0.45208036133962054,0.5578306552843589,0.5380628716276865,0.8130711233105186
fiqa,Qwen3,0.1,256,Recall@10,0.5453282785458712,0.6394163149950186,0.6209620968880227,0.8038622251728041
fiqa,Qwen3,0.1,256,MRR@10,0.550733024691358,0.715625,0.6731475357632765,0.7423921682227719
fiqa,Qwen3,0.1,256,NDCG@10,0.46796898407580273,0.5805124366479828,0.5527136359498237,0.7529949538350065
fiqa,Qwen3,0.2,64,HitRate@5,0.6759259259259259,0.9475308641975309,0.8040123456790124,0.47159090909090917
fiqa,Qwen3,0.2,64,HitRate@10,0.75,0.9753086419753086,0.8611111111111112,0.49315068493150704
fiqa,Qwen3,0.2,64,Recall@5,0.45208036133962054,0.644397993124845,0.5384295959527441,0.44899281366752797
fiqa,Qwen3,0.2,64,Recall@10,0.5453282785458712,0.7162075407445777,0.6279665550498884,0.4836062342539934
fiqa,Qwen3,0.2,64,MRR@10,0.550733024691358,0.8690335341955712,0.6793987605330197,0.4042272380967039
fiqa,Qwen3,0.2,64,NDCG@10,0.46796898407580273,0.6872896522996998,0.5578656460575514,0.40988686889270365
fiqa,Qwen3,0.2,128,HitRate@5,0.6759259259259259,0.9475308641975309,0.8611111111111112,0.681818181818182
fiqa,Qwen3,0.2,128,HitRate@10,0.75,0.9753086419753086,0.9104938271604939,0.7123287671232879
fiqa,Qwen3,0.2,128,Recall@5,0.45208036133962054,0.644397993124845,0.581637635341339,0.673663006345694
fiqa,Qwen3,0.2,128,Recall@10,0.5453282785458712,0.7162075407445777,0.6610188037271371,0.6770308093133937
fiqa,Qwen3,0.2,128,MRR@10,0.550733024691358,0.8690335341955712,0.740625,0.596580808508346
fiqa,Qwen3,0.2,128,NDCG@10,0.46796898407580273,0.6872896522996998,0.6019288035685738,0.6107943249380218
fiqa,Qwen3,0.2,256,HitRate@5,0.6759259259259259,0.9475308641975309,0.9089506172839507,0.8579545454545456
fiqa,Qwen3,0.2,256,HitRate@10,0.75,0.9753086419753086,0.9444444444444444,0.8630136986301369
fiqa,Qwen3,0.2,256,Recall@5,0.45208036133962054,0.644397993124845,0.616925183013146,0.8571487707254011
fiqa,Qwen3,0.2,256,Recall@10,0.5453282785458712,0.7162075407445777,0.6921420400587067,0.8591666397887037
fiqa,Qwen3,0.2,256,MRR@10,0.550733024691358,0.8690335341955712,0.8070565108759552,0.8052877030698073
fiqa,Qwen3,0.2,256,NDCG@10,0.46796898407580273,0.6872896522996998,0.6474328144101076,0.8182714004459272
fiqa,Qwen3,0.3,64,HitRate@5,0.6759259259259259,0.9969135802469136,0.8626543209876543,0.581730769230769
fiqa,Qwen3,0.3,64,HitRate@10,0.75,0.9969135802469136,0.9074074074074074,0.6375000000000002
fiqa,Qwen3,0.3,64,Recall@5,0.45208036133962054,0.6863487121588974,0.5817533760820797,0.5535234029222054
fiqa,Qwen3,0.3,64,Recall@10,0.5453282785458712,0.7401364796040723,0.657351843115732,0.5750454239675084
fiqa,Qwen3,0.3,64,MRR@10,0.550733024691358,0.972608024691358,0.7503074172055654,0.47306522670034346
fiqa,Qwen3,0.3,64,NDCG@10,0.46796898407580273,0.7556805268491565,0.6048948653666832,0.4759137571298088
fiqa,Qwen3,0.3,128,HitRate@5,0.6759259259259259,0.9969135802469136,0.9351851851851852,0.8076923076923078
fiqa,Qwen3,0.3,128,HitRate@10,0.75,0.9969135802469136,0.9660493827160493,0.8749999999999999
fiqa,Qwen3,0.3,128,Recall@5,0.45208036133962054,0.6863487121588974,0.636196228325858,0.7859186541517559
fiqa,Qwen3,0.3,128,Recall@10,0.5453282785458712,0.7401364796040723,0.7065416579305469,0.8275492433530119
fiqa,Qwen3,0.3,128,MRR@10,0.550733024691358,0.972608024691358,0.83618520968058,0.6766274014559336
fiqa,Qwen3,0.3,128,NDCG@10,0.46796898407580273,0.7556805268491565,0.6668863811524333,0.6913778820244577
fiqa,Qwen3,0.3,256,HitRate@5,0.6759259259259259,0.9969135802469136,0.9799382716049383,0.9471153846153847
fiqa,Qwen3,0.3,256,HitRate@10,0.75,0.9969135802469136,0.9922839506172839,0.98125
fiqa,Qwen3,0.3,256,Recall@5,0.45208036133962054,0.6863487121588974,0.6722382341595304,0.9397678860587861
fiqa,Qwen3,0.3,256,Recall@10,0.5453282785458712,0.7401364796040723,0.7352625084106565,0.9749806673079459
fiqa,Qwen3,0.3,256,MRR@10,0.550733024691358,0.972608024691358,0.916082451499118,0.8660134561369127
fiqa,Qwen3,0.3,256,NDCG@10,0.46796898407580273,0.7556805268491565,0.7199596767681892,0.8758449183628804
fiqa,Qwen3,0.5,64,HitRate@5,0.6759259259259259,1.0,0.9675925925925926,0.8999999999999999
fiqa,Qwen3,0.5,64,HitRate@10,0.75,1.0,0.9876543209876543,0.9506172839506171
fiqa,Qwen3,0.5,64,Recall@5,0.45208036133962054,0.6993270789567086,0.660760822682119,0.8440171151864699
fiqa,Qwen3,0.5,64,Recall@10,0.5453282785458712,0.7567339467802431,0.7251012062354655,0.8503694777487781
fiqa,Qwen3,0.5,64,MRR@10,0.550733024691358,1.0,0.8783013668430335,0.7291173403668036
fiqa,Qwen3,0.5,64,NDCG@10,0.46796898407580273,0.7810174833489141,0.6954663042691349,0.7267158945708851
fiqa,Qwen3,0.5,128,HitRate@5,0.6759259259259259,1.0,0.9938271604938271,0.9809523809523809
fiqa,Qwen3,0.5,128,HitRate@10,0.75,1.0,0.9984567901234568,0.9938271604938271
fiqa,Qwen3,0.5,128,Recall@5,0.45208036133962054,0.6993270789567086,0.6855918044575452,0.9444470906164453
fiqa,Qwen3,0.5,128,Recall@10,0.5453282785458712,0.7567339467802431,0.7416607055495944,0.9286999191812684
fiqa,Qwen3,0.5,128,MRR@10,0.550733024691358,1.0,0.973341049382716,0.9406612279948475
fiqa,Qwen3,0.5,128,NDCG@10,0.46796898407580273,0.7810174833489141,0.7578383022519515,0.9259565813259482
fiqa,Qwen3,0.5,256,HitRate@5,0.6759259259259259,1.0,0.9984567901234568,0.9952380952380953
fiqa,Qwen3,0.5,256,HitRate@10,0.75,1.0,0.9984567901234568,0.9938271604938271
fiqa,Qwen3,0.5,256,Recall@5,0.45208036133962054,0.6993270789567086,0.6917249331601184,0.9692527938495681
fiqa,Qwen3,0.5,256,Recall@10,0.5453282785458712,0.7567339467802431,0.7465536606740311,0.9518447816880398
fiqa,Qwen3,0.5,256,MRR@10,0.550733024691358,1.0,0.9969135802469136,0.9931300987548304
fiqa,Qwen3,0.5,256,NDCG@10,0.46796898407580273,0.7810174833489141,0.7741733653470384,0.9781371959368357
fiqa,Qwen3,0.75,64,HitRate@5,0.6759259259259259,1.0,0.9922839506172839,0.976190476190476
fiqa,Qwen3,0.75,64,HitRate@10,0.75,1.0,0.9984567901234568,0.9938271604938271
fiqa,Qwen3,0.75,64,Recall@5,0.45208036133962054,0.6975272798189465,0.6824889445259816,0.9387308042564343
fiqa,Qwen3,0.75,64,Recall@10,0.5453282785458712,0.7525084911658986,0.7394034549127142,0.9367457148177598
fiqa,Qwen3,0.75,64,MRR@10,0.550733024691358,1.0,0.9687389770723106,0.9304177145310684
fiqa,Qwen3,0.75,64,NDCG@10,0.46796898407580273,0.7800398602736227,0.7527147696323522,0.9124394721667353
fiqa,Qwen3,0.75,128,HitRate@5,0.6759259259259259,1.0,1.0,1.0
fiqa,Qwen3,0.75,128,HitRate@10,0.75,1.0,1.0,1.0
fiqa,Qwen3,0.75,128,Recall@5,0.45208036133962054,0.6975272798189465,0.6953581183905257,0.9911624010524971
fiqa,Qwen3,0.75,128,Recall@10,0.5453282785458712,0.7525084911658986,0.7509732422926867,0.9925897900489775
fiqa,Qwen3,0.75,128,MRR@10,0.550733024691358,1.0,0.9979938271604939,0.9955345641906399
fiqa,Qwen3,0.75,128,NDCG@10,0.46796898407580273,0.7800398602736227,0.7770438164736374,0.9903994764378906
fiqa,Qwen3,0.75,256,HitRate@5,0.6759259259259259,1.0,1.0,1.0
fiqa,Qwen3,0.75,256,HitRate@10,0.75,1.0,1.0,1.0
fiqa,Qwen3,0.75,256,Recall@5,0.45208036133962054,0.6975272798189465,0.6962131018843981,0.9946457753770535
fiqa,Qwen3,0.75,256,Recall@10,0.5453282785458712,0.7525084911658986,0.7507442103506918,0.9914843179621479
fiqa,Qwen3,0.75,256,MRR@10,0.550733024691358,1.0,1.0,1.0
fiqa,Qwen3,0.75,256,NDCG@10,0.46796898407580273,0.7800398602736227,0.7785960400306885,0.9953734220234669
fiqa,Qwen3,1.0,64,HitRate@5,0.6759259259259259,1.0,0.9984567901234568,0.9952380952380953
fiqa,Qwen3,1.0,64,HitRate@10,0.75,1.0,0.9984567901234568,0.9938271604938271
fiqa,Qwen3,1.0,64,Recall@5,0.45208036133962054,0.6959657926093111,0.6895919966521818,0.9738656141781545
fiqa,Qwen3,1.0,64,Recall@10,0.5453282785458712,0.7424023978422127,0.7378173780951558,0.9767345414840474
fiqa,Qwen3,1.0,64,MRR@10,0.550733024691358,1.0,0.9920267489711933,0.9822527551166448
fiqa,Qwen3,1.0,64,NDCG@10,0.46796898407580273,0.7738768736216637,0.7666695910754879,0.9764396970706594
fiqa,Qwen3,1.0,128,HitRate@5,0.6759259259259259,1.0,1.0,1.0
fiqa,Qwen3,1.0,128,HitRate@10,0.75,1.0,1.0,1.0
fiqa,Qwen3,1.0,128,Recall@5,0.45208036133962054,0.6959657926093111,0.6936140462760833,0.9903571676217622
fiqa,Qwen3,1.0,128,Recall@10,0.5453282785458712,0.7424023978422127,0.7447067079011525,1.0116926061482214
fiqa,Qwen3,1.0,128,MRR@10,0.550733024691358,1.0,1.0,1.0
fiqa,Qwen3,1.0,128,NDCG@10,0.46796898407580273,0.7738768736216637,0.775194076372642,1.0043058802861666
fiqa,Qwen3,1.0,256,HitRate@5,0.6759259259259259,1.0,1.0,1.0
fiqa,Qwen3,1.0,256,HitRate@10,0.75,1.0,1.0,1.0
fiqa,Qwen3,1.0,256,Recall@5,0.45208036133962054,0.6959657926093111,0.6952994236559051,0.9972676967626282
fiqa,Qwen3,1.0,256,Recall@10,0.5453282785458712,0.7424023978422127,0.7396422850126555,0.985994544390647
fiqa,Qwen3,1.0,256,MRR@10,0.550733024691358,1.0,1.0,1.0
fiqa,Qwen3,1.0,256,NDCG@10,0.46796898407580273,0.7738768736216637,0.7733591443397492,0.9983075647944775
