model,heldout_corpus,method,scope,lambda,dev_HitRate@10,dev_NDCG@10,min_HitRate@10_gain
text-embedding-3-small-aiberm,fiqa,q_only,arguana,0.0,0.8341232227488151,0.40776662338134156,
text-embedding-3-small-aiberm,fiqa,q_only,scifact,0.0,0.8666666666666667,0.6844058347304255,
text-embedding-3-small-aiberm,fiqa,q_only,nfcorpus,0.0,0.7916666666666666,0.3383513447394919,
text-embedding-3-small-aiberm,fiqa,q_only,arguana,0.05,0.8388625592417062,0.40978050677664624,
text-embedding-3-small-aiberm,fiqa,q_only,scifact,0.05,0.8666666666666667,0.6841175520792422,
text-embedding-3-small-aiberm,fiqa,q_only,nfcorpus,0.05,0.7916666666666666,0.342717782418039,
text-embedding-3-small-aiberm,fiqa,q_only,arguana,0.1,0.8436018957345972,0.4125056266893232,
text-embedding-3-small-aiberm,fiqa,q_only,scifact,0.1,0.8666666666666667,0.6841175520792422,
text-embedding-3-small-aiberm,fiqa,q_only,nfcorpus,0.1,0.7916666666666666,0.3457908418269839,
text-embedding-3-small-aiberm,fiqa,q_only,arguana,0.2,0.8388625592417062,0.41311185651666704,
text-embedding-3-small-aiberm,fiqa,q_only,scifact,0.2,0.8666666666666667,0.6790048943935947,
text-embedding-3-small-aiberm,fiqa,q_only,nfcorpus,0.2,0.7916666666666666,0.34243402214910423,
text-embedding-3-small-aiberm,fiqa,q_only,arguana,0.3,0.8483412322274881,0.41621664674276,
text-embedding-3-small-aiberm,fiqa,q_only,scifact,0.3,0.8666666666666667,0.6790073175278347,
text-embedding-3-small-aiberm,fiqa,q_only,nfcorpus,0.3,0.7916666666666666,0.34002422799862897,
text-embedding-3-small-aiberm,fiqa,q_only,arguana,0.5,0.8578199052132701,0.4234466602847793,
text-embedding-3-small-aiberm,fiqa,q_only,scifact,0.5,0.8666666666666667,0.6742913538646311,
text-embedding-3-small-aiberm,fiqa,q_only,nfcorpus,0.5,0.8125,0.33722982816693786,
text-embedding-3-small-aiberm,fiqa,q_only,arguana,0.75,0.8767772511848341,0.43300436169956963,
text-embedding-3-small-aiberm,fiqa,q_only,scifact,0.75,0.8888888888888888,0.6838365477261144,
text-embedding-3-small-aiberm,fiqa,q_only,nfcorpus,0.75,0.8125,0.33798818863969843,
text-embedding-3-small-aiberm,fiqa,q_only,arguana,1.0,0.8815165876777251,0.4399327326715492,
text-embedding-3-small-aiberm,fiqa,q_only,scifact,1.0,0.8888888888888888,0.6894552502404815,
text-embedding-3-small-aiberm,fiqa,q_only,nfcorpus,1.0,0.8125,0.33173922251535987,
text-embedding-3-small-aiberm,fiqa,q_only,macro,0.0,0.8308188520273828,0.47684126761708634,0.0
text-embedding-3-small-aiberm,fiqa,q_only,macro,0.05,0.8323986308583464,0.47887194709130915,0.0
text-embedding-3-small-aiberm,fiqa,q_only,macro,0.1,0.8339784096893101,0.4808046735318498,0.0
text-embedding-3-small-aiberm,fiqa,q_only,macro,0.2,0.8323986308583464,0.4781835910197887,0.0
text-embedding-3-small-aiberm,fiqa,q_only,macro,0.3,0.8355581885202739,0.47841606408974124,0.0
text-embedding-3-small-aiberm,fiqa,q_only,macro,0.5,0.8456621906266456,0.47832261410544946,0.0
text-embedding-3-small-aiberm,fiqa,q_only,macro,0.75,0.8593887133579076,0.4849430326884608,0.02083333333333337
text-embedding-3-small-aiberm,fiqa,q_only,macro,1.0,0.8609684921888713,0.4870424018091302,0.02083333333333337
text-embedding-3-small-aiberm,fiqa,reference_geometry,arguana,0.0,0.8341232227488151,0.40776662338134156,
text-embedding-3-small-aiberm,fiqa,reference_geometry,scifact,0.0,0.8666666666666667,0.6844058347304255,
text-embedding-3-small-aiberm,fiqa,reference_geometry,nfcorpus,0.0,0.7916666666666666,0.3383513447394919,
text-embedding-3-small-aiberm,fiqa,reference_geometry,arguana,0.05,0.8388625592417062,0.40978050677664624,
text-embedding-3-small-aiberm,fiqa,reference_geometry,scifact,0.05,0.8666666666666667,0.6841175520792422,
text-embedding-3-small-aiberm,fiqa,reference_geometry,nfcorpus,0.05,0.7916666666666666,0.3422759713888796,
text-embedding-3-small-aiberm,fiqa,reference_geometry,arguana,0.1,0.8436018957345972,0.41261403357925064,
text-embedding-3-small-aiberm,fiqa,reference_geometry,scifact,0.1,0.8666666666666667,0.6841175520792422,
text-embedding-3-small-aiberm,fiqa,reference_geometry,nfcorpus,0.1,0.7916666666666666,0.3458457050614722,
text-embedding-3-small-aiberm,fiqa,reference_geometry,arguana,0.2,0.8388625592417062,0.41311185651666704,
text-embedding-3-small-aiberm,fiqa,reference_geometry,scifact,0.2,0.8666666666666667,0.680545415325297,
text-embedding-3-small-aiberm,fiqa,reference_geometry,nfcorpus,0.2,0.7916666666666666,0.34243402214910423,
text-embedding-3-small-aiberm,fiqa,reference_geometry,arguana,0.3,0.8436018957345972,0.41484667126258046,
text-embedding-3-small-aiberm,fiqa,reference_geometry,scifact,0.3,0.8666666666666667,0.6774667965961323,
text-embedding-3-small-aiberm,fiqa,reference_geometry,nfcorpus,0.3,0.7916666666666666,0.34013226086855336,
text-embedding-3-small-aiberm,fiqa,reference_geometry,arguana,0.5,0.8625592417061612,0.42440340401863563,
text-embedding-3-small-aiberm,fiqa,reference_geometry,scifact,0.5,0.8666666666666667,0.6740254612124957,
text-embedding-3-small-aiberm,fiqa,reference_geometry,nfcorpus,0.5,0.8125,0.3374615371777785,
text-embedding-3-small-aiberm,fiqa,reference_geometry,arguana,0.75,0.8767772511848341,0.43340973696464724,
text-embedding-3-small-aiberm,fiqa,reference_geometry,scifact,0.75,0.8888888888888888,0.6822960267944118,
text-embedding-3-small-aiberm,fiqa,reference_geometry,nfcorpus,0.75,0.8125,0.33821858681184547,
text-embedding-3-small-aiberm,fiqa,reference_geometry,arguana,1.0,0.8815165876777251,0.4408743622597127,
text-embedding-3-small-aiberm,fiqa,reference_geometry,scifact,1.0,0.8666666666666667,0.6758038875314243,
text-embedding-3-small-aiberm,fiqa,reference_geometry,nfcorpus,1.0,0.8125,0.33189900685751966,
text-embedding-3-small-aiberm,fiqa,reference_geometry,macro,0.0,0.8308188520273828,0.47684126761708634,0.0
text-embedding-3-small-aiberm,fiqa,reference_geometry,macro,0.05,0.8323986308583464,0.47872467674825603,0.0
text-embedding-3-small-aiberm,fiqa,reference_geometry,macro,0.1,0.8339784096893101,0.48085909690665507,0.0
text-embedding-3-small-aiberm,fiqa,reference_geometry,macro,0.2,0.8323986308583464,0.4786970979970227,0.0
text-embedding-3-small-aiberm,fiqa,reference_geometry,macro,0.3,0.8339784096893101,0.47748190957575537,0.0
text-embedding-3-small-aiberm,fiqa,reference_geometry,macro,0.5,0.8472419694576093,0.4786301341363033,0.0
text-embedding-3-small-aiberm,fiqa,reference_geometry,macro,0.75,0.8593887133579076,0.4846414501903015,0.02083333333333337
text-embedding-3-small-aiberm,fiqa,reference_geometry,macro,1.0,0.853561084781464,0.4828590855495522,0.0
text-embedding-3-small-aiberm,fiqa,corpus_geometry,arguana,0.0,0.8341232227488151,0.40776662338134156,
text-embedding-3-small-aiberm,fiqa,corpus_geometry,scifact,0.0,0.8666666666666667,0.6844058347304255,
text-embedding-3-small-aiberm,fiqa,corpus_geometry,nfcorpus,0.0,0.7916666666666666,0.3383513447394919,
text-embedding-3-small-aiberm,fiqa,corpus_geometry,arguana,0.05,0.8388625592417062,0.40978050677664624,
text-embedding-3-small-aiberm,fiqa,corpus_geometry,scifact,0.05,0.8666666666666667,0.6841175520792422,
text-embedding-3-small-aiberm,fiqa,corpus_geometry,nfcorpus,0.05,0.7916666666666666,0.3436014044763578,
text-embedding-3-small-aiberm,fiqa,corpus_geometry,arguana,0.1,0.8436018957345972,0.41261403357925064,
text-embedding-3-small-aiberm,fiqa,corpus_geometry,scifact,0.1,0.8666666666666667,0.6841175520792422,
text-embedding-3-small-aiberm,fiqa,corpus_geometry,nfcorpus,0.1,0.7916666666666666,0.3452453600463781,
text-embedding-3-small-aiberm,fiqa,corpus_geometry,arguana,0.2,0.8388625592417062,0.41311185651666704,
text-embedding-3-small-aiberm,fiqa,corpus_geometry,scifact,0.2,0.8666666666666667,0.680545415325297,
text-embedding-3-small-aiberm,fiqa,corpus_geometry,nfcorpus,0.2,0.7916666666666666,0.34225295166240693,
text-embedding-3-small-aiberm,fiqa,corpus_geometry,arguana,0.3,0.8483412322274881,0.41621664674276,
text-embedding-3-small-aiberm,fiqa,corpus_geometry,scifact,0.3,0.8666666666666667,0.6777875717321711,
text-embedding-3-small-aiberm,fiqa,corpus_geometry,nfcorpus,0.3,0.7916666666666666,0.33860745186775826,
text-embedding-3-small-aiberm,fiqa,corpus_geometry,arguana,0.5,0.8625592417061612,0.42440340401863563,
text-embedding-3-small-aiberm,fiqa,corpus_geometry,scifact,0.5,0.8666666666666667,0.6740254612124957,
text-embedding-3-small-aiberm,fiqa,corpus_geometry,nfcorpus,0.5,0.7916666666666666,0.3342463253342051,
text-embedding-3-small-aiberm,fiqa,corpus_geometry,arguana,0.75,0.8767772511848341,0.4331294804221661,
text-embedding-3-small-aiberm,fiqa,corpus_geometry,scifact,0.75,0.8888888888888888,0.6838365477261144,
text-embedding-3-small-aiberm,fiqa,corpus_geometry,nfcorpus,0.75,0.8125,0.3377679224635915,
text-embedding-3-small-aiberm,fiqa,corpus_geometry,arguana,1.0,0.8862559241706162,0.44135941511545435,
text-embedding-3-small-aiberm,fiqa,corpus_geometry,scifact,1.0,0.8666666666666667,0.6758038875314243,
text-embedding-3-small-aiberm,fiqa,corpus_geometry,nfcorpus,1.0,0.7916666666666666,0.3302319699182095,
text-embedding-3-small-aiberm,fiqa,corpus_geometry,macro,0.0,0.8308188520273828,0.47684126761708634,0.0
text-embedding-3-small-aiberm,fiqa,corpus_geometry,macro,0.05,0.8323986308583464,0.4791664877774154,0.0
text-embedding-3-small-aiberm,fiqa,corpus_geometry,macro,0.1,0.8339784096893101,0.48065898190162365,0.0
text-embedding-3-small-aiberm,fiqa,corpus_geometry,macro,0.2,0.8323986308583464,0.4786367411681236,0.0
text-embedding-3-small-aiberm,fiqa,corpus_geometry,macro,0.3,0.8355581885202739,0.47753722344756305,0.0
text-embedding-3-small-aiberm,fiqa,corpus_geometry,macro,0.5,0.8402975250131649,0.4775583968551122,0.0
text-embedding-3-small-aiberm,fiqa,corpus_geometry,macro,0.75,0.8593887133579076,0.484911316870624,0.02083333333333337
text-embedding-3-small-aiberm,fiqa,corpus_geometry,macro,1.0,0.8481964191679832,0.48246509085502937,0.0
text-embedding-3-small-aiberm,arguana,q_only,fiqa,0.0,0.732,0.46761589656646535,
text-embedding-3-small-aiberm,arguana,q_only,scifact,0.0,0.8666666666666667,0.6844058347304255,
text-embedding-3-small-aiberm,arguana,q_only,nfcorpus,0.0,0.7916666666666666,0.3383513447394919,
text-embedding-3-small-aiberm,arguana,q_only,fiqa,0.05,0.73,0.4671120505302782,
text-embedding-3-small-aiberm,arguana,q_only,scifact,0.05,0.8666666666666667,0.6835911962304536,
text-embedding-3-small-aiberm,arguana,q_only,nfcorpus,0.05,0.7916666666666666,0.34263427079078496,
text-embedding-3-small-aiberm,arguana,q_only,fiqa,0.1,0.73,0.4665555181372303,
text-embedding-3-small-aiberm,arguana,q_only,scifact,0.1,0.8666666666666667,0.6835911962304536,
text-embedding-3-small-aiberm,arguana,q_only,nfcorpus,0.1,0.7916666666666666,0.34262103844131175,
text-embedding-3-small-aiberm,arguana,q_only,fiqa,0.2,0.734,0.4669076338579421,
text-embedding-3-small-aiberm,arguana,q_only,scifact,0.2,0.8666666666666667,0.6794219392586575,
text-embedding-3-small-aiberm,arguana,q_only,nfcorpus,0.2,0.7916666666666666,0.3391251169668261,
text-embedding-3-small-aiberm,arguana,q_only,fiqa,0.3,0.728,0.46501636865851675,
text-embedding-3-small-aiberm,arguana,q_only,scifact,0.3,0.8666666666666667,0.6809624601903598,
text-embedding-3-small-aiberm,arguana,q_only,nfcorpus,0.3,0.7916666666666666,0.33895301996056854,
text-embedding-3-small-aiberm,arguana,q_only,fiqa,0.5,0.722,0.46492459041762835,
text-embedding-3-small-aiberm,arguana,q_only,scifact,0.5,0.8666666666666667,0.6824088029423908,
text-embedding-3-small-aiberm,arguana,q_only,nfcorpus,0.5,0.7916666666666666,0.34436231518292804,
text-embedding-3-small-aiberm,arguana,q_only,fiqa,0.75,0.718,0.4545766779126917,
text-embedding-3-small-aiberm,arguana,q_only,scifact,0.75,0.8666666666666667,0.6923857569928269,
text-embedding-3-small-aiberm,arguana,q_only,nfcorpus,0.75,0.7708333333333334,0.34147650854454054,
text-embedding-3-small-aiberm,arguana,q_only,fiqa,1.0,0.704,0.44209782911517,
text-embedding-3-small-aiberm,arguana,q_only,scifact,1.0,0.8888888888888888,0.7072565318903596,
text-embedding-3-small-aiberm,arguana,q_only,nfcorpus,1.0,0.7291666666666666,0.3307354450956453,
text-embedding-3-small-aiberm,arguana,q_only,macro,0.0,0.7967777777777778,0.4967910253454609,0.0
text-embedding-3-small-aiberm,arguana,q_only,macro,0.05,0.7961111111111111,0.4977791725171723,-0.0020000000000000018
text-embedding-3-small-aiberm,arguana,q_only,macro,0.1,0.7961111111111111,0.49758925093633194,-0.0020000000000000018
text-embedding-3-small-aiberm,arguana,q_only,macro,0.2,0.7974444444444444,0.4951515633611419,0.0
text-embedding-3-small-aiberm,arguana,q_only,macro,0.3,0.7954444444444445,0.49497728293648174,-0.0040000000000000036
text-embedding-3-small-aiberm,arguana,q_only,macro,0.5,0.7934444444444444,0.49723190284764907,-0.010000000000000009
text-embedding-3-small-aiberm,arguana,q_only,macro,0.75,0.7851666666666667,0.49614631448335306,-0.02083333333333326
text-embedding-3-small-aiberm,arguana,q_only,macro,1.0,0.7740185185185186,0.49336326870039166,-0.0625
text-embedding-3-small-aiberm,arguana,reference_geometry,fiqa,0.0,0.732,0.46761589656646535,
text-embedding-3-small-aiberm,arguana,reference_geometry,scifact,0.0,0.8666666666666667,0.6844058347304255,
text-embedding-3-small-aiberm,arguana,reference_geometry,nfcorpus,0.0,0.7916666666666666,0.3383513447394919,
text-embedding-3-small-aiberm,arguana,reference_geometry,fiqa,0.05,0.73,0.4671970614778985,
text-embedding-3-small-aiberm,arguana,reference_geometry,scifact,0.05,0.8666666666666667,0.6835911962304536,
text-embedding-3-small-aiberm,arguana,reference_geometry,nfcorpus,0.05,0.7916666666666666,0.342583179033749,
text-embedding-3-small-aiberm,arguana,reference_geometry,fiqa,0.1,0.73,0.4660733231914056,
text-embedding-3-small-aiberm,arguana,reference_geometry,scifact,0.1,0.8666666666666667,0.6835911962304536,
text-embedding-3-small-aiberm,arguana,reference_geometry,nfcorpus,0.1,0.7916666666666666,0.34262103844131175,
text-embedding-3-small-aiberm,arguana,reference_geometry,fiqa,0.2,0.734,0.4667929088794176,
text-embedding-3-small-aiberm,arguana,reference_geometry,scifact,0.2,0.8666666666666667,0.6794219392586575,
text-embedding-3-small-aiberm,arguana,reference_geometry,nfcorpus,0.2,0.7916666666666666,0.3379990459496251,
text-embedding-3-small-aiberm,arguana,reference_geometry,fiqa,0.3,0.728,0.4652435369696056,
text-embedding-3-small-aiberm,arguana,reference_geometry,scifact,0.3,0.8666666666666667,0.6809624601903598,
text-embedding-3-small-aiberm,arguana,reference_geometry,nfcorpus,0.3,0.7916666666666666,0.33895301996056854,
text-embedding-3-small-aiberm,arguana,reference_geometry,fiqa,0.5,0.726,0.4644572940052389,
text-embedding-3-small-aiberm,arguana,reference_geometry,scifact,0.5,0.8666666666666667,0.6824088029423908,
text-embedding-3-small-aiberm,arguana,reference_geometry,nfcorpus,0.5,0.7916666666666666,0.344314751917769,
text-embedding-3-small-aiberm,arguana,reference_geometry,fiqa,0.75,0.718,0.45215050926991696,
text-embedding-3-small-aiberm,arguana,reference_geometry,scifact,0.75,0.8666666666666667,0.6923857569928269,
text-embedding-3-small-aiberm,arguana,reference_geometry,nfcorpus,0.75,0.75,0.3385354232898879,
text-embedding-3-small-aiberm,arguana,reference_geometry,fiqa,1.0,0.704,0.44193535259050737,
text-embedding-3-small-aiberm,arguana,reference_geometry,scifact,1.0,0.8888888888888888,0.7066594116725087,
text-embedding-3-small-aiberm,arguana,reference_geometry,nfcorpus,1.0,0.7291666666666666,0.3375887492275755,
text-embedding-3-small-aiberm,arguana,reference_geometry,macro,0.0,0.7967777777777778,0.4967910253454609,0.0
text-embedding-3-small-aiberm,arguana,reference_geometry,macro,0.05,0.7961111111111111,0.4977904789140337,-0.0020000000000000018
text-embedding-3-small-aiberm,arguana,reference_geometry,macro,0.1,0.7961111111111111,0.4974285192877237,-0.0020000000000000018
text-embedding-3-small-aiberm,arguana,reference_geometry,macro,0.2,0.7974444444444444,0.49473796469590003,0.0
text-embedding-3-small-aiberm,arguana,reference_geometry,macro,0.3,0.7954444444444445,0.4950530057068447,-0.0040000000000000036
text-embedding-3-small-aiberm,arguana,reference_geometry,macro,0.5,0.7947777777777777,0.4970602829551329,-0.006000000000000005
text-embedding-3-small-aiberm,arguana,reference_geometry,macro,0.75,0.7782222222222223,0.4943572298508772,-0.04166666666666663
text-embedding-3-small-aiberm,arguana,reference_geometry,macro,1.0,0.7740185185185186,0.4953945044968639,-0.0625
text-embedding-3-small-aiberm,arguana,corpus_geometry,fiqa,0.0,0.732,0.46761589656646535,
text-embedding-3-small-aiberm,arguana,corpus_geometry,scifact,0.0,0.8666666666666667,0.6844058347304255,
text-embedding-3-small-aiberm,arguana,corpus_geometry,nfcorpus,0.0,0.7916666666666666,0.3383513447394919,
text-embedding-3-small-aiberm,arguana,corpus_geometry,fiqa,0.05,0.728,0.46661893182526276,
text-embedding-3-small-aiberm,arguana,corpus_geometry,scifact,0.05,0.8666666666666667,0.6835911962304536,
text-embedding-3-small-aiberm,arguana,corpus_geometry,nfcorpus,0.05,0.7916666666666666,0.342583179033749,
text-embedding-3-small-aiberm,arguana,corpus_geometry,fiqa,0.1,0.728,0.46629631458240417,
text-embedding-3-small-aiberm,arguana,corpus_geometry,scifact,0.1,0.8666666666666667,0.6835911962304536,
text-embedding-3-small-aiberm,arguana,corpus_geometry,nfcorpus,0.1,0.7916666666666666,0.34262103844131175,
text-embedding-3-small-aiberm,arguana,corpus_geometry,fiqa,0.2,0.734,0.4664699740231968,
text-embedding-3-small-aiberm,arguana,corpus_geometry,scifact,0.2,0.8666666666666667,0.6809624601903598,
text-embedding-3-small-aiberm,arguana,corpus_geometry,nfcorpus,0.2,0.7916666666666666,0.3378706304823757,
text-embedding-3-small-aiberm,arguana,corpus_geometry,fiqa,0.3,0.728,0.4663291489795545,
text-embedding-3-small-aiberm,arguana,corpus_geometry,scifact,0.3,0.8666666666666667,0.6809624601903598,
text-embedding-3-small-aiberm,arguana,corpus_geometry,nfcorpus,0.3,0.7916666666666666,0.33917004731786377,
text-embedding-3-small-aiberm,arguana,corpus_geometry,fiqa,0.5,0.718,0.46180155086391983,
text-embedding-3-small-aiberm,arguana,corpus_geometry,scifact,0.5,0.8666666666666667,0.6824088029423908,
text-embedding-3-small-aiberm,arguana,corpus_geometry,nfcorpus,0.5,0.7916666666666666,0.3443706942035541,
text-embedding-3-small-aiberm,arguana,corpus_geometry,fiqa,0.75,0.716,0.4509150968834009,
text-embedding-3-small-aiberm,arguana,corpus_geometry,scifact,0.75,0.8666666666666667,0.6923857569928269,
text-embedding-3-small-aiberm,arguana,corpus_geometry,nfcorpus,0.75,0.7708333333333334,0.3384385890914913,
text-embedding-3-small-aiberm,arguana,corpus_geometry,fiqa,1.0,0.704,0.44258828503406816,
text-embedding-3-small-aiberm,arguana,corpus_geometry,scifact,1.0,0.8888888888888888,0.7066594116725087,
text-embedding-3-small-aiberm,arguana,corpus_geometry,nfcorpus,1.0,0.7291666666666666,0.32871484520701777,
text-embedding-3-small-aiberm,arguana,corpus_geometry,macro,0.0,0.7967777777777778,0.4967910253454609,0.0
text-embedding-3-small-aiberm,arguana,corpus_geometry,macro,0.05,0.7954444444444445,0.49759776902982183,-0.0040000000000000036
text-embedding-3-small-aiberm,arguana,corpus_geometry,macro,0.1,0.7954444444444445,0.49750284975138986,-0.0040000000000000036
text-embedding-3-small-aiberm,arguana,corpus_geometry,macro,0.2,0.7974444444444444,0.4951010215653107,0.0
text-embedding-3-small-aiberm,arguana,corpus_geometry,macro,0.3,0.7954444444444445,0.4954872188292594,-0.0040000000000000036
text-embedding-3-small-aiberm,arguana,corpus_geometry,macro,0.5,0.7921111111111111,0.4961936826699549,-0.014000000000000012
text-embedding-3-small-aiberm,arguana,corpus_geometry,macro,0.75,0.7845,0.49391314765590644,-0.02083333333333326
text-embedding-3-small-aiberm,arguana,corpus_geometry,macro,1.0,0.7740185185185186,0.49265418063786487,-0.0625
text-embedding-3-small-aiberm,scifact,q_only,fiqa,0.0,0.732,0.46761589656646535,
text-embedding-3-small-aiberm,scifact,q_only,arguana,0.0,0.8341232227488151,0.40776662338134156,
text-embedding-3-small-aiberm,scifact,q_only,nfcorpus,0.0,0.7916666666666666,0.3383513447394919,
text-embedding-3-small-aiberm,scifact,q_only,fiqa,0.05,0.732,0.46721631226870985,
text-embedding-3-small-aiberm,scifact,q_only,arguana,0.05,0.8388625592417062,0.40978050677664624,
text-embedding-3-small-aiberm,scifact,q_only,nfcorpus,0.05,0.7916666666666666,0.34380478237650064,
text-embedding-3-small-aiberm,scifact,q_only,fiqa,0.1,0.73,0.4664838336016711,
text-embedding-3-small-aiberm,scifact,q_only,arguana,0.1,0.8388625592417062,0.41109907713197885,
text-embedding-3-small-aiberm,scifact,q_only,nfcorpus,0.1,0.7916666666666666,0.34209294633730597,
text-embedding-3-small-aiberm,scifact,q_only,fiqa,0.2,0.734,0.4656934072360843,
text-embedding-3-small-aiberm,scifact,q_only,arguana,0.2,0.8388625592417062,0.41228154471012085,
text-embedding-3-small-aiberm,scifact,q_only,nfcorpus,0.2,0.7916666666666666,0.34104397137291703,
text-embedding-3-small-aiberm,scifact,q_only,fiqa,0.3,0.728,0.46507414947751174,
text-embedding-3-small-aiberm,scifact,q_only,arguana,0.3,0.8483412322274881,0.4160752551508467,
text-embedding-3-small-aiberm,scifact,q_only,nfcorpus,0.3,0.7916666666666666,0.34013284666754706,
text-embedding-3-small-aiberm,scifact,q_only,fiqa,0.5,0.73,0.46255732558134777,
text-embedding-3-small-aiberm,scifact,q_only,arguana,0.5,0.8530805687203792,0.42267207674296603,
text-embedding-3-small-aiberm,scifact,q_only,nfcorpus,0.5,0.7916666666666666,0.34990753233793903,
text-embedding-3-small-aiberm,scifact,q_only,fiqa,0.75,0.718,0.4548124733558229,
text-embedding-3-small-aiberm,scifact,q_only,arguana,0.75,0.8672985781990521,0.4301616463606326,
text-embedding-3-small-aiberm,scifact,q_only,nfcorpus,0.75,0.7708333333333334,0.3360410540053116,
text-embedding-3-small-aiberm,scifact,q_only,fiqa,1.0,0.706,0.4408537161026917,
text-embedding-3-small-aiberm,scifact,q_only,arguana,1.0,0.8767772511848341,0.4381315501522873,
text-embedding-3-small-aiberm,scifact,q_only,nfcorpus,1.0,0.7291666666666666,0.3355251825384604,
text-embedding-3-small-aiberm,scifact,q_only,macro,0.0,0.7859299631384938,0.40457795489576626,0.0
text-embedding-3-small-aiberm,scifact,q_only,macro,0.05,0.7875097419694576,0.4069338671406189,0.0
text-embedding-3-small-aiberm,scifact,q_only,macro,0.1,0.7868430753027909,0.4065586190236519,-0.0020000000000000018
text-embedding-3-small-aiberm,scifact,q_only,macro,0.2,0.7881764086361241,0.40633964110637405,0.0
text-embedding-3-small-aiberm,scifact,q_only,macro,0.3,0.7893359662980516,0.4070940837653018,-0.0040000000000000036
text-embedding-3-small-aiberm,scifact,q_only,macro,0.5,0.7915824117956819,0.4117123115540842,-0.0020000000000000018
text-embedding-3-small-aiberm,scifact,q_only,macro,0.75,0.7853773038441285,0.4070050579072557,-0.02083333333333326
text-embedding-3-small-aiberm,scifact,q_only,macro,1.0,0.7706479726171668,0.4048368162644798,-0.0625
text-embedding-3-small-aiberm,scifact,reference_geometry,fiqa,0.0,0.732,0.46761589656646535,
text-embedding-3-small-aiberm,scifact,reference_geometry,arguana,0.0,0.8341232227488151,0.40776662338134156,
text-embedding-3-small-aiberm,scifact,reference_geometry,nfcorpus,0.0,0.7916666666666666,0.3383513447394919,
text-embedding-3-small-aiberm,scifact,reference_geometry,fiqa,0.05,0.732,0.46721849020117123,
text-embedding-3-small-aiberm,scifact,reference_geometry,arguana,0.05,0.8388625592417062,0.40978050677664624,
text-embedding-3-small-aiberm,scifact,reference_geometry,nfcorpus,0.05,0.7916666666666666,0.34395970387826313,
text-embedding-3-small-aiberm,scifact,reference_geometry,fiqa,0.1,0.73,0.46608462817123936,
text-embedding-3-small-aiberm,scifact,reference_geometry,arguana,0.1,0.8388625592417062,0.41109907713197885,
text-embedding-3-small-aiberm,scifact,reference_geometry,nfcorpus,0.1,0.7916666666666666,0.34283722389605104,
text-embedding-3-small-aiberm,scifact,reference_geometry,fiqa,0.2,0.734,0.4655595915968744,
text-embedding-3-small-aiberm,scifact,reference_geometry,arguana,0.2,0.8388625592417062,0.4122248377463953,
text-embedding-3-small-aiberm,scifact,reference_geometry,nfcorpus,0.2,0.7916666666666666,0.33763946803523304,
text-embedding-3-small-aiberm,scifact,reference_geometry,fiqa,0.3,0.73,0.46517296771202055,
text-embedding-3-small-aiberm,scifact,reference_geometry,arguana,0.3,0.8483412322274881,0.41617454376252516,
text-embedding-3-small-aiberm,scifact,reference_geometry,nfcorpus,0.3,0.7916666666666666,0.3414527229181738,
text-embedding-3-small-aiberm,scifact,reference_geometry,fiqa,0.5,0.732,0.4633342254080338,
text-embedding-3-small-aiberm,scifact,reference_geometry,arguana,0.5,0.8530805687203792,0.42267207674296603,
text-embedding-3-small-aiberm,scifact,reference_geometry,nfcorpus,0.5,0.7916666666666666,0.34780082973877136,
text-embedding-3-small-aiberm,scifact,reference_geometry,fiqa,0.75,0.716,0.45374170599789854,
text-embedding-3-small-aiberm,scifact,reference_geometry,arguana,0.75,0.8672985781990521,0.429869266230839,
text-embedding-3-small-aiberm,scifact,reference_geometry,nfcorpus,0.75,0.7708333333333334,0.33593654977612397,
text-embedding-3-small-aiberm,scifact,reference_geometry,fiqa,1.0,0.706,0.4393712920393499,
text-embedding-3-small-aiberm,scifact,reference_geometry,arguana,1.0,0.8767772511848341,0.437357142266955,
text-embedding-3-small-aiberm,scifact,reference_geometry,nfcorpus,1.0,0.7291666666666666,0.3393327663034116,
text-embedding-3-small-aiberm,scifact,reference_geometry,macro,0.0,0.7859299631384938,0.40457795489576626,0.0
text-embedding-3-small-aiberm,scifact,reference_geometry,macro,0.05,0.7875097419694576,0.40698623361869357,0.0
text-embedding-3-small-aiberm,scifact,reference_geometry,macro,0.1,0.7868430753027909,0.40667364306642306,-0.0020000000000000018
text-embedding-3-small-aiberm,scifact,reference_geometry,macro,0.2,0.7881764086361241,0.4051412991261676,0.0
text-embedding-3-small-aiberm,scifact,reference_geometry,macro,0.3,0.7900026329647183,0.40760007813090654,-0.0020000000000000018
text-embedding-3-small-aiberm,scifact,reference_geometry,macro,0.5,0.7922490784623486,0.4112690439632571,0.0
text-embedding-3-small-aiberm,scifact,reference_geometry,macro,0.75,0.7847106371774618,0.40651584066828717,-0.02083333333333326
text-embedding-3-small-aiberm,scifact,reference_geometry,macro,1.0,0.7706479726171668,0.40535373353657217,-0.0625
text-embedding-3-small-aiberm,scifact,corpus_geometry,fiqa,0.0,0.732,0.46761589656646535,
text-embedding-3-small-aiberm,scifact,corpus_geometry,arguana,0.0,0.8341232227488151,0.40776662338134156,
text-embedding-3-small-aiberm,scifact,corpus_geometry,nfcorpus,0.0,0.7916666666666666,0.3383513447394919,
text-embedding-3-small-aiberm,scifact,corpus_geometry,fiqa,0.05,0.73,0.4671760745786823,
text-embedding-3-small-aiberm,scifact,corpus_geometry,arguana,0.05,0.8388625592417062,0.40978050677664624,
text-embedding-3-small-aiberm,scifact,corpus_geometry,nfcorpus,0.05,0.7916666666666666,0.3424793492890224,
text-embedding-3-small-aiberm,scifact,corpus_geometry,fiqa,0.1,0.732,0.46650730833360393,
text-embedding-3-small-aiberm,scifact,corpus_geometry,arguana,0.1,0.8388625592417062,0.41109907713197885,
text-embedding-3-small-aiberm,scifact,corpus_geometry,nfcorpus,0.1,0.7916666666666666,0.3423405496324034,
text-embedding-3-small-aiberm,scifact,corpus_geometry,fiqa,0.2,0.736,0.4662465374228387,
text-embedding-3-small-aiberm,scifact,corpus_geometry,arguana,0.2,0.8388625592417062,0.4123662293383085,
text-embedding-3-small-aiberm,scifact,corpus_geometry,nfcorpus,0.2,0.7916666666666666,0.3384361809450194,
text-embedding-3-small-aiberm,scifact,corpus_geometry,fiqa,0.3,0.728,0.4642210861859961,
text-embedding-3-small-aiberm,scifact,corpus_geometry,arguana,0.3,0.8483412322274881,0.4162829506524526,
text-embedding-3-small-aiberm,scifact,corpus_geometry,nfcorpus,0.3,0.7916666666666666,0.34134668021274356,
text-embedding-3-small-aiberm,scifact,corpus_geometry,fiqa,0.5,0.732,0.4630956401097973,
text-embedding-3-small-aiberm,scifact,corpus_geometry,arguana,0.5,0.8530805687203792,0.4224504432854128,
text-embedding-3-small-aiberm,scifact,corpus_geometry,nfcorpus,0.5,0.7916666666666666,0.34827143014131917,
text-embedding-3-small-aiberm,scifact,corpus_geometry,fiqa,0.75,0.714,0.45163093901538065,
text-embedding-3-small-aiberm,scifact,corpus_geometry,arguana,0.75,0.8720379146919431,0.4308062958703015,
text-embedding-3-small-aiberm,scifact,corpus_geometry,nfcorpus,0.75,0.7708333333333334,0.33491310940955393,
text-embedding-3-small-aiberm,scifact,corpus_geometry,fiqa,1.0,0.706,0.4401516504664843,
text-embedding-3-small-aiberm,scifact,corpus_geometry,arguana,1.0,0.8767772511848341,0.4382679347066769,
text-embedding-3-small-aiberm,scifact,corpus_geometry,nfcorpus,1.0,0.7291666666666666,0.3359872636373809,
text-embedding-3-small-aiberm,scifact,corpus_geometry,macro,0.0,0.7859299631384938,0.40457795489576626,0.0
text-embedding-3-small-aiberm,scifact,corpus_geometry,macro,0.05,0.7868430753027909,0.40647864354811697,-0.0020000000000000018
text-embedding-3-small-aiberm,scifact,corpus_geometry,macro,0.1,0.7875097419694576,0.4066489783659954,0.0
text-embedding-3-small-aiberm,scifact,corpus_geometry,macro,0.2,0.788843075302791,0.4056829825687222,0.0
text-embedding-3-small-aiberm,scifact,corpus_geometry,macro,0.3,0.7893359662980516,0.4072835723503974,-0.0040000000000000036
text-embedding-3-small-aiberm,scifact,corpus_geometry,macro,0.5,0.7922490784623486,0.4112725045121764,0.0
text-embedding-3-small-aiberm,scifact,corpus_geometry,macro,0.75,0.7856237493417589,0.405783448098412,-0.02083333333333326
text-embedding-3-small-aiberm,scifact,corpus_geometry,macro,1.0,0.7706479726171668,0.4048022829368474,-0.0625
text-embedding-3-small-aiberm,nfcorpus,q_only,fiqa,0.0,0.732,0.46761589656646535,
text-embedding-3-small-aiberm,nfcorpus,q_only,arguana,0.0,0.8341232227488151,0.40776662338134156,
text-embedding-3-small-aiberm,nfcorpus,q_only,scifact,0.0,0.8666666666666667,0.6844058347304255,
text-embedding-3-small-aiberm,nfcorpus,q_only,fiqa,0.05,0.732,0.4671839564915546,
text-embedding-3-small-aiberm,nfcorpus,q_only,arguana,0.05,0.8388625592417062,0.40978050677664624,
text-embedding-3-small-aiberm,nfcorpus,q_only,scifact,0.05,0.8666666666666667,0.6835911962304536,
text-embedding-3-small-aiberm,nfcorpus,q_only,fiqa,0.1,0.732,0.46702569411626493,
text-embedding-3-small-aiberm,nfcorpus,q_only,arguana,0.1,0.8388625592417062,0.41120748402190627,
text-embedding-3-small-aiberm,nfcorpus,q_only,scifact,0.1,0.8666666666666667,0.6851317171621559,
text-embedding-3-small-aiberm,nfcorpus,q_only,fiqa,0.2,0.734,0.46578158078664694,
text-embedding-3-small-aiberm,nfcorpus,q_only,arguana,0.2,0.8388625592417062,0.4122485600081351,
text-embedding-3-small-aiberm,nfcorpus,q_only,scifact,0.2,0.8666666666666667,0.6816434739709492,
text-embedding-3-small-aiberm,nfcorpus,q_only,fiqa,0.3,0.73,0.4647723648503811,
text-embedding-3-small-aiberm,nfcorpus,q_only,arguana,0.3,0.8483412322274881,0.41648848689716994,
text-embedding-3-small-aiberm,nfcorpus,q_only,scifact,0.3,0.8666666666666667,0.6791784777269863,
text-embedding-3-small-aiberm,nfcorpus,q_only,fiqa,0.5,0.728,0.46295404616026353,
text-embedding-3-small-aiberm,nfcorpus,q_only,arguana,0.5,0.8530805687203792,0.4225954756602154,
text-embedding-3-small-aiberm,nfcorpus,q_only,scifact,0.5,0.8666666666666667,0.6805463415038312,
text-embedding-3-small-aiberm,nfcorpus,q_only,fiqa,0.75,0.722,0.4569444294389521,
text-embedding-3-small-aiberm,nfcorpus,q_only,arguana,0.75,0.8672985781990521,0.42992800713982926,
text-embedding-3-small-aiberm,nfcorpus,q_only,scifact,0.75,0.8666666666666667,0.6895198057722445,
text-embedding-3-small-aiberm,nfcorpus,q_only,fiqa,1.0,0.71,0.44378462082613374,
text-embedding-3-small-aiberm,nfcorpus,q_only,arguana,1.0,0.8720379146919431,0.43466311072620095,
text-embedding-3-small-aiberm,nfcorpus,q_only,scifact,1.0,0.8444444444444444,0.692271565126678,
text-embedding-3-small-aiberm,nfcorpus,q_only,macro,0.0,0.810929963138494,0.5199294515594107,0.0
text-embedding-3-small-aiberm,nfcorpus,q_only,macro,0.05,0.8125097419694577,0.5201852198328848,0.0
text-embedding-3-small-aiberm,nfcorpus,q_only,macro,0.1,0.8125097419694577,0.5211216317667757,0.0
text-embedding-3-small-aiberm,nfcorpus,q_only,macro,0.2,0.8131764086361243,0.5198912049219104,0.0
text-embedding-3-small-aiberm,nfcorpus,q_only,macro,0.3,0.8150026329647183,0.5201464431581792,-0.0020000000000000018
text-embedding-3-small-aiberm,nfcorpus,q_only,macro,0.5,0.8159157451290153,0.5220319544414367,-0.0040000000000000036
text-embedding-3-small-aiberm,nfcorpus,q_only,macro,0.75,0.8186550816219063,0.5254640807836752,-0.010000000000000009
text-embedding-3-small-aiberm,nfcorpus,q_only,macro,1.0,0.8088274530454626,0.5235730988930042,-0.022222222222222254
text-embedding-3-small-aiberm,nfcorpus,reference_geometry,fiqa,0.0,0.732,0.46761589656646535,
text-embedding-3-small-aiberm,nfcorpus,reference_geometry,arguana,0.0,0.8341232227488151,0.40776662338134156,
text-embedding-3-small-aiberm,nfcorpus,reference_geometry,scifact,0.0,0.8666666666666667,0.6844058347304255,
text-embedding-3-small-aiberm,nfcorpus,reference_geometry,fiqa,0.05,0.732,0.4672783093659898,
text-embedding-3-small-aiberm,nfcorpus,reference_geometry,arguana,0.05,0.8388625592417062,0.40978050677664624,
text-embedding-3-small-aiberm,nfcorpus,reference_geometry,scifact,0.05,0.8666666666666667,0.6835911962304536,
text-embedding-3-small-aiberm,nfcorpus,reference_geometry,fiqa,0.1,0.732,0.4668838867893959,
text-embedding-3-small-aiberm,nfcorpus,reference_geometry,arguana,0.1,0.8388625592417062,0.41120748402190627,
text-embedding-3-small-aiberm,nfcorpus,reference_geometry,scifact,0.1,0.8666666666666667,0.6801029530392467,
text-embedding-3-small-aiberm,nfcorpus,reference_geometry,fiqa,0.2,0.734,0.4658173176997422,
text-embedding-3-small-aiberm,nfcorpus,reference_geometry,arguana,0.2,0.8388625592417062,0.4122485600081351,
text-embedding-3-small-aiberm,nfcorpus,reference_geometry,scifact,0.2,0.8666666666666667,0.6816434739709492,
text-embedding-3-small-aiberm,nfcorpus,reference_geometry,fiqa,0.3,0.73,0.4646018976845931,
text-embedding-3-small-aiberm,nfcorpus,reference_geometry,arguana,0.3,0.8483412322274881,0.4163676352806403,
text-embedding-3-small-aiberm,nfcorpus,reference_geometry,scifact,0.3,0.8666666666666667,0.6791784777269863,
text-embedding-3-small-aiberm,nfcorpus,reference_geometry,fiqa,0.5,0.73,0.4630404609077154,
text-embedding-3-small-aiberm,nfcorpus,reference_geometry,arguana,0.5,0.8530805687203792,0.42255740835370553,
text-embedding-3-small-aiberm,nfcorpus,reference_geometry,scifact,0.5,0.8666666666666667,0.6805463415038312,
text-embedding-3-small-aiberm,nfcorpus,reference_geometry,fiqa,0.75,0.722,0.45546909422304394,
text-embedding-3-small-aiberm,nfcorpus,reference_geometry,arguana,0.75,0.8672985781990521,0.4303132612216905,
text-embedding-3-small-aiberm,nfcorpus,reference_geometry,scifact,0.75,0.8666666666666667,0.6897856984243799,
text-embedding-3-small-aiberm,nfcorpus,reference_geometry,fiqa,1.0,0.708,0.44294724699868016,
text-embedding-3-small-aiberm,nfcorpus,reference_geometry,arguana,1.0,0.8625592417061612,0.4321825551936496,
text-embedding-3-small-aiberm,nfcorpus,reference_geometry,scifact,1.0,0.8444444444444444,0.6836729272827636,
text-embedding-3-small-aiberm,nfcorpus,reference_geometry,macro,0.0,0.810929963138494,0.5199294515594107,0.0
text-embedding-3-small-aiberm,nfcorpus,reference_geometry,macro,0.05,0.8125097419694577,0.5202166707910298,0.0
text-embedding-3-small-aiberm,nfcorpus,reference_geometry,macro,0.1,0.8125097419694577,0.5193981079501829,0.0
text-embedding-3-small-aiberm,nfcorpus,reference_geometry,macro,0.2,0.8131764086361243,0.5199031172262755,0.0
text-embedding-3-small-aiberm,nfcorpus,reference_geometry,macro,0.3,0.8150026329647183,0.5200493368974065,-0.0020000000000000018
text-embedding-3-small-aiberm,nfcorpus,reference_geometry,macro,0.5,0.8165824117956819,0.522048070255084,-0.0020000000000000018
text-embedding-3-small-aiberm,nfcorpus,reference_geometry,macro,0.75,0.8186550816219063,0.5251893512897047,-0.010000000000000009
text-embedding-3-small-aiberm,nfcorpus,reference_geometry,macro,1.0,0.8050012287168685,0.519600909825031,-0.02400000000000002
text-embedding-3-small-aiberm,nfcorpus,corpus_geometry,fiqa,0.0,0.732,0.46761589656646535,
text-embedding-3-small-aiberm,nfcorpus,corpus_geometry,arguana,0.0,0.8341232227488151,0.40776662338134156,
text-embedding-3-small-aiberm,nfcorpus,corpus_geometry,scifact,0.0,0.8666666666666667,0.6844058347304255,
text-embedding-3-small-aiberm,nfcorpus,corpus_geometry,fiqa,0.05,0.732,0.4677684786889539,
text-embedding-3-small-aiberm,nfcorpus,corpus_geometry,arguana,0.05,0.8388625592417062,0.40978050677664624,
text-embedding-3-small-aiberm,nfcorpus,corpus_geometry,scifact,0.05,0.8666666666666667,0.6835911962304536,
text-embedding-3-small-aiberm,nfcorpus,corpus_geometry,fiqa,0.1,0.732,0.4667087285036679,
text-embedding-3-small-aiberm,nfcorpus,corpus_geometry,arguana,0.1,0.8436018957345972,0.41257745950208585,
text-embedding-3-small-aiberm,nfcorpus,corpus_geometry,scifact,0.1,0.8666666666666667,0.6851317171621559,
text-embedding-3-small-aiberm,nfcorpus,corpus_geometry,fiqa,0.2,0.736,0.4663442267760627,
text-embedding-3-small-aiberm,nfcorpus,corpus_geometry,arguana,0.2,0.8388625592417062,0.4122485600081351,
text-embedding-3-small-aiberm,nfcorpus,corpus_geometry,scifact,0.2,0.8666666666666667,0.6816434739709492,
text-embedding-3-small-aiberm,nfcorpus,corpus_geometry,fiqa,0.3,0.73,0.4644694807399863,
text-embedding-3-small-aiberm,nfcorpus,corpus_geometry,arguana,0.3,0.8483412322274881,0.416696182398776,
text-embedding-3-small-aiberm,nfcorpus,corpus_geometry,scifact,0.3,0.8666666666666667,0.6791784777269863,
text-embedding-3-small-aiberm,nfcorpus,corpus_geometry,fiqa,0.5,0.726,0.46324842011892325,
text-embedding-3-small-aiberm,nfcorpus,corpus_geometry,arguana,0.5,0.8530805687203792,0.42217716130936805,
text-embedding-3-small-aiberm,nfcorpus,corpus_geometry,scifact,0.5,0.8666666666666667,0.6805463415038312,
text-embedding-3-small-aiberm,nfcorpus,corpus_geometry,fiqa,0.75,0.724,0.45693602287907936,
text-embedding-3-small-aiberm,nfcorpus,corpus_geometry,arguana,0.75,0.8720379146919431,0.4315056781216148,
text-embedding-3-small-aiberm,nfcorpus,corpus_geometry,scifact,0.75,0.8666666666666667,0.6895198057722445,
text-embedding-3-small-aiberm,nfcorpus,corpus_geometry,fiqa,1.0,0.712,0.4423439383207445,
text-embedding-3-small-aiberm,nfcorpus,corpus_geometry,arguana,1.0,0.8625592417061612,0.43186645280211616,
text-embedding-3-small-aiberm,nfcorpus,corpus_geometry,scifact,1.0,0.8444444444444444,0.692271565126678,
text-embedding-3-small-aiberm,nfcorpus,corpus_geometry,macro,0.0,0.810929963138494,0.5199294515594107,0.0
text-embedding-3-small-aiberm,nfcorpus,corpus_geometry,macro,0.05,0.8125097419694577,0.5203800605653512,0.0
text-embedding-3-small-aiberm,nfcorpus,corpus_geometry,macro,0.1,0.8140895208004212,0.5214726350559699,0.0
text-embedding-3-small-aiberm,nfcorpus,corpus_geometry,macro,0.2,0.813843075302791,0.520078753585049,0.0
text-embedding-3-small-aiberm,nfcorpus,corpus_geometry,macro,0.3,0.8150026329647183,0.5201147136219162,-0.0020000000000000018
text-embedding-3-small-aiberm,nfcorpus,corpus_geometry,macro,0.5,0.8152490784623486,0.5219906409773741,-0.006000000000000005
text-embedding-3-small-aiberm,nfcorpus,corpus_geometry,macro,0.75,0.8209015271195366,0.5259871689243129,-0.008000000000000007
text-embedding-3-small-aiberm,nfcorpus,corpus_geometry,macro,1.0,0.8063345620502019,0.5221606520831795,-0.022222222222222254
qwen3,fiqa,q_only,arguana,0.0,0.9383886255924171,0.4972719361917598,
qwen3,fiqa,q_only,scifact,0.0,0.8,0.674864130779503,
qwen3,fiqa,q_only,nfcorpus,0.0,0.7916666666666666,0.33526569689124636,
qwen3,fiqa,q_only,arguana,0.05,0.943127962085308,0.4988601314107947,
qwen3,fiqa,q_only,scifact,0.05,0.8,0.674864130779503,
qwen3,fiqa,q_only,nfcorpus,0.05,0.7916666666666666,0.336917345496113,
qwen3,fiqa,q_only,arguana,0.1,0.9478672985781991,0.5000649930373212,
qwen3,fiqa,q_only,scifact,0.1,0.8,0.674864130779503,
qwen3,fiqa,q_only,nfcorpus,0.1,0.7916666666666666,0.34064670942976444,
qwen3,fiqa,q_only,arguana,0.2,0.943127962085308,0.49921624910456963,
qwen3,fiqa,q_only,scifact,0.2,0.8,0.674864130779503,
qwen3,fiqa,q_only,nfcorpus,0.2,0.7708333333333334,0.3367433491708025,
qwen3,fiqa,q_only,arguana,0.3,0.943127962085308,0.500993532042524,
qwen3,fiqa,q_only,scifact,0.3,0.8,0.674864130779503,
qwen3,fiqa,q_only,nfcorpus,0.3,0.7708333333333334,0.33407754326243405,
qwen3,fiqa,q_only,arguana,0.5,0.943127962085308,0.5015837077492694,
qwen3,fiqa,q_only,scifact,0.5,0.7777777777777778,0.6690418566107706,
qwen3,fiqa,q_only,nfcorpus,0.5,0.7916666666666666,0.3315676169932233,
qwen3,fiqa,q_only,arguana,0.75,0.943127962085308,0.5031245775896988,
qwen3,fiqa,q_only,scifact,0.75,0.7777777777777778,0.6680550530085991,
qwen3,fiqa,q_only,nfcorpus,0.75,0.7708333333333334,0.33670351644652635,
qwen3,fiqa,q_only,arguana,1.0,0.933649289099526,0.500473159571427,
qwen3,fiqa,q_only,scifact,1.0,0.7777777777777778,0.66762606216897,
qwen3,fiqa,q_only,nfcorpus,1.0,0.7708333333333334,0.33819471308653903,
qwen3,fiqa,q_only,macro,0.0,0.8433517640863611,0.5024672546208364,0.0
qwen3,fiqa,q_only,macro,0.05,0.8449315429173249,0.5035472025621369,0.0
qwen3,fiqa,q_only,macro,0.1,0.8465113217482886,0.5051919444155296,0.0
qwen3,fiqa,q_only,macro,0.2,0.8379870984728806,0.5036079096849584,-0.02083333333333326
qwen3,fiqa,q_only,macro,0.3,0.8379870984728806,0.503311735361487,-0.02083333333333326
qwen3,fiqa,q_only,macro,0.5,0.8375241355099176,0.5007310604510878,-0.022222222222222254
qwen3,fiqa,q_only,macro,0.75,0.830579691065473,0.5026277156816081,-0.022222222222222254
qwen3,fiqa,q_only,macro,1.0,0.8274201334035457,0.5020979782756453,-0.022222222222222254
qwen3,fiqa,reference_geometry,arguana,0.0,0.9383886255924171,0.4972719361917598,
qwen3,fiqa,reference_geometry,scifact,0.0,0.8,0.674864130779503,
qwen3,fiqa,reference_geometry,nfcorpus,0.0,0.7916666666666666,0.33526569689124636,
qwen3,fiqa,reference_geometry,arguana,0.05,0.943127962085308,0.4988601314107947,
qwen3,fiqa,reference_geometry,scifact,0.05,0.8,0.674864130779503,
qwen3,fiqa,reference_geometry,nfcorpus,0.05,0.7916666666666666,0.336917345496113,
qwen3,fiqa,reference_geometry,arguana,0.1,0.9478672985781991,0.5000649930373212,
qwen3,fiqa,reference_geometry,scifact,0.1,0.8,0.674864130779503,
qwen3,fiqa,reference_geometry,nfcorpus,0.1,0.7916666666666666,0.3405347011479373,
qwen3,fiqa,reference_geometry,arguana,0.2,0.943127962085308,0.49921624910456963,
qwen3,fiqa,reference_geometry,scifact,0.2,0.8,0.674864130779503,
qwen3,fiqa,reference_geometry,nfcorpus,0.2,0.7708333333333334,0.33694429181096774,
qwen3,fiqa,reference_geometry,arguana,0.3,0.943127962085308,0.500993532042524,
qwen3,fiqa,reference_geometry,scifact,0.3,0.8,0.674864130779503,
qwen3,fiqa,reference_geometry,nfcorpus,0.3,0.7708333333333334,0.3340126884287215,
qwen3,fiqa,reference_geometry,arguana,0.5,0.9383886255924171,0.5002137322690898,
qwen3,fiqa,reference_geometry,scifact,0.5,0.7777777777777778,0.6690418566107706,
qwen3,fiqa,reference_geometry,nfcorpus,0.5,0.7916666666666666,0.3316551233922899,
qwen3,fiqa,reference_geometry,arguana,0.75,0.9383886255924171,0.5029113648883672,
qwen3,fiqa,reference_geometry,scifact,0.75,0.7777777777777778,0.6651455029292335,
qwen3,fiqa,reference_geometry,nfcorpus,0.75,0.7708333333333334,0.33583695741366065,
qwen3,fiqa,reference_geometry,arguana,1.0,0.9289099526066351,0.4995999534454787,
qwen3,fiqa,reference_geometry,scifact,1.0,0.7777777777777778,0.6647165120896043,
qwen3,fiqa,reference_geometry,nfcorpus,1.0,0.7916666666666666,0.3412948640389679,
qwen3,fiqa,reference_geometry,macro,0.0,0.8433517640863611,0.5024672546208364,0.0
qwen3,fiqa,reference_geometry,macro,0.05,0.8449315429173249,0.5035472025621369,0.0
qwen3,fiqa,reference_geometry,macro,0.1,0.8465113217482886,0.5051546083215872,0.0
qwen3,fiqa,reference_geometry,macro,0.2,0.8379870984728806,0.5036748905650135,-0.02083333333333326
qwen3,fiqa,reference_geometry,macro,0.3,0.8379870984728806,0.5032901170835828,-0.02083333333333326
qwen3,fiqa,reference_geometry,macro,0.5,0.8359443566789538,0.5003035707573835,-0.022222222222222254
qwen3,fiqa,reference_geometry,macro,0.75,0.8289999122345094,0.5012979417437537,-0.022222222222222254
qwen3,fiqa,reference_geometry,macro,1.0,0.8327847990170265,0.5018704431913502,-0.022222222222222254
qwen3,fiqa,corpus_geometry,arguana,0.0,0.9383886255924171,0.4972719361917598,
qwen3,fiqa,corpus_geometry,scifact,0.0,0.8,0.674864130779503,
qwen3,fiqa,corpus_geometry,nfcorpus,0.0,0.7916666666666666,0.33526569689124636,
qwen3,fiqa,corpus_geometry,arguana,0.05,0.943127962085308,0.4988034244470691,
qwen3,fiqa,corpus_geometry,scifact,0.05,0.8,0.674864130779503,
qwen3,fiqa,corpus_geometry,nfcorpus,0.05,0.7916666666666666,0.336917345496113,
qwen3,fiqa,corpus_geometry,arguana,0.1,0.9478672985781991,0.5000649930373212,
qwen3,fiqa,corpus_geometry,scifact,0.1,0.8,0.674864130779503,
qwen3,fiqa,corpus_geometry,nfcorpus,0.1,0.7916666666666666,0.34064670942976444,
qwen3,fiqa,corpus_geometry,arguana,0.2,0.943127962085308,0.49921624910456963,
qwen3,fiqa,corpus_geometry,scifact,0.2,0.8,0.674864130779503,
qwen3,fiqa,corpus_geometry,nfcorpus,0.2,0.7708333333333334,0.3359585805007932,
qwen3,fiqa,corpus_geometry,arguana,0.3,0.943127962085308,0.5008684133199276,
qwen3,fiqa,corpus_geometry,scifact,0.3,0.8,0.674864130779503,
qwen3,fiqa,corpus_geometry,nfcorpus,0.3,0.7708333333333334,0.3351805274160471,
qwen3,fiqa,corpus_geometry,arguana,0.5,0.933649289099526,0.49891216854778103,
qwen3,fiqa,corpus_geometry,scifact,0.5,0.7777777777777778,0.6690418566107706,
qwen3,fiqa,corpus_geometry,nfcorpus,0.5,0.7916666666666666,0.3332149673100862,
qwen3,fiqa,corpus_geometry,arguana,0.75,0.933649289099526,0.5003924831105853,
qwen3,fiqa,corpus_geometry,scifact,0.75,0.7777777777777778,0.6651455029292335,
qwen3,fiqa,corpus_geometry,nfcorpus,0.75,0.7708333333333334,0.33712797035176645,
qwen3,fiqa,corpus_geometry,arguana,1.0,0.9383886255924171,0.5017438464399281,
qwen3,fiqa,corpus_geometry,scifact,1.0,0.7777777777777778,0.6647165120896043,
qwen3,fiqa,corpus_geometry,nfcorpus,1.0,0.7916666666666666,0.34283354678296085,
qwen3,fiqa,corpus_geometry,macro,0.0,0.8433517640863611,0.5024672546208364,0.0
qwen3,fiqa,corpus_geometry,macro,0.05,0.8449315429173249,0.503528300240895,0.0
qwen3,fiqa,corpus_geometry,macro,0.1,0.8465113217482886,0.5051919444155296,0.0
qwen3,fiqa,corpus_geometry,macro,0.2,0.8379870984728806,0.5033463201282886,-0.02083333333333326
qwen3,fiqa,corpus_geometry,macro,0.3,0.8379870984728806,0.5036376905051593,-0.02083333333333326
qwen3,fiqa,corpus_geometry,macro,0.5,0.8343645778479901,0.5003896641562126,-0.022222222222222254
qwen3,fiqa,corpus_geometry,macro,0.75,0.8274201334035457,0.5008886521305284,-0.022222222222222254
qwen3,fiqa,corpus_geometry,macro,1.0,0.8359443566789538,0.5030979684374978,-0.022222222222222254
qwen3,arguana,q_only,fiqa,0.0,0.684,0.4268248465727966,
qwen3,arguana,q_only,scifact,0.0,0.8,0.674864130779503,
qwen3,arguana,q_only,nfcorpus,0.0,0.7916666666666666,0.33526569689124636,
qwen3,arguana,q_only,fiqa,0.05,0.68,0.4257928710098978,
qwen3,arguana,q_only,scifact,0.05,0.8,0.674864130779503,
qwen3,arguana,q_only,nfcorpus,0.05,0.7916666666666666,0.33682278328058146,
qwen3,arguana,q_only,fiqa,0.1,0.68,0.42431628809224303,
qwen3,arguana,q_only,scifact,0.1,0.8,0.674864130779503,
qwen3,arguana,q_only,nfcorpus,0.1,0.7916666666666666,0.3384969597110581,
qwen3,arguana,q_only,fiqa,0.2,0.684,0.42456197403115215,
qwen3,arguana,q_only,scifact,0.2,0.8,0.674864130779503,
qwen3,arguana,q_only,nfcorpus,0.2,0.7916666666666666,0.340455665850355,
qwen3,arguana,q_only,fiqa,0.3,0.684,0.4242186502377445,
qwen3,arguana,q_only,scifact,0.3,0.8,0.6753724386411627,
qwen3,arguana,q_only,nfcorpus,0.3,0.7916666666666666,0.3387365757558174,
qwen3,arguana,q_only,fiqa,0.5,0.688,0.425098689319506,
qwen3,arguana,q_only,scifact,0.5,0.8,0.6835739996729081,
qwen3,arguana,q_only,nfcorpus,0.5,0.7916666666666666,0.336456763287069,
qwen3,arguana,q_only,fiqa,0.75,0.686,0.42641920446430165,
qwen3,arguana,q_only,scifact,0.75,0.7777777777777778,0.6866343003165105,
qwen3,arguana,q_only,nfcorpus,0.75,0.8125,0.34196630087964136,
qwen3,arguana,q_only,fiqa,1.0,0.688,0.4237350011924247,
qwen3,arguana,q_only,scifact,1.0,0.7777777777777778,0.6784327392847651,
qwen3,arguana,q_only,nfcorpus,1.0,0.8125,0.33915801873141005,
qwen3,arguana,q_only,macro,0.0,0.7585555555555555,0.4789848914145154,0.0
qwen3,arguana,q_only,macro,0.05,0.7572222222222221,0.47915992835666077,-0.0040000000000000036
qwen3,arguana,q_only,macro,0.1,0.7572222222222221,0.4792257928609347,-0.0040000000000000036
qwen3,arguana,q_only,macro,0.2,0.7585555555555555,0.4799605902203367,0.0
qwen3,arguana,q_only,macro,0.3,0.7585555555555555,0.4794425548782415,0.0
qwen3,arguana,q_only,macro,0.5,0.7598888888888888,0.4817098174264944,0.0
qwen3,arguana,q_only,macro,0.75,0.7587592592592592,0.4850066018868178,-0.022222222222222254
qwen3,arguana,q_only,macro,1.0,0.759425925925926,0.4804419197362,-0.022222222222222254
qwen3,arguana,reference_geometry,fiqa,0.0,0.684,0.4268248465727966,
qwen3,arguana,reference_geometry,scifact,0.0,0.8,0.674864130779503,
qwen3,arguana,reference_geometry,nfcorpus,0.0,0.7916666666666666,0.33526569689124636,
qwen3,arguana,reference_geometry,fiqa,0.05,0.68,0.4258321510872119,
qwen3,arguana,reference_geometry,scifact,0.05,0.8,0.674864130779503,
qwen3,arguana,reference_geometry,nfcorpus,0.05,0.7916666666666666,0.33682278328058146,
qwen3,arguana,reference_geometry,fiqa,0.1,0.682,0.42517524359206765,
qwen3,arguana,reference_geometry,scifact,0.1,0.8,0.674864130779503,
qwen3,arguana,reference_geometry,nfcorpus,0.1,0.7916666666666666,0.3384969597110581,
qwen3,arguana,reference_geometry,fiqa,0.2,0.686,0.42517199503250186,
qwen3,arguana,reference_geometry,scifact,0.2,0.8,0.674864130779503,
qwen3,arguana,reference_geometry,nfcorpus,0.2,0.7916666666666666,0.3405861831950731,
qwen3,arguana,reference_geometry,fiqa,0.3,0.684,0.42391834530495626,
qwen3,arguana,reference_geometry,scifact,0.3,0.8,0.674864130779503,
qwen3,arguana,reference_geometry,nfcorpus,0.3,0.7916666666666666,0.3387365757558174,
qwen3,arguana,reference_geometry,fiqa,0.5,0.688,0.4250450964568626,
qwen3,arguana,reference_geometry,scifact,0.5,0.8,0.6835739996729081,
qwen3,arguana,reference_geometry,nfcorpus,0.5,0.7916666666666666,0.33652295075545213,
qwen3,arguana,reference_geometry,fiqa,0.75,0.69,0.42585444795495425,
qwen3,arguana,reference_geometry,scifact,0.75,0.7777777777777778,0.6784327392847651,
qwen3,arguana,reference_geometry,nfcorpus,0.75,0.8125,0.3379849818705252,
qwen3,arguana,reference_geometry,fiqa,1.0,0.692,0.42269304916021405,
qwen3,arguana,reference_geometry,scifact,1.0,0.7777777777777778,0.6784327392847651,
qwen3,arguana,reference_geometry,nfcorpus,1.0,0.8125,0.3393968480223692,
qwen3,arguana,reference_geometry,macro,0.0,0.7585555555555555,0.4789848914145154,0.0
qwen3,arguana,reference_geometry,macro,0.05,0.7572222222222221,0.4791730217157655,-0.0040000000000000036
qwen3,arguana,reference_geometry,macro,0.1,0.757888888888889,0.47951211136087624,-0.0020000000000000018
qwen3,arguana,reference_geometry,macro,0.2,0.7592222222222222,0.4802074363356927,0.0
qwen3,arguana,reference_geometry,macro,0.3,0.7585555555555555,0.47917301728009226,0.0
qwen3,arguana,reference_geometry,macro,0.5,0.7598888888888888,0.48171401562840765,0.0
qwen3,arguana,reference_geometry,macro,0.75,0.7600925925925925,0.4807573897034148,-0.022222222222222254
qwen3,arguana,reference_geometry,macro,1.0,0.7607592592592592,0.4801742121557828,-0.022222222222222254
qwen3,arguana,corpus_geometry,fiqa,0.0,0.684,0.4268248465727966,
qwen3,arguana,corpus_geometry,scifact,0.0,0.8,0.674864130779503,
qwen3,arguana,corpus_geometry,nfcorpus,0.0,0.7916666666666666,0.33526569689124636,
qwen3,arguana,corpus_geometry,fiqa,0.05,0.68,0.42586053448997496,
qwen3,arguana,corpus_geometry,scifact,0.05,0.8,0.674864130779503,
qwen3,arguana,corpus_geometry,nfcorpus,0.05,0.7916666666666666,0.33682278328058146,
qwen3,arguana,corpus_geometry,fiqa,0.1,0.68,0.42462861787951,
qwen3,arguana,corpus_geometry,scifact,0.1,0.8,0.674864130779503,
qwen3,arguana,corpus_geometry,nfcorpus,0.1,0.7916666666666666,0.3384969597110581,
qwen3,arguana,corpus_geometry,fiqa,0.2,0.686,0.4252928553806205,
qwen3,arguana,corpus_geometry,scifact,0.2,0.8,0.674864130779503,
qwen3,arguana,corpus_geometry,nfcorpus,0.2,0.7916666666666666,0.340455665850355,
qwen3,arguana,corpus_geometry,fiqa,0.3,0.684,0.42422928416503364,
qwen3,arguana,corpus_geometry,scifact,0.3,0.8,0.6753724386411627,
qwen3,arguana,corpus_geometry,nfcorpus,0.3,0.7916666666666666,0.33880276322420055,
qwen3,arguana,corpus_geometry,fiqa,0.5,0.688,0.4247324549029056,
qwen3,arguana,corpus_geometry,scifact,0.5,0.8,0.6924565744852428,
qwen3,arguana,corpus_geometry,nfcorpus,0.5,0.7916666666666666,0.3366149213390921,
qwen3,arguana,corpus_geometry,fiqa,0.75,0.688,0.4250162381405137,
qwen3,arguana,corpus_geometry,scifact,0.75,0.7777777777777778,0.6778313506464333,
qwen3,arguana,corpus_geometry,nfcorpus,0.75,0.8125,0.33804156784568756,
qwen3,arguana,corpus_geometry,fiqa,1.0,0.69,0.4206972430084894,
qwen3,arguana,corpus_geometry,scifact,1.0,0.7777777777777778,0.6784327392847651,
qwen3,arguana,corpus_geometry,nfcorpus,1.0,0.8125,0.34069243523357584,
qwen3,arguana,corpus_geometry,macro,0.0,0.7585555555555555,0.4789848914145154,0.0
qwen3,arguana,corpus_geometry,macro,0.05,0.7572222222222221,0.4791824828500198,-0.0040000000000000036
qwen3,arguana,corpus_geometry,macro,0.1,0.7572222222222221,0.47932990279002374,-0.0040000000000000036
qwen3,arguana,corpus_geometry,macro,0.2,0.7592222222222222,0.48020421733682617,0.0
qwen3,arguana,corpus_geometry,macro,0.3,0.7585555555555555,0.47946816201013226,0.0
qwen3,arguana,corpus_geometry,macro,0.5,0.7598888888888888,0.48460131690908015,0.0
qwen3,arguana,corpus_geometry,macro,0.75,0.759425925925926,0.4802963855442115,-0.022222222222222254
qwen3,arguana,corpus_geometry,macro,1.0,0.7600925925925925,0.4799408058422768,-0.022222222222222254
qwen3,scifact,q_only,fiqa,0.0,0.684,0.4268248465727966,
qwen3,scifact,q_only,arguana,0.0,0.9383886255924171,0.4972719361917598,
qwen3,scifact,q_only,nfcorpus,0.0,0.7916666666666666,0.33526569689124636,
qwen3,scifact,q_only,fiqa,0.05,0.68,0.42645676989038456,
qwen3,scifact,q_only,arguana,0.05,0.943127962085308,0.49874671748334354,
qwen3,scifact,q_only,nfcorpus,0.05,0.7916666666666666,0.33722854825361814,
qwen3,scifact,q_only,fiqa,0.1,0.682,0.4253033095118008,
qwen3,scifact,q_only,arguana,0.1,0.9383886255924171,0.4972683351132366,
qwen3,scifact,q_only,nfcorpus,0.1,0.7916666666666666,0.338397033503836,
qwen3,scifact,q_only,fiqa,0.2,0.684,0.42522833617060873,
qwen3,scifact,q_only,arguana,0.2,0.943127962085308,0.49898272349204575,
qwen3,scifact,q_only,nfcorpus,0.2,0.7916666666666666,0.34052721495378924,
qwen3,scifact,q_only,fiqa,0.3,0.684,0.4238379310937986,
qwen3,scifact,q_only,arguana,0.3,0.943127962085308,0.5010059767691263,
qwen3,scifact,q_only,nfcorpus,0.3,0.7916666666666666,0.3361321640858084,
qwen3,scifact,q_only,fiqa,0.5,0.684,0.42482848704789955,
qwen3,scifact,q_only,arguana,0.5,0.9383886255924171,0.5008590165697769,
qwen3,scifact,q_only,nfcorpus,0.5,0.7916666666666666,0.33976530754544715,
qwen3,scifact,q_only,fiqa,0.75,0.69,0.4246950477381339,
qwen3,scifact,q_only,arguana,0.75,0.9383886255924171,0.501103189406156,
qwen3,scifact,q_only,nfcorpus,0.75,0.7708333333333334,0.340260581925483,
qwen3,scifact,q_only,fiqa,1.0,0.688,0.4225941383577151,
qwen3,scifact,q_only,arguana,1.0,0.9383886255924171,0.5025490652473524,
qwen3,scifact,q_only,nfcorpus,1.0,0.7916666666666666,0.3423549961256937,
qwen3,scifact,q_only,macro,0.0,0.8046850974196946,0.4197874932186009,0.0
qwen3,scifact,q_only,macro,0.05,0.8049315429173248,0.42081067854244875,-0.0040000000000000036
qwen3,scifact,q_only,macro,0.1,0.8040184307530279,0.4203228927096245,-0.0020000000000000018
qwen3,scifact,q_only,macro,0.2,0.8062648762506582,0.4215794248721479,0.0
qwen3,scifact,q_only,macro,0.3,0.8062648762506582,0.42032535731624443,0.0
qwen3,scifact,q_only,macro,0.5,0.8046850974196946,0.4218176037210412,0.0
qwen3,scifact,q_only,macro,0.75,0.7997406529752502,0.4220196063565909,-0.02083333333333326
qwen3,scifact,q_only,macro,1.0,0.8060184307530278,0.42249939991025376,0.0
qwen3,scifact,reference_geometry,fiqa,0.0,0.684,0.4268248465727966,
qwen3,scifact,reference_geometry,arguana,0.0,0.9383886255924171,0.4972719361917598,
qwen3,scifact,reference_geometry,nfcorpus,0.0,0.7916666666666666,0.33526569689124636,
qwen3,scifact,reference_geometry,fiqa,0.05,0.68,0.4265560497594929,
qwen3,scifact,reference_geometry,arguana,0.05,0.943127962085308,0.49874671748334354,
qwen3,scifact,reference_geometry,nfcorpus,0.05,0.7916666666666666,0.3378288932687122,
qwen3,scifact,reference_geometry,fiqa,0.1,0.682,0.4253393603892741,
qwen3,scifact,reference_geometry,arguana,0.1,0.9383886255924171,0.4972683351132366,
qwen3,scifact,reference_geometry,nfcorpus,0.1,0.7916666666666666,0.3384789647572231,
qwen3,scifact,reference_geometry,fiqa,0.2,0.684,0.4251472940276707,
qwen3,scifact,reference_geometry,arguana,0.2,0.943127962085308,0.49909613741949693,
qwen3,scifact,reference_geometry,nfcorpus,0.2,0.7916666666666666,0.3375067751781267,
qwen3,scifact,reference_geometry,fiqa,0.3,0.684,0.4233359360754271,
qwen3,scifact,reference_geometry,arguana,0.3,0.943127962085308,0.5010626837328518,
qwen3,scifact,reference_geometry,nfcorpus,0.3,0.7916666666666666,0.33745759717328655,
qwen3,scifact,reference_geometry,fiqa,0.5,0.686,0.4246537755342456,
qwen3,scifact,reference_geometry,arguana,0.5,0.9383886255924171,0.5008310389053148,
qwen3,scifact,reference_geometry,nfcorpus,0.5,0.7916666666666666,0.3402590989888415,
qwen3,scifact,reference_geometry,fiqa,0.75,0.688,0.423789584734216,
qwen3,scifact,reference_geometry,arguana,0.75,0.9383886255924171,0.5010146564640686,
qwen3,scifact,reference_geometry,nfcorpus,0.75,0.7708333333333334,0.3389593697097446,
qwen3,scifact,reference_geometry,fiqa,1.0,0.686,0.42340197727326984,
qwen3,scifact,reference_geometry,arguana,1.0,0.9383886255924171,0.5014494165210529,
qwen3,scifact,reference_geometry,nfcorpus,1.0,0.7708333333333334,0.34306636843097543,
qwen3,scifact,reference_geometry,macro,0.0,0.8046850974196946,0.4197874932186009,0.0
qwen3,scifact,reference_geometry,macro,0.05,0.8049315429173248,0.42104388683718286,-0.0040000000000000036
qwen3,scifact,reference_geometry,macro,0.1,0.8040184307530279,0.4203622200865779,-0.0020000000000000018
qwen3,scifact,reference_geometry,macro,0.2,0.8062648762506582,0.42058340220843143,0.0
qwen3,scifact,reference_geometry,macro,0.3,0.8062648762506582,0.42061873899385516,0.0
qwen3,scifact,reference_geometry,macro,0.5,0.8053517640863612,0.4219146378094673,0.0
qwen3,scifact,reference_geometry,macro,0.75,0.7990739863085835,0.42125453696934306,-0.02083333333333326
qwen3,scifact,reference_geometry,macro,1.0,0.7984073196419169,0.4226392540750994,-0.02083333333333326
qwen3,scifact,corpus_geometry,fiqa,0.0,0.684,0.4268248465727966,
qwen3,scifact,corpus_geometry,arguana,0.0,0.9383886255924171,0.4972719361917598,
qwen3,scifact,corpus_geometry,nfcorpus,0.0,0.7916666666666666,0.33526569689124636,
qwen3,scifact,corpus_geometry,fiqa,0.05,0.68,0.42651128326606785,
qwen3,scifact,corpus_geometry,arguana,0.05,0.943127962085308,0.49874671748334354,
qwen3,scifact,corpus_geometry,nfcorpus,0.05,0.7916666666666666,0.3368099711022679,
qwen3,scifact,corpus_geometry,fiqa,0.1,0.682,0.42557769257039935,
qwen3,scifact,corpus_geometry,arguana,0.1,0.9383886255924171,0.4972683351132366,
qwen3,scifact,corpus_geometry,nfcorpus,0.1,0.7916666666666666,0.3384789647572231,
qwen3,scifact,corpus_geometry,fiqa,0.2,0.684,0.42481678786774135,
qwen3,scifact,corpus_geometry,arguana,0.2,0.9383886255924171,0.4976694549755918,
qwen3,scifact,corpus_geometry,nfcorpus,0.2,0.7916666666666666,0.3374248439247396,
qwen3,scifact,corpus_geometry,fiqa,0.3,0.684,0.4231919063155148,
qwen3,scifact,corpus_geometry,arguana,0.3,0.943127962085308,0.5006774296509906,
qwen3,scifact,corpus_geometry,nfcorpus,0.3,0.7916666666666666,0.3361321640858084,
qwen3,scifact,corpus_geometry,fiqa,0.5,0.686,0.42491250034356576,
qwen3,scifact,corpus_geometry,arguana,0.5,0.9383886255924171,0.5000551891983478,
qwen3,scifact,corpus_geometry,nfcorpus,0.5,0.7916666666666666,0.3402641669941067,
qwen3,scifact,corpus_geometry,fiqa,0.75,0.686,0.4240780137998586,
qwen3,scifact,corpus_geometry,arguana,0.75,0.9383886255924171,0.5011878740343436,
qwen3,scifact,corpus_geometry,nfcorpus,0.75,0.7708333333333334,0.34038381850017796,
qwen3,scifact,corpus_geometry,fiqa,1.0,0.69,0.42310810399853377,
qwen3,scifact,corpus_geometry,arguana,1.0,0.9383886255924171,0.5028371782710793,
qwen3,scifact,corpus_geometry,nfcorpus,1.0,0.7916666666666666,0.34067313428541274,
qwen3,scifact,corpus_geometry,macro,0.0,0.8046850974196946,0.4197874932186009,0.0
qwen3,scifact,corpus_geometry,macro,0.05,0.8049315429173248,0.42068932395055975,-0.0040000000000000036
qwen3,scifact,corpus_geometry,macro,0.1,0.8040184307530279,0.420441664146953,-0.0020000000000000018
qwen3,scifact,corpus_geometry,macro,0.2,0.8046850974196946,0.41997036225602424,0.0
qwen3,scifact,corpus_geometry,macro,0.3,0.8062648762506582,0.4200005000174379,0.0
qwen3,scifact,corpus_geometry,macro,0.5,0.8053517640863612,0.42174395217867344,0.0
qwen3,scifact,corpus_geometry,macro,0.75,0.7984073196419169,0.4218832354447934,-0.02083333333333326
qwen3,scifact,corpus_geometry,macro,1.0,0.8066850974196945,0.4222061388516753,0.0
qwen3,nfcorpus,q_only,fiqa,0.0,0.684,0.4268248465727966,
qwen3,nfcorpus,q_only,arguana,0.0,0.9383886255924171,0.4972719361917598,
qwen3,nfcorpus,q_only,scifact,0.0,0.8,0.674864130779503,
qwen3,nfcorpus,q_only,fiqa,0.05,0.68,0.42569669553638395,
qwen3,nfcorpus,q_only,arguana,0.05,0.9383886255924171,0.49758654535394814,
qwen3,nfcorpus,q_only,scifact,0.05,0.8,0.674864130779503,
qwen3,nfcorpus,q_only,fiqa,0.1,0.682,0.4254047377467198,
qwen3,nfcorpus,q_only,arguana,0.1,0.9383886255924171,0.49758654535394814,
qwen3,nfcorpus,q_only,scifact,0.1,0.8,0.674864130779503,
qwen3,nfcorpus,q_only,fiqa,0.2,0.684,0.4259348999421019,
qwen3,nfcorpus,q_only,arguana,0.2,0.943127962085308,0.4987208476680596,
qwen3,nfcorpus,q_only,scifact,0.2,0.8,0.674864130779503,
qwen3,nfcorpus,q_only,fiqa,0.3,0.684,0.42578962332470843,
qwen3,nfcorpus,q_only,arguana,0.3,0.943127962085308,0.5000302997451435,
qwen3,nfcorpus,q_only,scifact,0.3,0.7777777777777778,0.6766420290041842,
qwen3,nfcorpus,q_only,fiqa,0.5,0.684,0.42567303743253915,
qwen3,nfcorpus,q_only,arguana,0.5,0.933649289099526,0.4980317205604203,
qwen3,nfcorpus,q_only,scifact,0.5,0.7777777777777778,0.6766420290041842,
qwen3,nfcorpus,q_only,fiqa,0.75,0.69,0.42663844058900485,
qwen3,nfcorpus,q_only,arguana,0.75,0.9383886255924171,0.5017317534063332,
qwen3,nfcorpus,q_only,scifact,0.75,0.7777777777777778,0.6848435900359297,
qwen3,nfcorpus,q_only,fiqa,1.0,0.682,0.4231973501393403,
qwen3,nfcorpus,q_only,arguana,1.0,0.9289099526066351,0.49852846575536164,
qwen3,nfcorpus,q_only,scifact,1.0,0.7777777777777778,0.6766420290041842,
qwen3,nfcorpus,q_only,macro,0.0,0.8074628751974724,0.5329869711813532,0.0
qwen3,nfcorpus,q_only,macro,0.05,0.8061295418641391,0.5327157905566117,-0.0040000000000000036
qwen3,nfcorpus,q_only,macro,0.1,0.8067962085308057,0.5326184712933903,-0.0020000000000000018
qwen3,nfcorpus,q_only,macro,0.2,0.809042654028436,0.5331732927965548,0.0
qwen3,nfcorpus,q_only,macro,0.3,0.8016352466210286,0.5341539840246786,-0.022222222222222254
qwen3,nfcorpus,q_only,macro,0.5,0.7984756889591013,0.5334489289990478,-0.022222222222222254
qwen3,nfcorpus,q_only,macro,0.75,0.802055467790065,0.5377379280104226,-0.022222222222222254
qwen3,nfcorpus,q_only,macro,1.0,0.796229243461471,0.532789281632962,-0.022222222222222254
qwen3,nfcorpus,reference_geometry,fiqa,0.0,0.684,0.4268248465727966,
qwen3,nfcorpus,reference_geometry,arguana,0.0,0.9383886255924171,0.4972719361917598,
qwen3,nfcorpus,reference_geometry,scifact,0.0,0.8,0.674864130779503,
qwen3,nfcorpus,reference_geometry,fiqa,0.05,0.682,0.42609230521787844,
qwen3,nfcorpus,reference_geometry,arguana,0.05,0.9383886255924171,0.49758654535394814,
qwen3,nfcorpus,reference_geometry,scifact,0.05,0.8,0.674864130779503,
qwen3,nfcorpus,reference_geometry,fiqa,0.1,0.682,0.4254645310512751,
qwen3,nfcorpus,reference_geometry,arguana,0.1,0.9383886255924171,0.49758654535394814,
qwen3,nfcorpus,reference_geometry,scifact,0.1,0.8,0.674864130779503,
qwen3,nfcorpus,reference_geometry,fiqa,0.2,0.684,0.4259784955492063,
qwen3,nfcorpus,reference_geometry,arguana,0.2,0.943127962085308,0.49861244077813216,
qwen3,nfcorpus,reference_geometry,scifact,0.2,0.7777777777777778,0.6684404679724388,
qwen3,nfcorpus,reference_geometry,fiqa,0.3,0.686,0.4264225583075698,
qwen3,nfcorpus,reference_geometry,arguana,0.3,0.943127962085308,0.4999618879862725,
qwen3,nfcorpus,reference_geometry,scifact,0.3,0.7777777777777778,0.6766420290041842,
qwen3,nfcorpus,reference_geometry,fiqa,0.5,0.682,0.42531683483256827,
qwen3,nfcorpus,reference_geometry,arguana,0.5,0.933649289099526,0.49830187165781925,
qwen3,nfcorpus,reference_geometry,scifact,0.5,0.7777777777777778,0.6766420290041842,
qwen3,nfcorpus,reference_geometry,fiqa,0.75,0.688,0.4268474471074438,
qwen3,nfcorpus,reference_geometry,arguana,0.75,0.933649289099526,0.49846364337166965,
qwen3,nfcorpus,reference_geometry,scifact,0.75,0.7777777777777778,0.6848435900359297,
qwen3,nfcorpus,reference_geometry,fiqa,1.0,0.682,0.42157290081921683,
qwen3,nfcorpus,reference_geometry,arguana,1.0,0.9289099526066351,0.4985036703772556,
qwen3,nfcorpus,reference_geometry,scifact,1.0,0.7777777777777778,0.6766420290041842,
qwen3,nfcorpus,reference_geometry,macro,0.0,0.8074628751974724,0.5329869711813532,0.0
qwen3,nfcorpus,reference_geometry,macro,0.05,0.8067962085308057,0.5328476604504432,-0.0020000000000000018
qwen3,nfcorpus,reference_geometry,macro,0.1,0.8067962085308057,0.5326384023949088,-0.0020000000000000018
qwen3,nfcorpus,reference_geometry,macro,0.2,0.8016352466210286,0.5310104680999258,-0.022222222222222254
qwen3,nfcorpus,reference_geometry,macro,0.3,0.8023019132876953,0.5343421584326755,-0.022222222222222254
qwen3,nfcorpus,reference_geometry,macro,0.5,0.7978090222924346,0.5334202451648573,-0.022222222222222254
qwen3,nfcorpus,reference_geometry,macro,0.75,0.7998090222924347,0.5367182268383477,-0.022222222222222254
qwen3,nfcorpus,reference_geometry,macro,1.0,0.796229243461471,0.5322395334002189,-0.022222222222222254
qwen3,nfcorpus,corpus_geometry,fiqa,0.0,0.684,0.4268248465727966,
qwen3,nfcorpus,corpus_geometry,arguana,0.0,0.9383886255924171,0.4972719361917598,
qwen3,nfcorpus,corpus_geometry,scifact,0.0,0.8,0.674864130779503,
qwen3,nfcorpus,corpus_geometry,fiqa,0.05,0.682,0.42609230521787844,
qwen3,nfcorpus,corpus_geometry,arguana,0.05,0.9383886255924171,0.49758654535394814,
qwen3,nfcorpus,corpus_geometry,scifact,0.05,0.8,0.674864130779503,
qwen3,nfcorpus,corpus_geometry,fiqa,0.1,0.682,0.4252359649771021,
qwen3,nfcorpus,corpus_geometry,arguana,0.1,0.9383886255924171,0.49758654535394814,
qwen3,nfcorpus,corpus_geometry,scifact,0.1,0.8,0.674864130779503,
qwen3,nfcorpus,corpus_geometry,fiqa,0.2,0.684,0.4257893488147232,
qwen3,nfcorpus,corpus_geometry,arguana,0.2,0.943127962085308,0.4981850121371409,
qwen3,nfcorpus,corpus_geometry,scifact,0.2,0.8,0.674864130779503,
qwen3,nfcorpus,corpus_geometry,fiqa,0.3,0.684,0.424952541137504,
qwen3,nfcorpus,corpus_geometry,arguana,0.3,0.943127962085308,0.5000302997451435,
qwen3,nfcorpus,corpus_geometry,scifact,0.3,0.7777777777777778,0.6766420290041842,
qwen3,nfcorpus,corpus_geometry,fiqa,0.5,0.686,0.42565132098021724,
qwen3,nfcorpus,corpus_geometry,arguana,0.5,0.933649289099526,0.4984233893018924,
qwen3,nfcorpus,corpus_geometry,scifact,0.5,0.7777777777777778,0.6766420290041842,
qwen3,nfcorpus,corpus_geometry,fiqa,0.75,0.69,0.42655110101127897,
qwen3,nfcorpus,corpus_geometry,arguana,0.75,0.9289099526066351,0.4975068996378134,
qwen3,nfcorpus,corpus_geometry,scifact,0.75,0.7777777777777778,0.6766420290041842,
qwen3,nfcorpus,corpus_geometry,fiqa,1.0,0.684,0.4228958074332703,
qwen3,nfcorpus,corpus_geometry,arguana,1.0,0.933649289099526,0.5000068481254687,
qwen3,nfcorpus,corpus_geometry,scifact,1.0,0.7777777777777778,0.6766420290041842,
qwen3,nfcorpus,corpus_geometry,macro,0.0,0.8074628751974724,0.5329869711813532,0.0
qwen3,nfcorpus,corpus_geometry,macro,0.05,0.8067962085308057,0.5328476604504432,-0.0020000000000000018
qwen3,nfcorpus,corpus_geometry,macro,0.1,0.8067962085308057,0.5325622137035178,-0.0020000000000000018
qwen3,nfcorpus,corpus_geometry,macro,0.2,0.809042654028436,0.5329461639104557,0.0
qwen3,nfcorpus,corpus_geometry,macro,0.3,0.8016352466210286,0.5338749566289439,-0.022222222222222254
qwen3,nfcorpus,corpus_geometry,macro,0.5,0.7991423556257679,0.5335722464287646,-0.022222222222222254
qwen3,nfcorpus,corpus_geometry,macro,0.75,0.7988959101281377,0.5335666765510921,-0.022222222222222254
qwen3,nfcorpus,corpus_geometry,macro,1.0,0.7984756889591013,0.5331815615209744,-0.022222222222222254
bge-m3,fiqa,q_only,arguana,0.0,0.8199052132701422,0.40211379978182504,
bge-m3,fiqa,q_only,scifact,0.0,0.7777777777777778,0.6017979901608002,
bge-m3,fiqa,q_only,nfcorpus,0.0,0.6875,0.31551218701142164,
bge-m3,fiqa,q_only,arguana,0.05,0.8199052132701422,0.4035280374991279,
bge-m3,fiqa,q_only,scifact,0.05,0.7777777777777778,0.6027718512905524,
bge-m3,fiqa,q_only,nfcorpus,0.05,0.6875,0.31621094484654605,
bge-m3,fiqa,q_only,arguana,0.1,0.8199052132701422,0.40564023080711853,
bge-m3,fiqa,q_only,scifact,0.1,0.8,0.6097038219592763,
bge-m3,fiqa,q_only,nfcorpus,0.1,0.6875,0.317155437022893,
bge-m3,fiqa,q_only,arguana,0.2,0.8104265402843602,0.40535229780802295,
bge-m3,fiqa,q_only,scifact,0.2,0.8,0.6152319835631027,
bge-m3,fiqa,q_only,nfcorpus,0.2,0.6875,0.3176711816211197,
bge-m3,fiqa,q_only,arguana,0.3,0.8151658767772512,0.4102957215769677,
bge-m3,fiqa,q_only,scifact,0.3,0.8,0.6152319835631027,
bge-m3,fiqa,q_only,nfcorpus,0.3,0.6875,0.31540297354707153,
bge-m3,fiqa,q_only,arguana,0.5,0.8293838862559242,0.4164854113677931,
bge-m3,fiqa,q_only,scifact,0.5,0.8222222222222222,0.6266480950881042,
bge-m3,fiqa,q_only,nfcorpus,0.5,0.7083333333333334,0.3122908919579431,
bge-m3,fiqa,q_only,arguana,0.75,0.8436018957345972,0.4262138684647782,
bge-m3,fiqa,q_only,scifact,0.75,0.8444444444444444,0.6253077441113185,
bge-m3,fiqa,q_only,nfcorpus,0.75,0.7083333333333334,0.30763379889691495,
bge-m3,fiqa,q_only,arguana,1.0,0.8341232227488151,0.42702648898706164,
bge-m3,fiqa,q_only,scifact,1.0,0.8666666666666667,0.6417396575628397,
bge-m3,fiqa,q_only,nfcorpus,1.0,0.7083333333333334,0.3006595864119759,
bge-m3,fiqa,q_only,macro,0.0,0.76172766368264,0.4398079923180156,0.0
bge-m3,fiqa,q_only,macro,0.05,0.76172766368264,0.4408369445454088,0.0
bge-m3,fiqa,q_only,macro,0.1,0.7691350710900474,0.4441664965964293,0.0
bge-m3,fiqa,q_only,macro,0.2,0.7659755134281201,0.44608515433074847,-0.009478672985781977
bge-m3,fiqa,q_only,macro,0.3,0.7675552922590837,0.446976892895714,-0.004739336492891044
bge-m3,fiqa,q_only,macro,0.5,0.7866464806038266,0.45180813280461346,0.009478672985781977
bge-m3,fiqa,q_only,macro,0.75,0.798793224504125,0.4530518038243372,0.02083333333333337
bge-m3,fiqa,q_only,macro,1.0,0.803041074249605,0.4564752443206257,0.01421800947867291
bge-m3,fiqa,reference_geometry,arguana,0.0,0.8199052132701422,0.40211379978182504,
bge-m3,fiqa,reference_geometry,scifact,0.0,0.7777777777777778,0.6017979901608002,
bge-m3,fiqa,reference_geometry,nfcorpus,0.0,0.6875,0.31551218701142164,
bge-m3,fiqa,reference_geometry,arguana,0.05,0.8199052132701422,0.4035280374991279,
bge-m3,fiqa,reference_geometry,scifact,0.05,0.7777777777777778,0.6027718512905524,
bge-m3,fiqa,reference_geometry,nfcorpus,0.05,0.6875,0.31621094484654605,
bge-m3,fiqa,reference_geometry,arguana,0.1,0.8199052132701422,0.4062607509662249,
bge-m3,fiqa,reference_geometry,scifact,0.1,0.8,0.6091955140976165,
bge-m3,fiqa,reference_geometry,nfcorpus,0.1,0.6875,0.31623030864585716,
bge-m3,fiqa,reference_geometry,arguana,0.2,0.8104265402843602,0.4059728179671294,
bge-m3,fiqa,reference_geometry,scifact,0.2,0.8,0.6152319835631027,
bge-m3,fiqa,reference_geometry,nfcorpus,0.2,0.6875,0.31761429216812104,
bge-m3,fiqa,reference_geometry,arguana,0.3,0.8104265402843602,0.40892574609678817,
bge-m3,fiqa,reference_geometry,scifact,0.3,0.8,0.6152319835631027,
bge-m3,fiqa,reference_geometry,nfcorpus,0.3,0.6875,0.31535701588481174,
bge-m3,fiqa,reference_geometry,arguana,0.5,0.8293838862559242,0.4164854113677931,
bge-m3,fiqa,reference_geometry,scifact,0.5,0.8222222222222222,0.6273291088686935,
bge-m3,fiqa,reference_geometry,nfcorpus,0.5,0.7083333333333334,0.31275085379310813,
bge-m3,fiqa,reference_geometry,arguana,0.75,0.8436018957345972,0.4262906966117203,
bge-m3,fiqa,reference_geometry,scifact,0.75,0.8444444444444444,0.6257048209234877,
bge-m3,fiqa,reference_geometry,nfcorpus,0.75,0.7083333333333334,0.30768472422968,
bge-m3,fiqa,reference_geometry,arguana,1.0,0.8293838862559242,0.4255718288786944,
bge-m3,fiqa,reference_geometry,scifact,1.0,0.8666666666666667,0.6385184399450368,
bge-m3,fiqa,reference_geometry,nfcorpus,1.0,0.7083333333333334,0.30005847611941894,
bge-m3,fiqa,reference_geometry,macro,0.0,0.76172766368264,0.4398079923180156,0.0
bge-m3,fiqa,reference_geometry,macro,0.05,0.76172766368264,0.4408369445454088,0.0
bge-m3,fiqa,reference_geometry,macro,0.1,0.7691350710900474,0.4438955245698995,0.0
bge-m3,fiqa,reference_geometry,macro,0.2,0.7659755134281201,0.44627303123278445,-0.009478672985781977
bge-m3,fiqa,reference_geometry,macro,0.3,0.7659755134281201,0.4465049151815676,-0.009478672985781977
bge-m3,fiqa,reference_geometry,macro,0.5,0.7866464806038266,0.4521884580098649,0.009478672985781977
bge-m3,fiqa,reference_geometry,macro,0.75,0.798793224504125,0.4532267472549627,0.02083333333333337
bge-m3,fiqa,reference_geometry,macro,1.0,0.8014612954186414,0.45471624831438334,0.009478672985781977
bge-m3,fiqa,corpus_geometry,arguana,0.0,0.8199052132701422,0.40211379978182504,
bge-m3,fiqa,corpus_geometry,scifact,0.0,0.7777777777777778,0.6017979901608002,
bge-m3,fiqa,corpus_geometry,nfcorpus,0.0,0.6875,0.31551218701142164,
bge-m3,fiqa,corpus_geometry,arguana,0.05,0.8199052132701422,0.4035280374991279,
bge-m3,fiqa,corpus_geometry,scifact,0.05,0.7777777777777778,0.6027718512905524,
bge-m3,fiqa,corpus_geometry,nfcorpus,0.05,0.6875,0.31621094484654605,
bge-m3,fiqa,corpus_geometry,arguana,0.1,0.8199052132701422,0.4062607509662249,
bge-m3,fiqa,corpus_geometry,scifact,0.1,0.8,0.6098765278782058,
bge-m3,fiqa,corpus_geometry,nfcorpus,0.1,0.6875,0.31623030864585716,
bge-m3,fiqa,corpus_geometry,arguana,0.2,0.8104265402843602,0.4059728179671294,
bge-m3,fiqa,corpus_geometry,scifact,0.2,0.8,0.6152319835631027,
bge-m3,fiqa,corpus_geometry,nfcorpus,0.2,0.6875,0.31763452197424435,
bge-m3,fiqa,corpus_geometry,arguana,0.3,0.8104265402843602,0.408994157855659,
bge-m3,fiqa,corpus_geometry,scifact,0.3,0.8,0.616772504494805,
bge-m3,fiqa,corpus_geometry,nfcorpus,0.3,0.6875,0.31535701588481174,
bge-m3,fiqa,corpus_geometry,arguana,0.5,0.8293838862559242,0.41672711460085243,
bge-m3,fiqa,corpus_geometry,scifact,0.5,0.8222222222222222,0.6262061953069644,
bge-m3,fiqa,corpus_geometry,nfcorpus,0.5,0.7083333333333334,0.3154912487059336,
bge-m3,fiqa,corpus_geometry,arguana,0.75,0.8436018957345972,0.42639314733857,
bge-m3,fiqa,corpus_geometry,scifact,0.75,0.8444444444444444,0.6252133981189035,
bge-m3,fiqa,corpus_geometry,nfcorpus,0.75,0.7083333333333334,0.30863349072232055,
bge-m3,fiqa,corpus_geometry,arguana,1.0,0.8293838862559242,0.42633150746891213,
bge-m3,fiqa,corpus_geometry,scifact,1.0,0.8666666666666667,0.636226144618981,
bge-m3,fiqa,corpus_geometry,nfcorpus,1.0,0.7083333333333334,0.2993262655580753,
bge-m3,fiqa,corpus_geometry,macro,0.0,0.76172766368264,0.4398079923180156,0.0
bge-m3,fiqa,corpus_geometry,macro,0.05,0.76172766368264,0.4408369445454088,0.0
bge-m3,fiqa,corpus_geometry,macro,0.1,0.7691350710900474,0.44412252916342926,0.0
bge-m3,fiqa,corpus_geometry,macro,0.2,0.7659755134281201,0.4462797745014922,-0.009478672985781977
bge-m3,fiqa,corpus_geometry,macro,0.3,0.7659755134281201,0.4470412260784253,-0.009478672985781977
bge-m3,fiqa,corpus_geometry,macro,0.5,0.7866464806038266,0.45280818620458346,0.009478672985781977
bge-m3,fiqa,corpus_geometry,macro,0.75,0.798793224504125,0.45341334539326467,0.02083333333333337
bge-m3,fiqa,corpus_geometry,macro,1.0,0.8014612954186414,0.4539613058819894,0.009478672985781977
bge-m3,arguana,q_only,fiqa,0.0,0.682,0.4273856791388568,
bge-m3,arguana,q_only,scifact,0.0,0.7777777777777778,0.6017979901608002,
bge-m3,arguana,q_only,nfcorpus,0.0,0.6875,0.31551218701142164,
bge-m3,arguana,q_only,fiqa,0.05,0.684,0.42985168322607537,
bge-m3,arguana,q_only,scifact,0.05,0.8,0.6091955140976165,
bge-m3,arguana,q_only,nfcorpus,0.05,0.6875,0.3173948105504324,
bge-m3,arguana,q_only,fiqa,0.1,0.686,0.43132753032485327,
bge-m3,arguana,q_only,scifact,0.1,0.8,0.6091955140976165,
bge-m3,arguana,q_only,nfcorpus,0.1,0.6875,0.31842394485502296,
bge-m3,arguana,q_only,fiqa,0.2,0.686,0.43316955532436713,
bge-m3,arguana,q_only,scifact,0.2,0.8,0.6095925909097856,
bge-m3,arguana,q_only,nfcorpus,0.2,0.6875,0.32200077778932185,
bge-m3,arguana,q_only,fiqa,0.3,0.684,0.4320447395814737,
bge-m3,arguana,q_only,scifact,0.3,0.8,0.6120800182742127,
bge-m3,arguana,q_only,nfcorpus,0.3,0.6875,0.32674142725648697,
bge-m3,arguana,q_only,fiqa,0.5,0.68,0.42984111040869105,
bge-m3,arguana,q_only,scifact,0.5,0.8222222222222222,0.633817120081518,
bge-m3,arguana,q_only,nfcorpus,0.5,0.6875,0.3249665886812628,
bge-m3,arguana,q_only,fiqa,0.75,0.676,0.42493889167051224,
bge-m3,arguana,q_only,scifact,0.75,0.8222222222222222,0.6339748638843231,
bge-m3,arguana,q_only,nfcorpus,0.75,0.6875,0.31316398545296004,
bge-m3,arguana,q_only,fiqa,1.0,0.658,0.41243839185692754,
bge-m3,arguana,q_only,scifact,1.0,0.8222222222222222,0.6352733510302201,
bge-m3,arguana,q_only,nfcorpus,1.0,0.6875,0.30989690211904825,
bge-m3,arguana,q_only,macro,0.0,0.7157592592592593,0.4482319521036929,0.0
bge-m3,arguana,q_only,macro,0.05,0.7238333333333333,0.45214733595804146,0.0
bge-m3,arguana,q_only,macro,0.1,0.7245,0.45298232975916425,0.0
bge-m3,arguana,q_only,macro,0.2,0.7245,0.45492097467449155,0.0
bge-m3,arguana,q_only,macro,0.3,0.7238333333333333,0.4569553950373911,0.0
bge-m3,arguana,q_only,macro,0.5,0.7299074074074073,0.46287493972382404,-0.0020000000000000018
bge-m3,arguana,q_only,macro,0.75,0.728574074074074,0.45735924700259845,-0.006000000000000005
bge-m3,arguana,q_only,macro,1.0,0.7225740740740741,0.4525362150020653,-0.02400000000000002
bge-m3,arguana,reference_geometry,fiqa,0.0,0.682,0.4273856791388568,
bge-m3,arguana,reference_geometry,scifact,0.0,0.7777777777777778,0.6017979901608002,
bge-m3,arguana,reference_geometry,nfcorpus,0.0,0.6875,0.31551218701142164,
bge-m3,arguana,reference_geometry,fiqa,0.05,0.684,0.42961757776558157,
bge-m3,arguana,reference_geometry,scifact,0.05,0.8,0.6091955140976165,
bge-m3,arguana,reference_geometry,nfcorpus,0.05,0.6875,0.3173948105504324,
bge-m3,arguana,reference_geometry,fiqa,0.1,0.686,0.4313892103179621,
bge-m3,arguana,reference_geometry,scifact,0.1,0.8,0.6091955140976165,
bge-m3,arguana,reference_geometry,nfcorpus,0.1,0.6875,0.3184254303106173,
bge-m3,arguana,reference_geometry,fiqa,0.2,0.686,0.433058094655917,
bge-m3,arguana,reference_geometry,scifact,0.2,0.8,0.6102736046903748,
bge-m3,arguana,reference_geometry,nfcorpus,0.2,0.6875,0.32195804998182226,
bge-m3,arguana,reference_geometry,fiqa,0.3,0.686,0.43246597175241513,
bge-m3,arguana,reference_geometry,scifact,0.3,0.8,0.611836551741519,
bge-m3,arguana,reference_geometry,nfcorpus,0.3,0.6875,0.32669869944898733,
bge-m3,arguana,reference_geometry,fiqa,0.5,0.678,0.42936884907337564,
bge-m3,arguana,reference_geometry,scifact,0.5,0.8222222222222222,0.622706008970407,
bge-m3,arguana,reference_geometry,nfcorpus,0.5,0.6875,0.3211620590360112,
bge-m3,arguana,reference_geometry,fiqa,0.75,0.676,0.42636062182767376,
bge-m3,arguana,reference_geometry,scifact,0.75,0.8222222222222222,0.6421764249160685,
bge-m3,arguana,reference_geometry,nfcorpus,0.75,0.6875,0.31215662382359705,
bge-m3,arguana,reference_geometry,fiqa,1.0,0.658,0.41351811349030365,
bge-m3,arguana,reference_geometry,scifact,1.0,0.8222222222222222,0.6375206130720283,
bge-m3,arguana,reference_geometry,nfcorpus,1.0,0.6875,0.30668297880846745,
bge-m3,arguana,reference_geometry,macro,0.0,0.7157592592592593,0.4482319521036929,0.0
bge-m3,arguana,reference_geometry,macro,0.05,0.7238333333333333,0.4520693008045435,0.0
bge-m3,arguana,reference_geometry,macro,0.1,0.7245,0.453003384908732,0.0
bge-m3,arguana,reference_geometry,macro,0.2,0.7245,0.45509658310937134,0.0
bge-m3,arguana,reference_geometry,macro,0.3,0.7245,0.45700040764764044,0.0
bge-m3,arguana,reference_geometry,macro,0.5,0.7292407407407407,0.45774563902659793,-0.0040000000000000036
bge-m3,arguana,reference_geometry,macro,0.75,0.728574074074074,0.46023122352244644,-0.006000000000000005
bge-m3,arguana,reference_geometry,macro,1.0,0.7225740740740741,0.4525739017902665,-0.02400000000000002
bge-m3,arguana,corpus_geometry,fiqa,0.0,0.682,0.4273856791388568,
bge-m3,arguana,corpus_geometry,scifact,0.0,0.7777777777777778,0.6017979901608002,
bge-m3,arguana,corpus_geometry,nfcorpus,0.0,0.6875,0.31551218701142164,
bge-m3,arguana,corpus_geometry,fiqa,0.05,0.686,0.4299552157980454,
bge-m3,arguana,corpus_geometry,scifact,0.05,0.8,0.6091955140976165,
bge-m3,arguana,corpus_geometry,nfcorpus,0.05,0.6875,0.3173520827429328,
bge-m3,arguana,corpus_geometry,fiqa,0.1,0.686,0.4313507926061742,
bge-m3,arguana,corpus_geometry,scifact,0.1,0.8,0.6091955140976165,
bge-m3,arguana,corpus_geometry,nfcorpus,0.1,0.6875,0.3183812170475233,
bge-m3,arguana,corpus_geometry,fiqa,0.2,0.686,0.43363711816756106,
bge-m3,arguana,corpus_geometry,scifact,0.2,0.8,0.6102736046903748,
bge-m3,arguana,corpus_geometry,nfcorpus,0.2,0.6875,0.3216567566331409,
bge-m3,arguana,corpus_geometry,fiqa,0.3,0.684,0.43268052534661366,
bge-m3,arguana,corpus_geometry,scifact,0.3,0.8,0.611836551741519,
bge-m3,arguana,corpus_geometry,nfcorpus,0.3,0.6875,0.3267843538949771,
bge-m3,arguana,corpus_geometry,fiqa,0.5,0.678,0.4279712063993061,
bge-m3,arguana,corpus_geometry,scifact,0.5,0.8222222222222222,0.621569116507421,
bge-m3,arguana,corpus_geometry,nfcorpus,0.5,0.6875,0.3261067205505067,
bge-m3,arguana,corpus_geometry,fiqa,0.75,0.674,0.42340732944515624,
bge-m3,arguana,corpus_geometry,scifact,0.75,0.8,0.6271266629875341,
bge-m3,arguana,corpus_geometry,nfcorpus,0.75,0.6875,0.31041112023942224,
bge-m3,arguana,corpus_geometry,fiqa,1.0,0.66,0.41248821811082914,
bge-m3,arguana,corpus_geometry,scifact,1.0,0.8222222222222222,0.6254717880771925,
bge-m3,arguana,corpus_geometry,nfcorpus,1.0,0.6875,0.3057126131824428,
bge-m3,arguana,corpus_geometry,macro,0.0,0.7157592592592593,0.4482319521036929,0.0
bge-m3,arguana,corpus_geometry,macro,0.05,0.7245,0.4521676042128649,0.0
bge-m3,arguana,corpus_geometry,macro,0.1,0.7245,0.45297584125043805,0.0
bge-m3,arguana,corpus_geometry,macro,0.2,0.7245,0.45518915983035896,0.0
bge-m3,arguana,corpus_geometry,macro,0.3,0.7238333333333333,0.4571004769943699,0.0
bge-m3,arguana,corpus_geometry,macro,0.5,0.7292407407407407,0.45854901448574453,-0.0040000000000000036
bge-m3,arguana,corpus_geometry,macro,0.75,0.7205,0.4536483708907042,-0.008000000000000007
bge-m3,arguana,corpus_geometry,macro,1.0,0.7232407407407407,0.44789087312348813,-0.02200000000000002
bge-m3,scifact,q_only,fiqa,0.0,0.682,0.4273856791388568,
bge-m3,scifact,q_only,arguana,0.0,0.8199052132701422,0.40211379978182504,
bge-m3,scifact,q_only,nfcorpus,0.0,0.6875,0.31551218701142164,
bge-m3,scifact,q_only,fiqa,0.05,0.684,0.4296628770949459,
bge-m3,scifact,q_only,arguana,0.05,0.8199052132701422,0.40374817772733607,
bge-m3,scifact,q_only,nfcorpus,0.05,0.6875,0.3177675387594934,
bge-m3,scifact,q_only,fiqa,0.1,0.686,0.43223762080159833,
bge-m3,scifact,q_only,arguana,0.1,0.8151658767772512,0.4042401698132986,
bge-m3,scifact,q_only,nfcorpus,0.1,0.6875,0.3198066232222152,
bge-m3,scifact,q_only,fiqa,0.2,0.684,0.4333568839801002,
bge-m3,scifact,q_only,arguana,0.2,0.8151658767772512,0.40668749340848775,
bge-m3,scifact,q_only,nfcorpus,0.2,0.6875,0.32232258454308377,
bge-m3,scifact,q_only,fiqa,0.3,0.682,0.4322339515623051,
bge-m3,scifact,q_only,arguana,0.3,0.8199052132701422,0.4110246167514722,
bge-m3,scifact,q_only,nfcorpus,0.3,0.6875,0.3268234072251785,
bge-m3,scifact,q_only,fiqa,0.5,0.684,0.4291352064528726,
bge-m3,scifact,q_only,arguana,0.5,0.8293838862559242,0.41449840666043725,
bge-m3,scifact,q_only,nfcorpus,0.5,0.6875,0.32540947155081995,
bge-m3,scifact,q_only,fiqa,0.75,0.68,0.42465216708674325,
bge-m3,scifact,q_only,arguana,0.75,0.8436018957345972,0.42354798791994924,
bge-m3,scifact,q_only,nfcorpus,0.75,0.6666666666666666,0.31723328743334595,
bge-m3,scifact,q_only,fiqa,1.0,0.668,0.412247998079764,
bge-m3,scifact,q_only,arguana,1.0,0.8293838862559242,0.42567432261520716,
bge-m3,scifact,q_only,nfcorpus,1.0,0.6666666666666666,0.3121310646715865,
bge-m3,scifact,q_only,macro,0.0,0.7298017377567141,0.38167055531070115,0.0
bge-m3,scifact,q_only,macro,0.05,0.7304684044233808,0.38372619786059176,0.0
bge-m3,scifact,q_only,macro,0.1,0.7295552922590837,0.385428137945704,-0.004739336492891044
bge-m3,scifact,q_only,macro,0.2,0.7288886255924171,0.38745565397722387,-0.004739336492891044
bge-m3,scifact,q_only,macro,0.3,0.7298017377567141,0.39002732517965194,0.0
bge-m3,scifact,q_only,macro,0.5,0.7336279620853081,0.38968102822137657,0.0
bge-m3,scifact,q_only,macro,0.75,0.7300895208004213,0.3884778141466794,-0.02083333333333337
bge-m3,scifact,q_only,macro,1.0,0.7213501843075303,0.38335112845551916,-0.02083333333333337
bge-m3,scifact,reference_geometry,fiqa,0.0,0.682,0.4273856791388568,
bge-m3,scifact,reference_geometry,arguana,0.0,0.8199052132701422,0.40211379978182504,
bge-m3,scifact,reference_geometry,nfcorpus,0.0,0.6875,0.31551218701142164,
bge-m3,scifact,reference_geometry,fiqa,0.05,0.684,0.4300018141676345,
bge-m3,scifact,reference_geometry,arguana,0.05,0.8199052132701422,0.40374817772733607,
bge-m3,scifact,reference_geometry,nfcorpus,0.05,0.6875,0.3177675387594934,
bge-m3,scifact,reference_geometry,fiqa,0.1,0.686,0.43223762080159833,
bge-m3,scifact,reference_geometry,arguana,0.1,0.8151658767772512,0.40432485444148625,
bge-m3,scifact,reference_geometry,nfcorpus,0.1,0.6875,0.3197508633980955,
bge-m3,scifact,reference_geometry,fiqa,0.2,0.682,0.4330797573445931,
bge-m3,scifact,reference_geometry,arguana,0.2,0.8151658767772512,0.4067721780366754,
bge-m3,scifact,reference_geometry,nfcorpus,0.2,0.6875,0.32239027662579695,
bge-m3,scifact,reference_geometry,fiqa,0.3,0.684,0.43215964410135926,
bge-m3,scifact,reference_geometry,arguana,0.3,0.8199052132701422,0.41110930137965995,
bge-m3,scifact,reference_geometry,nfcorpus,0.3,0.6875,0.32686150183829316,
bge-m3,scifact,reference_geometry,fiqa,0.5,0.684,0.42900596225801996,
bge-m3,scifact,reference_geometry,arguana,0.5,0.8293838862559242,0.41511892681954365,
bge-m3,scifact,reference_geometry,nfcorpus,0.5,0.6875,0.32271257568397066,
bge-m3,scifact,reference_geometry,fiqa,0.75,0.68,0.4237995341062043,
bge-m3,scifact,reference_geometry,arguana,0.75,0.8388625592417062,0.4221780124397697,
bge-m3,scifact,reference_geometry,nfcorpus,0.75,0.6666666666666666,0.3186411822509187,
bge-m3,scifact,reference_geometry,fiqa,1.0,0.664,0.40962689303239186,
bge-m3,scifact,reference_geometry,arguana,1.0,0.8388625592417062,0.42908979993804286,
bge-m3,scifact,reference_geometry,nfcorpus,1.0,0.6666666666666666,0.31083689945432647,
bge-m3,scifact,reference_geometry,macro,0.0,0.7298017377567141,0.38167055531070115,0.0
bge-m3,scifact,reference_geometry,macro,0.05,0.7304684044233808,0.38383917688482133,0.0
bge-m3,scifact,reference_geometry,macro,0.1,0.7295552922590837,0.38543777954706004,-0.004739336492891044
bge-m3,scifact,reference_geometry,macro,0.2,0.7282219589257504,0.38741407066902184,-0.004739336492891044
bge-m3,scifact,reference_geometry,macro,0.3,0.7304684044233808,0.3900434824397708,0.0
bge-m3,scifact,reference_geometry,macro,0.5,0.7336279620853081,0.3889458215871781,0.0
bge-m3,scifact,reference_geometry,macro,0.75,0.7285097419694576,0.3882062429322976,-0.02083333333333337
bge-m3,scifact,reference_geometry,macro,1.0,0.7231764086361242,0.38318453080825376,-0.02083333333333337
bge-m3,scifact,corpus_geometry,fiqa,0.0,0.682,0.4273856791388568,
bge-m3,scifact,corpus_geometry,arguana,0.0,0.8199052132701422,0.40211379978182504,
bge-m3,scifact,corpus_geometry,nfcorpus,0.0,0.6875,0.31551218701142164,
bge-m3,scifact,corpus_geometry,fiqa,0.05,0.684,0.4294469782614092,
bge-m3,scifact,corpus_geometry,arguana,0.05,0.8199052132701422,0.40374817772733607,
bge-m3,scifact,corpus_geometry,nfcorpus,0.05,0.6875,0.3176667178627453,
bge-m3,scifact,corpus_geometry,fiqa,0.1,0.686,0.4321918730940489,
bge-m3,scifact,corpus_geometry,arguana,0.1,0.8199052132701422,0.40580323681159336,
bge-m3,scifact,corpus_geometry,nfcorpus,0.1,0.6875,0.3197508633980955,
bge-m3,scifact,corpus_geometry,fiqa,0.2,0.684,0.43266007698337833,
bge-m3,scifact,corpus_geometry,arguana,0.2,0.8151658767772512,0.4070404288159066,
bge-m3,scifact,corpus_geometry,nfcorpus,0.2,0.6875,0.32246310222356184,
bge-m3,scifact,corpus_geometry,fiqa,0.3,0.684,0.43254505683074557,
bge-m3,scifact,corpus_geometry,arguana,0.3,0.8199052132701422,0.4102169410661434,
bge-m3,scifact,corpus_geometry,nfcorpus,0.3,0.6875,0.32677697919714527,
bge-m3,scifact,corpus_geometry,fiqa,0.5,0.682,0.4288362558682787,
bge-m3,scifact,corpus_geometry,arguana,0.5,0.8293838862559242,0.415247634917319,
bge-m3,scifact,corpus_geometry,nfcorpus,0.5,0.6875,0.32306999634785427,
bge-m3,scifact,corpus_geometry,fiqa,0.75,0.676,0.42294670387727806,
bge-m3,scifact,corpus_geometry,arguana,0.75,0.8341232227488151,0.4208080369595902,
bge-m3,scifact,corpus_geometry,nfcorpus,0.75,0.6666666666666666,0.3173604146960954,
bge-m3,scifact,corpus_geometry,fiqa,1.0,0.664,0.4106002639153103,
bge-m3,scifact,corpus_geometry,arguana,1.0,0.8341232227488151,0.42746184835548723,
bge-m3,scifact,corpus_geometry,nfcorpus,1.0,0.6666666666666666,0.3137405357359213,
bge-m3,scifact,corpus_geometry,macro,0.0,0.7298017377567141,0.38167055531070115,0.0
bge-m3,scifact,corpus_geometry,macro,0.05,0.7304684044233808,0.38362062461716356,0.0
bge-m3,scifact,corpus_geometry,macro,0.1,0.7311350710900474,0.3859153244345792,0.0
bge-m3,scifact,corpus_geometry,macro,0.2,0.7288886255924171,0.38738786934094893,-0.004739336492891044
bge-m3,scifact,corpus_geometry,macro,0.3,0.7304684044233808,0.3898463256980114,0.0
bge-m3,scifact,corpus_geometry,macro,0.5,0.7329612954186414,0.38905129571115066,0.0
bge-m3,scifact,corpus_geometry,macro,0.75,0.7255966298051605,0.3870383851776545,-0.02083333333333337
bge-m3,scifact,corpus_geometry,macro,1.0,0.7215966298051605,0.38393421600223965,-0.02083333333333337
bge-m3,nfcorpus,q_only,fiqa,0.0,0.682,0.4273856791388568,
bge-m3,nfcorpus,q_only,arguana,0.0,0.8199052132701422,0.40211379978182504,
bge-m3,nfcorpus,q_only,scifact,0.0,0.7777777777777778,0.6017979901608002,
bge-m3,nfcorpus,q_only,fiqa,0.05,0.684,0.4291351587471424,
bge-m3,nfcorpus,q_only,arguana,0.05,0.8199052132701422,0.4032360644581571,
bge-m3,nfcorpus,q_only,scifact,0.05,0.7777777777777778,0.6027718512905524,
bge-m3,nfcorpus,q_only,fiqa,0.1,0.686,0.4312310422203882,
bge-m3,nfcorpus,q_only,arguana,0.1,0.8151658767772512,0.4033599213837502,
bge-m3,nfcorpus,q_only,scifact,0.1,0.7777777777777778,0.6027718512905524,
bge-m3,nfcorpus,q_only,fiqa,0.2,0.688,0.4344036098161815,
bge-m3,nfcorpus,q_only,arguana,0.2,0.8151658767772512,0.4062042038559457,
bge-m3,nfcorpus,q_only,scifact,0.2,0.7777777777777778,0.6048238030130629,
bge-m3,nfcorpus,q_only,fiqa,0.3,0.684,0.4319538193926121,
bge-m3,nfcorpus,q_only,arguana,0.3,0.8151658767772512,0.4079285363939938,
bge-m3,nfcorpus,q_only,scifact,0.3,0.8,0.6127879867518294,
bge-m3,nfcorpus,q_only,fiqa,0.5,0.68,0.42842770506011163,
bge-m3,nfcorpus,q_only,arguana,0.5,0.8246445497630331,0.41590692028500803,
bge-m3,nfcorpus,q_only,scifact,0.5,0.8222222222222222,0.6335512274293826,
bge-m3,nfcorpus,q_only,fiqa,0.75,0.68,0.42536501846426394,
bge-m3,nfcorpus,q_only,arguana,0.75,0.8388625592417062,0.42390632297149167,
bge-m3,nfcorpus,q_only,scifact,0.75,0.8222222222222222,0.633740818405388,
bge-m3,nfcorpus,q_only,fiqa,1.0,0.666,0.4113831678165847,
bge-m3,nfcorpus,q_only,arguana,1.0,0.8341232227488151,0.42641931500254765,
bge-m3,nfcorpus,q_only,scifact,1.0,0.8222222222222222,0.6293661474356657,
bge-m3,nfcorpus,q_only,macro,0.0,0.7598943303493066,0.477099156360494,0.0
bge-m3,nfcorpus,q_only,macro,0.05,0.7605609970159734,0.47838102483195066,0.0
bge-m3,nfcorpus,q_only,macro,0.1,0.7596478848516762,0.47912093829823027,-0.004739336492891044
bge-m3,nfcorpus,q_only,macro,0.2,0.760314551518343,0.48181053889506337,-0.004739336492891044
bge-m3,nfcorpus,q_only,macro,0.3,0.766388625592417,0.48422344751281177,-0.004739336492891044
bge-m3,nfcorpus,q_only,macro,0.5,0.7756222573284184,0.49262861759150073,-0.0020000000000000018
bge-m3,nfcorpus,q_only,macro,0.75,0.7803615938213095,0.49433738661371446,-0.0020000000000000018
bge-m3,nfcorpus,q_only,macro,1.0,0.7741151483236791,0.4890562100849327,-0.016000000000000014
bge-m3,nfcorpus,reference_geometry,fiqa,0.0,0.682,0.4273856791388568,
bge-m3,nfcorpus,reference_geometry,arguana,0.0,0.8199052132701422,0.40211379978182504,
bge-m3,nfcorpus,reference_geometry,scifact,0.0,0.7777777777777778,0.6017979901608002,
bge-m3,nfcorpus,reference_geometry,fiqa,0.05,0.684,0.42917793842992347,
bge-m3,nfcorpus,reference_geometry,arguana,0.05,0.8199052132701422,0.40317360886236403,
bge-m3,nfcorpus,reference_geometry,scifact,0.05,0.7777777777777778,0.6027718512905524,
bge-m3,nfcorpus,reference_geometry,fiqa,0.1,0.686,0.43120042828062244,
bge-m3,nfcorpus,reference_geometry,arguana,0.1,0.8151658767772512,0.40326063277207175,
bge-m3,nfcorpus,reference_geometry,scifact,0.1,0.7777777777777778,0.6027718512905524,
bge-m3,nfcorpus,reference_geometry,fiqa,0.2,0.688,0.4343502459716754,
bge-m3,nfcorpus,reference_geometry,arguana,0.2,0.8151658767772512,0.40675631225618136,
bge-m3,nfcorpus,reference_geometry,scifact,0.2,0.8,0.6112474658201271,
bge-m3,nfcorpus,reference_geometry,fiqa,0.3,0.686,0.4324214360108599,
bge-m3,nfcorpus,reference_geometry,arguana,0.3,0.8151658767772512,0.4079285363939938,
bge-m3,nfcorpus,reference_geometry,scifact,0.3,0.8,0.617503950415033,
bge-m3,nfcorpus,reference_geometry,fiqa,0.5,0.678,0.4284131096353344,
bge-m3,nfcorpus,reference_geometry,arguana,0.5,0.8246445497630331,0.41503275333016126,
bge-m3,nfcorpus,reference_geometry,scifact,0.5,0.8444444444444444,0.6413430133694464,
bge-m3,nfcorpus,reference_geometry,fiqa,0.75,0.682,0.42653695562018107,
bge-m3,nfcorpus,reference_geometry,arguana,0.75,0.8341232227488151,0.42268158739712497,
bge-m3,nfcorpus,reference_geometry,scifact,0.75,0.8,0.6315767339986021,
bge-m3,nfcorpus,reference_geometry,fiqa,1.0,0.668,0.4134759009217028,
bge-m3,nfcorpus,reference_geometry,arguana,1.0,0.8341232227488151,0.4275380104748857,
bge-m3,nfcorpus,reference_geometry,scifact,1.0,0.8222222222222222,0.6318120530411967,
bge-m3,nfcorpus,reference_geometry,macro,0.0,0.7598943303493066,0.477099156360494,0.0
bge-m3,nfcorpus,reference_geometry,macro,0.05,0.7605609970159734,0.47837446619428,0.0
bge-m3,nfcorpus,reference_geometry,macro,0.1,0.7596478848516762,0.47907763744774884,-0.004739336492891044
bge-m3,nfcorpus,reference_geometry,macro,0.2,0.7677219589257503,0.4841180080159946,-0.004739336492891044
bge-m3,nfcorpus,reference_geometry,macro,0.3,0.7670552922590836,0.4859513076066289,-0.004739336492891044
bge-m3,nfcorpus,reference_geometry,macro,0.5,0.7823629980691592,0.4949296254449807,-0.0040000000000000036
bge-m3,nfcorpus,reference_geometry,macro,0.75,0.772041074249605,0.4935984256719694,0.0
bge-m3,nfcorpus,reference_geometry,macro,1.0,0.7747818149903457,0.4909419881459283,-0.014000000000000012
bge-m3,nfcorpus,corpus_geometry,fiqa,0.0,0.682,0.4273856791388568,
bge-m3,nfcorpus,corpus_geometry,arguana,0.0,0.8199052132701422,0.40211379978182504,
bge-m3,nfcorpus,corpus_geometry,scifact,0.0,0.7777777777777778,0.6017979901608002,
bge-m3,nfcorpus,corpus_geometry,fiqa,0.05,0.686,0.42982201841870415,
bge-m3,nfcorpus,corpus_geometry,arguana,0.05,0.8199052132701422,0.4032360644581571,
bge-m3,nfcorpus,corpus_geometry,scifact,0.05,0.7777777777777778,0.6027718512905524,
bge-m3,nfcorpus,corpus_geometry,fiqa,0.1,0.686,0.4309754593256079,
bge-m3,nfcorpus,corpus_geometry,arguana,0.1,0.8151658767772512,0.40355301290186535,
bge-m3,nfcorpus,corpus_geometry,scifact,0.1,0.7777777777777778,0.6034528650711418,
bge-m3,nfcorpus,corpus_geometry,fiqa,0.2,0.688,0.4343011637300275,
bge-m3,nfcorpus,corpus_geometry,arguana,0.2,0.8104265402843602,0.4057867167069001,
bge-m3,nfcorpus,corpus_geometry,scifact,0.2,0.8,0.6112474658201271,
bge-m3,nfcorpus,corpus_geometry,fiqa,0.3,0.686,0.43289938412676443,
bge-m3,nfcorpus,corpus_geometry,arguana,0.3,0.8151658767772512,0.40796897048840247,
bge-m3,nfcorpus,corpus_geometry,scifact,0.3,0.8,0.6145944003356674,
bge-m3,nfcorpus,corpus_geometry,fiqa,0.5,0.68,0.4281910310493147,
bge-m3,nfcorpus,corpus_geometry,arguana,0.5,0.8246445497630331,0.414792739154113,
bge-m3,nfcorpus,corpus_geometry,scifact,0.5,0.8222222222222222,0.6238176059167401,
bge-m3,nfcorpus,corpus_geometry,fiqa,0.75,0.68,0.42465495465662956,
bge-m3,nfcorpus,corpus_geometry,arguana,0.75,0.8341232227488151,0.42214960018010594,
bge-m3,nfcorpus,corpus_geometry,scifact,0.75,0.8,0.6229780961546878,
bge-m3,nfcorpus,corpus_geometry,fiqa,1.0,0.668,0.41264729771027087,
bge-m3,nfcorpus,corpus_geometry,arguana,1.0,0.8388625592417062,0.427866350062011,
bge-m3,nfcorpus,corpus_geometry,scifact,1.0,0.8222222222222222,0.6234229592838304,
bge-m3,nfcorpus,corpus_geometry,macro,0.0,0.7598943303493066,0.477099156360494,0.0
bge-m3,nfcorpus,corpus_geometry,macro,0.05,0.7612276636826399,0.4786099780558046,0.0
bge-m3,nfcorpus,corpus_geometry,macro,0.1,0.7596478848516762,0.4793271124328717,-0.004739336492891044
bge-m3,nfcorpus,corpus_geometry,macro,0.2,0.7661421800947869,0.4837784487523516,-0.009478672985781977
bge-m3,nfcorpus,corpus_geometry,macro,0.3,0.7670552922590836,0.4851542516502781,-0.004739336492891044
bge-m3,nfcorpus,corpus_geometry,macro,0.5,0.7756222573284184,0.4889337920400559,-0.0020000000000000018
bge-m3,nfcorpus,corpus_geometry,macro,0.75,0.7713744075829384,0.48992755033047447,-0.0020000000000000018
bge-m3,nfcorpus,corpus_geometry,macro,1.0,0.7763615938213094,0.48797886901870413,-0.014000000000000012
e5,fiqa,q_only,arguana,0.0,0.6492890995260664,0.32373421882194015,
e5,fiqa,q_only,scifact,0.0,0.8666666666666667,0.6825344475029602,
e5,fiqa,q_only,nfcorpus,0.0,0.7291666666666666,0.30037938794317726,
e5,fiqa,q_only,arguana,0.05,0.6682464454976303,0.33173919228851023,
e5,fiqa,q_only,scifact,0.05,0.8444444444444444,0.6803607459273547,
e5,fiqa,q_only,nfcorpus,0.05,0.7291666666666666,0.3005950703298818,
e5,fiqa,q_only,arguana,0.1,0.6919431279620853,0.3450818559552978,
e5,fiqa,q_only,scifact,0.1,0.8444444444444444,0.6803607459273547,
e5,fiqa,q_only,nfcorpus,0.1,0.7291666666666666,0.3022401901248057,
e5,fiqa,q_only,arguana,0.2,0.7345971563981043,0.3679936194329124,
e5,fiqa,q_only,scifact,0.2,0.8444444444444444,0.6828751279888093,
e5,fiqa,q_only,nfcorpus,0.2,0.7291666666666666,0.3019146801327892,
e5,fiqa,q_only,arguana,0.3,0.7582938388625592,0.3844245610509363,
e5,fiqa,q_only,scifact,0.3,0.8444444444444444,0.6910766890205547,
e5,fiqa,q_only,nfcorpus,0.3,0.7291666666666666,0.3001565370784076,
e5,fiqa,q_only,arguana,0.5,0.8246445497630331,0.4196524291272759,
e5,fiqa,q_only,scifact,0.5,0.8444444444444444,0.6949400922434485,
e5,fiqa,q_only,nfcorpus,0.5,0.7083333333333334,0.295436400208218,
e5,fiqa,q_only,arguana,0.75,0.8388625592417062,0.4368105925094386,
e5,fiqa,q_only,scifact,0.75,0.8444444444444444,0.6840724479464477,
e5,fiqa,q_only,nfcorpus,0.75,0.6875,0.29082322022855117,
e5,fiqa,q_only,arguana,1.0,0.8483412322274881,0.44366206910803185,
e5,fiqa,q_only,scifact,1.0,0.8444444444444444,0.6775056034511852,
e5,fiqa,q_only,nfcorpus,1.0,0.6875,0.2894643346586858,
e5,fiqa,q_only,macro,0.0,0.7483741442864665,0.4355493514226925,0.0
e5,fiqa,q_only,macro,0.05,0.7472858522029138,0.4375650028485823,-0.022222222222222254
e5,fiqa,q_only,macro,0.1,0.755184746357732,0.44256093066915275,-0.022222222222222254
e5,fiqa,q_only,macro,0.2,0.769402755836405,0.450927809184837,-0.022222222222222254
e5,fiqa,q_only,macro,0.3,0.7773016499912234,0.4585525957166329,-0.022222222222222254
e5,fiqa,q_only,macro,0.5,0.7924741091802704,0.4700096405263141,-0.022222222222222254
e5,fiqa,q_only,macro,0.75,0.7902690012287169,0.47056875356147915,-0.04166666666666663
e5,fiqa,q_only,macro,1.0,0.7934285588906441,0.47021066907263426,-0.04166666666666663
e5,fiqa,reference_geometry,arguana,0.0,0.6492890995260664,0.32373421882194015,
e5,fiqa,reference_geometry,scifact,0.0,0.8666666666666667,0.6825344475029602,
e5,fiqa,reference_geometry,nfcorpus,0.0,0.7291666666666666,0.30037938794317726,
e5,fiqa,reference_geometry,arguana,0.05,0.6682464454976303,0.33173919228851023,
e5,fiqa,reference_geometry,scifact,0.05,0.8444444444444444,0.6803607459273547,
e5,fiqa,reference_geometry,nfcorpus,0.05,0.7291666666666666,0.30054020709539353,
e5,fiqa,reference_geometry,arguana,0.1,0.6919431279620853,0.3450818559552978,
e5,fiqa,reference_geometry,scifact,0.1,0.8444444444444444,0.6803607459273547,
e5,fiqa,reference_geometry,nfcorpus,0.1,0.7291666666666666,0.3021583943324258,
e5,fiqa,reference_geometry,arguana,0.2,0.7345971563981043,0.368050326396638,
e5,fiqa,reference_geometry,scifact,0.2,0.8444444444444444,0.681334607057107,
e5,fiqa,reference_geometry,nfcorpus,0.2,0.7291666666666666,0.30401202169306957,
e5,fiqa,reference_geometry,arguana,0.3,0.7630331753554502,0.3854659894129803,
e5,fiqa,reference_geometry,scifact,0.3,0.8444444444444444,0.690755913884516,
e5,fiqa,reference_geometry,nfcorpus,0.3,0.7083333333333334,0.30009035569727555,
e5,fiqa,reference_geometry,arguana,0.5,0.8199052132701422,0.41807860645939005,
e5,fiqa,reference_geometry,scifact,0.5,0.8222222222222222,0.6885164294363845,
e5,fiqa,reference_geometry,nfcorpus,0.5,0.7083333333333334,0.29984037431175703,
e5,fiqa,reference_geometry,arguana,0.75,0.8436018957345972,0.4388237561444714,
e5,fiqa,reference_geometry,scifact,0.75,0.8444444444444444,0.6840724479464477,
e5,fiqa,reference_geometry,nfcorpus,0.75,0.7083333333333334,0.29702277287192114,
e5,fiqa,reference_geometry,arguana,1.0,0.8483412322274881,0.4450027812254146,
e5,fiqa,reference_geometry,scifact,1.0,0.8444444444444444,0.6854412718307951,
e5,fiqa,reference_geometry,nfcorpus,1.0,0.6666666666666666,0.2878281400882785,
e5,fiqa,reference_geometry,macro,0.0,0.7483741442864665,0.4355493514226925,0.0
e5,fiqa,reference_geometry,macro,0.05,0.7472858522029138,0.43754671510375287,-0.022222222222222254
e5,fiqa,reference_geometry,macro,0.1,0.755184746357732,0.4425336654050261,-0.022222222222222254
e5,fiqa,reference_geometry,macro,0.2,0.769402755836405,0.4511323183822715,-0.022222222222222254
e5,fiqa,reference_geometry,macro,0.3,0.7719369843777427,0.45877075299825726,-0.022222222222222254
e5,fiqa,reference_geometry,macro,0.5,0.7834869229418993,0.46881180340251055,-0.04444444444444451
e5,fiqa,reference_geometry,macro,0.75,0.798793224504125,0.47330632565428016,-0.022222222222222254
e5,fiqa,reference_geometry,macro,1.0,0.7864841144461997,0.4727573977148294,-0.0625
e5,fiqa,corpus_geometry,arguana,0.0,0.6492890995260664,0.32373421882194015,
e5,fiqa,corpus_geometry,scifact,0.0,0.8666666666666667,0.6825344475029602,
e5,fiqa,corpus_geometry,nfcorpus,0.0,0.7291666666666666,0.30037938794317726,
e5,fiqa,corpus_geometry,arguana,0.05,0.6682464454976303,0.33173919228851023,
e5,fiqa,corpus_geometry,scifact,0.05,0.8444444444444444,0.6803607459273547,
e5,fiqa,corpus_geometry,nfcorpus,0.05,0.7291666666666666,0.3005950703298818,
e5,fiqa,corpus_geometry,arguana,0.1,0.6919431279620853,0.3457023761144042,
e5,fiqa,corpus_geometry,scifact,0.1,0.8444444444444444,0.6803607459273547,
e5,fiqa,corpus_geometry,nfcorpus,0.1,0.7291666666666666,0.30229505335929396,
e5,fiqa,corpus_geometry,arguana,0.2,0.7345971563981043,0.36820131493451835,
e5,fiqa,corpus_geometry,scifact,0.2,0.8444444444444444,0.6828751279888093,
e5,fiqa,corpus_geometry,nfcorpus,0.2,0.7291666666666666,0.3033178488675149,
e5,fiqa,corpus_geometry,arguana,0.3,0.7582938388625592,0.3841230626428938,
e5,fiqa,corpus_geometry,scifact,0.3,0.8444444444444444,0.6939862390999205,
e5,fiqa,corpus_geometry,nfcorpus,0.3,0.7291666666666666,0.3032029628790443,
e5,fiqa,corpus_geometry,arguana,0.5,0.8151658767772512,0.41826233246387984,
e5,fiqa,corpus_geometry,scifact,0.5,0.8444444444444444,0.695205984895584,
e5,fiqa,corpus_geometry,nfcorpus,0.5,0.7083333333333334,0.29838698153810894,
e5,fiqa,corpus_geometry,arguana,0.75,0.8436018957345972,0.4391845480331359,
e5,fiqa,corpus_geometry,scifact,0.75,0.8666666666666667,0.6909481058885615,
e5,fiqa,corpus_geometry,nfcorpus,0.75,0.7083333333333334,0.29584499220334787,
e5,fiqa,corpus_geometry,arguana,1.0,0.8483412322274881,0.4439442064354999,
e5,fiqa,corpus_geometry,scifact,1.0,0.8444444444444444,0.6866810256126827,
e5,fiqa,corpus_geometry,nfcorpus,1.0,0.6875,0.2932386370826759,
e5,fiqa,corpus_geometry,macro,0.0,0.7483741442864665,0.4355493514226925,0.0
e5,fiqa,corpus_geometry,macro,0.05,0.7472858522029138,0.4375650028485823,-0.022222222222222254
e5,fiqa,corpus_geometry,macro,0.1,0.755184746357732,0.44278605846701763,-0.022222222222222254
e5,fiqa,corpus_geometry,macro,0.2,0.769402755836405,0.4514647639302809,-0.022222222222222254
e5,fiqa,corpus_geometry,macro,0.3,0.7773016499912234,0.4604374215406195,-0.022222222222222254
e5,fiqa,corpus_geometry,macro,0.5,0.7893145515183431,0.47061843296585765,-0.022222222222222254
e5,fiqa,corpus_geometry,macro,0.75,0.8062006319115325,0.47532588204168175,-0.02083333333333326
e5,fiqa,corpus_geometry,macro,1.0,0.7934285588906441,0.47462128971028616,-0.04166666666666663
e5,arguana,q_only,fiqa,0.0,0.704,0.42412732443157086,
e5,arguana,q_only,scifact,0.0,0.8666666666666667,0.6825344475029602,
e5,arguana,q_only,nfcorpus,0.0,0.7291666666666666,0.30037938794317726,
e5,arguana,q_only,fiqa,0.05,0.708,0.42577695538575333,
e5,arguana,q_only,scifact,0.05,0.8666666666666667,0.6857917274153923,
e5,arguana,q_only,nfcorpus,0.05,0.7291666666666666,0.30037006174056063,
e5,arguana,q_only,fiqa,0.1,0.71,0.43282056587011514,
e5,arguana,q_only,scifact,0.1,0.8444444444444444,0.6796797321467655,
e5,arguana,q_only,nfcorpus,0.1,0.7291666666666666,0.30192411784505474,
e5,arguana,q_only,fiqa,0.2,0.71,0.4395618273475224,
e5,arguana,q_only,scifact,0.2,0.8444444444444444,0.6793248818339164,
e5,arguana,q_only,nfcorpus,0.2,0.7291666666666666,0.2990585083939079,
e5,arguana,q_only,fiqa,0.3,0.71,0.4436080909467387,
e5,arguana,q_only,scifact,0.3,0.8444444444444444,0.6819685777195704,
e5,arguana,q_only,nfcorpus,0.3,0.7291666666666666,0.3030544296043894,
e5,arguana,q_only,fiqa,0.5,0.728,0.4490555914381815,
e5,arguana,q_only,scifact,0.5,0.8444444444444444,0.6971753765543274,
e5,arguana,q_only,nfcorpus,0.5,0.7291666666666666,0.310305487646947,
e5,arguana,q_only,fiqa,0.75,0.714,0.4440182235380071,
e5,arguana,q_only,scifact,0.75,0.8444444444444444,0.68340364430333,
e5,arguana,q_only,nfcorpus,0.75,0.7083333333333334,0.3120659013629983,
e5,arguana,q_only,fiqa,1.0,0.702,0.4326443605429001,
e5,arguana,q_only,scifact,1.0,0.8666666666666667,0.6944445499234078,
e5,arguana,q_only,nfcorpus,1.0,0.7083333333333334,0.3071885330813788,
e5,arguana,q_only,macro,0.0,0.7666111111111111,0.46901371995923613,0.0
e5,arguana,q_only,macro,0.05,0.7679444444444444,0.4706462481805687,0.0
e5,arguana,q_only,macro,0.1,0.7612037037037037,0.4714748052873117,-0.022222222222222254
e5,arguana,q_only,macro,0.2,0.7612037037037037,0.47264840585844886,-0.022222222222222254
e5,arguana,q_only,macro,0.3,0.7612037037037037,0.4762103660902328,-0.022222222222222254
e5,arguana,q_only,macro,0.5,0.7672037037037036,0.4855121518798186,-0.022222222222222254
e5,arguana,q_only,macro,0.75,0.7555925925925927,0.4798292564014451,-0.022222222222222254
e5,arguana,q_only,macro,1.0,0.759,0.4780924811825622,-0.02083333333333326
e5,arguana,reference_geometry,fiqa,0.0,0.704,0.42412732443157086,
e5,arguana,reference_geometry,scifact,0.0,0.8666666666666667,0.6825344475029602,
e5,arguana,reference_geometry,nfcorpus,0.0,0.7291666666666666,0.30037938794317726,
e5,arguana,reference_geometry,fiqa,0.05,0.708,0.42661133682508545,
e5,arguana,reference_geometry,scifact,0.05,0.8666666666666667,0.6857917274153923,
e5,arguana,reference_geometry,nfcorpus,0.05,0.7291666666666666,0.3002295440600826,
e5,arguana,reference_geometry,fiqa,0.1,0.71,0.43224875031534643,
e5,arguana,reference_geometry,scifact,0.1,0.8444444444444444,0.6796797321467655,
e5,arguana,reference_geometry,nfcorpus,0.1,0.7291666666666666,0.30192411784505474,
e5,arguana,reference_geometry,fiqa,0.2,0.71,0.43871782623113276,
e5,arguana,reference_geometry,scifact,0.2,0.8444444444444444,0.6792160876729308,
e5,arguana,reference_geometry,nfcorpus,0.2,0.7291666666666666,0.30299566263672334,
e5,arguana,reference_geometry,fiqa,0.3,0.71,0.4423767044105633,
e5,arguana,reference_geometry,scifact,0.3,0.8444444444444444,0.6814602698579105,
e5,arguana,reference_geometry,nfcorpus,0.3,0.7291666666666666,0.3053976575705453,
e5,arguana,reference_geometry,fiqa,0.5,0.728,0.44808582760642834,
e5,arguana,reference_geometry,scifact,0.5,0.8444444444444444,0.6879870119204105,
e5,arguana,reference_geometry,nfcorpus,0.5,0.7291666666666666,0.310305487646947,
e5,arguana,reference_geometry,fiqa,0.75,0.71,0.44214758671526955,
e5,arguana,reference_geometry,scifact,0.75,0.8666666666666667,0.6895065319743554,
e5,arguana,reference_geometry,nfcorpus,0.75,0.7083333333333334,0.31390478676679895,
e5,arguana,reference_geometry,fiqa,1.0,0.698,0.4307690818549126,
e5,arguana,reference_geometry,scifact,1.0,0.8444444444444444,0.6798193260845982,
e5,arguana,reference_geometry,nfcorpus,1.0,0.7083333333333334,0.30792422156769267,
e5,arguana,reference_geometry,macro,0.0,0.7666111111111111,0.46901371995923613,0.0
e5,arguana,reference_geometry,macro,0.05,0.7679444444444444,0.47087753610018684,0.0
e5,arguana,reference_geometry,macro,0.1,0.7612037037037037,0.47128420010238886,-0.022222222222222254
e5,arguana,reference_geometry,macro,0.2,0.7612037037037037,0.47364319218026235,-0.022222222222222254
e5,arguana,reference_geometry,macro,0.3,0.7612037037037037,0.47641154394633967,-0.022222222222222254
e5,arguana,reference_geometry,macro,0.5,0.7672037037037036,0.4821261090579285,-0.022222222222222254
e5,arguana,reference_geometry,macro,0.75,0.7616666666666667,0.48185296848547465,-0.02083333333333326
e5,arguana,reference_geometry,macro,1.0,0.7502592592592593,0.47283754316906784,-0.022222222222222254
e5,arguana,corpus_geometry,fiqa,0.0,0.704,0.42412732443157086,
e5,arguana,corpus_geometry,scifact,0.0,0.8666666666666667,0.6825344475029602,
e5,arguana,corpus_geometry,nfcorpus,0.0,0.7291666666666666,0.30037938794317726,
e5,arguana,corpus_geometry,fiqa,0.05,0.708,0.4265858086859414,
e5,arguana,corpus_geometry,scifact,0.05,0.8666666666666667,0.6857917274153923,
e5,arguana,corpus_geometry,nfcorpus,0.05,0.7291666666666666,0.30037006174056063,
e5,arguana,corpus_geometry,fiqa,0.1,0.71,0.43347340084777336,
e5,arguana,corpus_geometry,scifact,0.1,0.8444444444444444,0.6796797321467655,
e5,arguana,corpus_geometry,nfcorpus,0.1,0.7291666666666666,0.30192411784505474,
e5,arguana,corpus_geometry,fiqa,0.2,0.71,0.4393175057437276,
e5,arguana,corpus_geometry,scifact,0.2,0.8444444444444444,0.6792160876729308,
e5,arguana,corpus_geometry,nfcorpus,0.2,0.7291666666666666,0.3040032307496288,
e5,arguana,corpus_geometry,fiqa,0.3,0.712,0.44342529821525634,
e5,arguana,corpus_geometry,scifact,0.3,0.8444444444444444,0.6848781277989361,
e5,arguana,corpus_geometry,nfcorpus,0.3,0.7291666666666666,0.30461788276768176,
e5,arguana,corpus_geometry,fiqa,0.5,0.716,0.44600882798214264,
e5,arguana,corpus_geometry,scifact,0.5,0.8444444444444444,0.6874332945908795,
e5,arguana,corpus_geometry,nfcorpus,0.5,0.7291666666666666,0.31042245700211496,
e5,arguana,corpus_geometry,fiqa,0.75,0.706,0.4409827453900633,
e5,arguana,corpus_geometry,scifact,0.75,0.8444444444444444,0.6830828691672912,
e5,arguana,corpus_geometry,nfcorpus,0.75,0.7083333333333334,0.3095366431309736,
e5,arguana,corpus_geometry,fiqa,1.0,0.692,0.4269644476353805,
e5,arguana,corpus_geometry,scifact,1.0,0.8444444444444444,0.6778612434650929,
e5,arguana,corpus_geometry,nfcorpus,1.0,0.7083333333333334,0.30564741499519327,
e5,arguana,corpus_geometry,macro,0.0,0.7666111111111111,0.46901371995923613,0.0
e5,arguana,corpus_geometry,macro,0.05,0.7679444444444444,0.4709158659472981,0.0
e5,arguana,corpus_geometry,macro,0.1,0.7612037037037037,0.47169241694653113,-0.022222222222222254
e5,arguana,corpus_geometry,macro,0.2,0.7612037037037037,0.47417894138876243,-0.022222222222222254
e5,arguana,corpus_geometry,macro,0.3,0.7618703703703703,0.47764043626062475,-0.022222222222222254
e5,arguana,corpus_geometry,macro,0.5,0.7632037037037036,0.4812881931917124,-0.022222222222222254
e5,arguana,corpus_geometry,macro,0.75,0.752925925925926,0.47786741922944276,-0.022222222222222254
e5,arguana,corpus_geometry,macro,1.0,0.7482592592592593,0.47015770203188895,-0.022222222222222254
e5,scifact,q_only,fiqa,0.0,0.704,0.42412732443157086,
e5,scifact,q_only,arguana,0.0,0.6492890995260664,0.32373421882194015,
e5,scifact,q_only,nfcorpus,0.0,0.7291666666666666,0.30037938794317726,
e5,scifact,q_only,fiqa,0.05,0.706,0.4265236663872759,
e5,scifact,q_only,arguana,0.05,0.6682464454976303,0.3311277472098246,
e5,scifact,q_only,nfcorpus,0.05,0.7291666666666666,0.30037006174056063,
e5,scifact,q_only,fiqa,0.1,0.71,0.43331572275755786,
e5,scifact,q_only,arguana,0.1,0.6824644549763034,0.34182726508441436,
e5,scifact,q_only,nfcorpus,0.1,0.7291666666666666,0.3017691265495761,
e5,scifact,q_only,fiqa,0.2,0.714,0.4393681029445614,
e5,scifact,q_only,arguana,0.2,0.7251184834123223,0.36304484697369405,
e5,scifact,q_only,nfcorpus,0.2,0.7291666666666666,0.30198147757908733,
e5,scifact,q_only,fiqa,0.3,0.712,0.4421287926964051,
e5,scifact,q_only,arguana,0.3,0.7725118483412322,0.3860692758738714,
e5,scifact,q_only,nfcorpus,0.3,0.7291666666666666,0.3068797613639025,
e5,scifact,q_only,fiqa,0.5,0.734,0.44885831033656837,
e5,scifact,q_only,arguana,0.5,0.8104265402843602,0.4106765914510205,
e5,scifact,q_only,nfcorpus,0.5,0.7291666666666666,0.3108212645703023,
e5,scifact,q_only,fiqa,0.75,0.716,0.4412730375052301,
e5,scifact,q_only,arguana,0.75,0.8246445497630331,0.4260982453156269,
e5,scifact,q_only,nfcorpus,0.75,0.7083333333333334,0.3115799511636498,
e5,scifact,q_only,fiqa,1.0,0.7,0.42778064547121997,
e5,scifact,q_only,arguana,1.0,0.8483412322274881,0.43763280959764356,
e5,scifact,q_only,nfcorpus,1.0,0.7083333333333334,0.3070242440412666,
e5,scifact,q_only,macro,0.0,0.6941519220642443,0.34941364373222944,0.0
e5,scifact,q_only,macro,0.05,0.7011377040547656,0.3526738251125537,0.0
e5,scifact,q_only,macro,0.1,0.70721037388099,0.3589707047971828,0.0
e5,scifact,q_only,macro,0.2,0.7227617166929963,0.36813147583244765,0.0
e5,scifact,q_only,macro,0.3,0.7378928383359663,0.37835927664472635,0.0
e5,scifact,q_only,macro,0.5,0.757864402317009,0.39011872211929705,0.0
e5,scifact,q_only,macro,0.75,0.7496592943654555,0.3929837446615023,-0.02083333333333326
e5,scifact,q_only,macro,1.0,0.7522248551869405,0.3908125663700434,-0.02083333333333326
e5,scifact,reference_geometry,fiqa,0.0,0.704,0.42412732443157086,
e5,scifact,reference_geometry,arguana,0.0,0.6492890995260664,0.32373421882194015,
e5,scifact,reference_geometry,nfcorpus,0.0,0.7291666666666666,0.30037938794317726,
e5,scifact,reference_geometry,fiqa,0.05,0.706,0.4265236663872759,
e5,scifact,reference_geometry,arguana,0.05,0.6682464454976303,0.3311277472098246,
e5,scifact,reference_geometry,nfcorpus,0.05,0.7291666666666666,0.30037006174056063,
e5,scifact,reference_geometry,fiqa,0.1,0.71,0.4333321444745985,
e5,scifact,reference_geometry,arguana,0.1,0.6872037914691943,0.3434187487105233,
e5,scifact,reference_geometry,nfcorpus,0.1,0.7291666666666666,0.3017691265495761,
e5,scifact,reference_geometry,fiqa,0.2,0.714,0.44007813022978415,
e5,scifact,reference_geometry,arguana,0.2,0.7251184834123223,0.3634544893448384,
e5,scifact,reference_geometry,nfcorpus,0.2,0.7291666666666666,0.3018577856406769,
e5,scifact,reference_geometry,fiqa,0.3,0.712,0.4428603862366178,
e5,scifact,reference_geometry,arguana,0.3,0.7725118483412322,0.38598459124568374,
e5,scifact,reference_geometry,nfcorpus,0.3,0.7291666666666666,0.3070080549707401,
e5,scifact,reference_geometry,fiqa,0.5,0.734,0.4497199669965316,
e5,scifact,reference_geometry,arguana,0.5,0.8104265402843602,0.4103703986769034,
e5,scifact,reference_geometry,nfcorpus,0.5,0.7083333333333334,0.3048487954353892,
e5,scifact,reference_geometry,fiqa,0.75,0.718,0.4423502605117031,
e5,scifact,reference_geometry,arguana,0.75,0.8246445497630331,0.42643680817189666,
e5,scifact,reference_geometry,nfcorpus,0.75,0.7083333333333334,0.3111617553089598,
e5,scifact,reference_geometry,fiqa,1.0,0.696,0.4269676515031009,
e5,scifact,reference_geometry,arguana,1.0,0.8483412322274881,0.4366699843890857,
e5,scifact,reference_geometry,nfcorpus,1.0,0.7083333333333334,0.30571561155197097,
e5,scifact,reference_geometry,macro,0.0,0.6941519220642443,0.34941364373222944,0.0
e5,scifact,reference_geometry,macro,0.05,0.7011377040547656,0.3526738251125537,0.0
e5,scifact,reference_geometry,macro,0.1,0.7087901527119537,0.3595066732448993,0.0
e5,scifact,reference_geometry,macro,0.2,0.7227617166929963,0.3684634684050998,0.0
e5,scifact,reference_geometry,macro,0.3,0.7378928383359663,0.3786176774843472,0.0
e5,scifact,reference_geometry,macro,0.5,0.7509199578725645,0.3883130537029414,-0.02083333333333326
e5,scifact,reference_geometry,macro,0.75,0.7503259610321221,0.3933162746641865,-0.02083333333333326
e5,scifact,reference_geometry,macro,1.0,0.7508915218536072,0.38978441581471923,-0.02083333333333326
e5,scifact,corpus_geometry,fiqa,0.0,0.704,0.42412732443157086,
e5,scifact,corpus_geometry,arguana,0.0,0.6492890995260664,0.32373421882194015,
e5,scifact,corpus_geometry,nfcorpus,0.0,0.7291666666666666,0.30037938794317726,
e5,scifact,corpus_geometry,fiqa,0.05,0.706,0.4273494543818107,
e5,scifact,corpus_geometry,arguana,0.05,0.6682464454976303,0.3311277472098246,
e5,scifact,corpus_geometry,nfcorpus,0.05,0.7291666666666666,0.30037006174056063,
e5,scifact,corpus_geometry,fiqa,0.1,0.71,0.43370802281517506,
e5,scifact,corpus_geometry,arguana,0.1,0.6824644549763034,0.34237732034847934,
e5,scifact,corpus_geometry,nfcorpus,0.1,0.7291666666666666,0.3017691265495761,
e5,scifact,corpus_geometry,fiqa,0.2,0.712,0.43941416588785115,
e5,scifact,corpus_geometry,arguana,0.2,0.7298578199052133,0.3654507336161919,
e5,scifact,corpus_geometry,nfcorpus,0.2,0.7291666666666666,0.3029890456919928,
e5,scifact,corpus_geometry,fiqa,0.3,0.714,0.44232983440954676,
e5,scifact,corpus_geometry,arguana,0.3,0.7725118483412322,0.3861539605020591,
e5,scifact,corpus_geometry,nfcorpus,0.3,0.7291666666666666,0.3104915050229015,
e5,scifact,corpus_geometry,fiqa,0.5,0.73,0.4490706034108077,
e5,scifact,corpus_geometry,arguana,0.5,0.8104265402843602,0.4111095489950818,
e5,scifact,corpus_geometry,nfcorpus,0.5,0.7291666666666666,0.30947848329386135,
e5,scifact,corpus_geometry,fiqa,0.75,0.716,0.4410183625480862,
e5,scifact,corpus_geometry,arguana,0.75,0.8199052132701422,0.42589415089254423,
e5,scifact,corpus_geometry,nfcorpus,0.75,0.7083333333333334,0.3084331783645519,
e5,scifact,corpus_geometry,fiqa,1.0,0.692,0.4224165339077855,
e5,scifact,corpus_geometry,arguana,1.0,0.8530805687203792,0.43829872731080877,
e5,scifact,corpus_geometry,nfcorpus,1.0,0.7083333333333334,0.30367833098453995,
e5,scifact,corpus_geometry,macro,0.0,0.6941519220642443,0.34941364373222944,0.0
e5,scifact,corpus_geometry,macro,0.05,0.7011377040547656,0.35294908777739864,0.0
e5,scifact,corpus_geometry,macro,0.1,0.70721037388099,0.35928482323774347,0.0
e5,scifact,corpus_geometry,macro,0.2,0.7236748288572933,0.36928464839867864,0.0
e5,scifact,corpus_geometry,macro,0.3,0.7385595050026329,0.37965843331150245,0.0
e5,scifact,corpus_geometry,macro,0.5,0.7565310689836756,0.3898862118999169,0.0
e5,scifact,corpus_geometry,macro,0.75,0.7480795155344918,0.39178189726839413,-0.02083333333333326
e5,scifact,corpus_geometry,macro,1.0,0.7511379673512376,0.3881311974010447,-0.02083333333333326
e5,nfcorpus,q_only,fiqa,0.0,0.704,0.42412732443157086,
e5,nfcorpus,q_only,arguana,0.0,0.6492890995260664,0.32373421882194015,
e5,nfcorpus,q_only,scifact,0.0,0.8666666666666667,0.6825344475029602,
e5,nfcorpus,q_only,fiqa,0.05,0.708,0.42743177703380186,
e5,nfcorpus,q_only,arguana,0.05,0.6682464454976303,0.330799200091689,
e5,nfcorpus,q_only,scifact,0.05,0.8444444444444444,0.6767701820673997,
e5,nfcorpus,q_only,fiqa,0.1,0.712,0.43447748869126795,
e5,nfcorpus,q_only,arguana,0.1,0.6872037914691943,0.34307638894806425,
e5,nfcorpus,q_only,scifact,0.1,0.8444444444444444,0.6796797321467655,
e5,nfcorpus,q_only,fiqa,0.2,0.71,0.43917579617952196,
e5,nfcorpus,q_only,arguana,0.2,0.7203791469194313,0.36236241532258545,
e5,nfcorpus,q_only,scifact,0.2,0.8444444444444444,0.6787077798112711,
e5,nfcorpus,q_only,fiqa,0.3,0.712,0.4405586783226333,
e5,nfcorpus,q_only,arguana,0.3,0.7630331753554502,0.383433464697373,
e5,nfcorpus,q_only,scifact,0.3,0.8444444444444444,0.6828695681711557,
e5,nfcorpus,q_only,fiqa,0.5,0.716,0.44581989204111,
e5,nfcorpus,q_only,arguana,0.5,0.8056872037914692,0.40774124939539225,
e5,nfcorpus,q_only,scifact,0.5,0.8666666666666667,0.6983070284090118,
e5,nfcorpus,q_only,fiqa,0.75,0.718,0.4435369663429812,
e5,nfcorpus,q_only,arguana,0.75,0.8293838862559242,0.4297217626860471,
e5,nfcorpus,q_only,scifact,0.75,0.8666666666666667,0.7005588010481062,
e5,nfcorpus,q_only,fiqa,1.0,0.702,0.42954703867718047,
e5,nfcorpus,q_only,arguana,1.0,0.8530805687203792,0.4410623293340577,
e5,nfcorpus,q_only,scifact,1.0,0.8666666666666667,0.691106917316714,
e5,nfcorpus,q_only,macro,0.0,0.7399852553975776,0.4767986635854904,0.0
e5,nfcorpus,q_only,macro,0.05,0.7402302966473583,0.47833371973096356,-0.022222222222222254
e5,nfcorpus,q_only,macro,0.1,0.7478827453045462,0.4857445365953659,-0.022222222222222254
e5,nfcorpus,q_only,macro,0.2,0.7582745304546252,0.49341533043779284,-0.022222222222222254
e5,nfcorpus,q_only,macro,0.3,0.7731592065999648,0.5022872370637207,-0.022222222222222254
e5,nfcorpus,q_only,macro,0.5,0.7961179568193786,0.5172893899485047,0.0
e5,nfcorpus,q_only,macro,0.75,0.8046835176408637,0.5246058433590449,0.0
e5,nfcorpus,q_only,macro,1.0,0.8072490784623486,0.5205720951093173,-0.0020000000000000018
e5,nfcorpus,reference_geometry,fiqa,0.0,0.704,0.42412732443157086,
e5,nfcorpus,reference_geometry,arguana,0.0,0.6492890995260664,0.32373421882194015,
e5,nfcorpus,reference_geometry,scifact,0.0,0.8666666666666667,0.6825344475029602,
e5,nfcorpus,reference_geometry,fiqa,0.05,0.708,0.4274630471618155,
e5,nfcorpus,reference_geometry,arguana,0.05,0.6682464454976303,0.3311277472098246,
e5,nfcorpus,reference_geometry,scifact,0.05,0.8444444444444444,0.6767701820673997,
e5,nfcorpus,reference_geometry,fiqa,0.1,0.714,0.43470765894380337,
e5,nfcorpus,reference_geometry,arguana,0.1,0.6872037914691943,0.34306011607874737,
e5,nfcorpus,reference_geometry,scifact,0.1,0.8444444444444444,0.6796797321467655,
e5,nfcorpus,reference_geometry,fiqa,0.2,0.708,0.4388741812301498,
e5,nfcorpus,reference_geometry,arguana,0.2,0.7203791469194313,0.36243082708145635,
e5,nfcorpus,reference_geometry,scifact,0.2,0.8444444444444444,0.6787077798112711,
e5,nfcorpus,reference_geometry,fiqa,0.3,0.71,0.44022825624043244,
e5,nfcorpus,reference_geometry,arguana,0.3,0.7582938388625592,0.3819749562751061,
e5,nfcorpus,reference_geometry,scifact,0.3,0.8444444444444444,0.6828695681711557,
e5,nfcorpus,reference_geometry,fiqa,0.5,0.718,0.44588920203183485,
e5,nfcorpus,reference_geometry,arguana,0.5,0.8104265402843602,0.4103419166130163,
e5,nfcorpus,reference_geometry,scifact,0.5,0.8666666666666667,0.697589176460804,
e5,nfcorpus,reference_geometry,fiqa,0.75,0.718,0.4440315134386951,
e5,nfcorpus,reference_geometry,arguana,0.75,0.8246445497630331,0.42918000286657987,
e5,nfcorpus,reference_geometry,scifact,0.75,0.8666666666666667,0.7002380259120673,
e5,nfcorpus,reference_geometry,fiqa,1.0,0.702,0.4293326626335254,
e5,nfcorpus,reference_geometry,arguana,1.0,0.8530805687203792,0.44081805975528704,
e5,nfcorpus,reference_geometry,scifact,1.0,0.8666666666666667,0.6938778901214576,
e5,nfcorpus,reference_geometry,macro,0.0,0.7399852553975776,0.4767986635854904,0.0
e5,nfcorpus,reference_geometry,macro,0.05,0.7402302966473583,0.47845365881301327,-0.022222222222222254
e5,nfcorpus,reference_geometry,macro,0.1,0.7485494119712129,0.4858158357231053,-0.022222222222222254
e5,nfcorpus,reference_geometry,macro,0.2,0.7576078637879586,0.4933375960409591,-0.022222222222222254
e5,nfcorpus,reference_geometry,macro,0.3,0.7709127611023345,0.5016909268955647,-0.022222222222222254
e5,nfcorpus,reference_geometry,macro,0.5,0.798364402317009,0.5179400983685517,0.0
e5,nfcorpus,reference_geometry,macro,0.75,0.8031037388098999,0.524483180739114,0.0
e5,nfcorpus,reference_geometry,macro,1.0,0.8072490784623486,0.5213428708367567,-0.0020000000000000018
e5,nfcorpus,corpus_geometry,fiqa,0.0,0.704,0.42412732443157086,
e5,nfcorpus,corpus_geometry,arguana,0.0,0.6492890995260664,0.32373421882194015,
e5,nfcorpus,corpus_geometry,scifact,0.0,0.8666666666666667,0.6825344475029602,
e5,nfcorpus,corpus_geometry,fiqa,0.05,0.708,0.42732886551272337,
e5,nfcorpus,corpus_geometry,arguana,0.05,0.6682464454976303,0.330799200091689,
e5,nfcorpus,corpus_geometry,scifact,0.05,0.8444444444444444,0.6764585145289624,
e5,nfcorpus,corpus_geometry,fiqa,0.1,0.714,0.43435868383863974,
e5,nfcorpus,corpus_geometry,arguana,0.1,0.6872037914691943,0.34359846654766707,
e5,nfcorpus,corpus_geometry,scifact,0.1,0.8444444444444444,0.6796797321467655,
e5,nfcorpus,corpus_geometry,fiqa,0.2,0.712,0.4395271291986521,
e5,nfcorpus,corpus_geometry,arguana,0.2,0.7203791469194313,0.36243082708145635,
e5,nfcorpus,corpus_geometry,scifact,0.2,0.8444444444444444,0.6787077798112711,
e5,nfcorpus,corpus_geometry,fiqa,0.3,0.712,0.441317129692517,
e5,nfcorpus,corpus_geometry,arguana,0.3,0.7630331753554502,0.38369786716270443,
e5,nfcorpus,corpus_geometry,scifact,0.3,0.8444444444444444,0.6828695681711557,
e5,nfcorpus,corpus_geometry,fiqa,0.5,0.714,0.4450534996622553,
e5,nfcorpus,corpus_geometry,arguana,0.5,0.8104265402843602,0.41093061079376103,
e5,nfcorpus,corpus_geometry,scifact,0.5,0.8666666666666667,0.7057907374925494,
e5,nfcorpus,corpus_geometry,fiqa,0.75,0.71,0.43905314731306383,
e5,nfcorpus,corpus_geometry,arguana,0.75,0.8199052132701422,0.4281708192750648,
e5,nfcorpus,corpus_geometry,scifact,0.75,0.8666666666666667,0.6969109141448987,
e5,nfcorpus,corpus_geometry,fiqa,1.0,0.702,0.4295501567194203,
e5,nfcorpus,corpus_geometry,arguana,1.0,0.8530805687203792,0.44128589061615775,
e5,nfcorpus,corpus_geometry,scifact,1.0,0.8666666666666667,0.6919198075019524,
e5,nfcorpus,corpus_geometry,macro,0.0,0.7399852553975776,0.4767986635854904,0.0
e5,nfcorpus,corpus_geometry,macro,0.05,0.7402302966473583,0.4781955267111249,-0.022222222222222254
e5,nfcorpus,corpus_geometry,macro,0.1,0.7485494119712129,0.48587896084435744,-0.022222222222222254
e5,nfcorpus,corpus_geometry,macro,0.2,0.7589411971212919,0.4935552453637932,-0.022222222222222254
e5,nfcorpus,corpus_geometry,macro,0.3,0.7731592065999648,0.5026281883421256,-0.022222222222222254
e5,nfcorpus,corpus_geometry,macro,0.5,0.7970310689836756,0.5205916159828553,0.0
e5,nfcorpus,corpus_geometry,macro,0.75,0.7988572933122696,0.5213782935776757,0.0
e5,nfcorpus,corpus_geometry,macro,1.0,0.8072490784623486,0.5209186182791768,-0.0020000000000000018
